-- MySQL dump 10.13  Distrib 5.7.12, for Win32 (AMD64)
--
-- Host: 127.0.0.1    Database: zwoshop
-- ------------------------------------------------------
-- Server version	5.5.53

/*!40101 SET @OLD_CHARACTER_SET_CLIENT=@@CHARACTER_SET_CLIENT */;
/*!40101 SET @OLD_CHARACTER_SET_RESULTS=@@CHARACTER_SET_RESULTS */;
/*!40101 SET @OLD_COLLATION_CONNECTION=@@COLLATION_CONNECTION */;
/*!40101 SET NAMES utf8 */;
/*!40103 SET @OLD_TIME_ZONE=@@TIME_ZONE */;
/*!40103 SET TIME_ZONE='+00:00' */;
/*!40014 SET @OLD_UNIQUE_CHECKS=@@UNIQUE_CHECKS, UNIQUE_CHECKS=0 */;
/*!40014 SET @OLD_FOREIGN_KEY_CHECKS=@@FOREIGN_KEY_CHECKS, FOREIGN_KEY_CHECKS=0 */;
/*!40101 SET @OLD_SQL_MODE=@@SQL_MODE, SQL_MODE='NO_AUTO_VALUE_ON_ZERO' */;
/*!40111 SET @OLD_SQL_NOTES=@@SQL_NOTES, SQL_NOTES=0 */;

--
-- Table structure for table `ad_advertisment`
--

DROP TABLE IF EXISTS `ad_advertisment`;
/*!40101 SET @saved_cs_client     = @@character_set_client */;
/*!40101 SET character_set_client = utf8 */;
CREATE TABLE `ad_advertisment` (
  `ID` varchar(32) NOT NULL,
  `NAME` varchar(45) DEFAULT NULL COMMENT '名称',
  `SORT` int(11) NOT NULL AUTO_INCREMENT,
  `AD_POSTION_ID` varchar(32) DEFAULT NULL COMMENT '广告位置ID',
  `DESCRIPTION` varchar(45) DEFAULT NULL,
  `START_TIME` timestamp NULL DEFAULT NULL COMMENT '广告开始时间',
  `END_TIME` timestamp NULL DEFAULT NULL COMMENT '结束时间',
  `ICON` varchar(120) DEFAULT NULL COMMENT '上传广告图片',
  `URL` varchar(120) DEFAULT NULL COMMENT '图片网址',
  `DISABLED` int(11) DEFAULT NULL COMMENT '是否禁用，0表示可用，1表示禁用',
  PRIMARY KEY (`ID`),
  KEY `SORTINDEX` (`SORT`)
) ENGINE=InnoDB DEFAULT CHARSET=utf8 COMMENT='具体广告，必须先定义一个广告位置，然后再使用广告';
/*!40101 SET character_set_client = @saved_cs_client */;

--
-- Dumping data for table `ad_advertisment`
--

LOCK TABLES `ad_advertisment` WRITE;
/*!40000 ALTER TABLE `ad_advertisment` DISABLE KEYS */;
/*!40000 ALTER TABLE `ad_advertisment` ENABLE KEYS */;
UNLOCK TABLES;

--
-- Table structure for table `ad_assets`
--

DROP TABLE IF EXISTS `ad_assets`;
/*!40101 SET @saved_cs_client     = @@character_set_client */;
/*!40101 SET character_set_client = utf8 */;
CREATE TABLE `ad_assets` (
  `ID` varchar(32) NOT NULL,
  `NAME` varchar(45) DEFAULT NULL COMMENT '名称',
  `SORT` int(11) NOT NULL AUTO_INCREMENT,
  `PATH` varchar(1200) DEFAULT NULL COMMENT '路径',
  `URL` varchar(1200) DEFAULT NULL COMMENT '地址',
  `ADVERTISEMENT_ID` varchar(32) DEFAULT NULL COMMENT '广告的外键ID，它没有关联到广告，而是一个类似于傀儡，这样做的好处是。',
  `REAL_ADVERTISEMENT_ID` varchar(32) DEFAULT NULL COMMENT '真实的外键',
  PRIMARY KEY (`ID`),
  KEY `SORTINDEX` (`SORT`),
  KEY `FK_AD_ASSETS_ADVERTISEMENT_idx` (`REAL_ADVERTISEMENT_ID`)
) ENGINE=MyISAM DEFAULT CHARSET=utf8 COMMENT='广告附件,上传附件的时候，先插入ADVERTISEMENT_ID';
/*!40101 SET character_set_client = @saved_cs_client */;

--
-- Dumping data for table `ad_assets`
--

LOCK TABLES `ad_assets` WRITE;
/*!40000 ALTER TABLE `ad_assets` DISABLE KEYS */;
/*!40000 ALTER TABLE `ad_assets` ENABLE KEYS */;
UNLOCK TABLES;

--
-- Table structure for table `ad_postion`
--

DROP TABLE IF EXISTS `ad_postion`;
/*!40101 SET @saved_cs_client     = @@character_set_client */;
/*!40101 SET character_set_client = utf8 */;
CREATE TABLE `ad_postion` (
  `ID` varchar(32) NOT NULL,
  `NAME` varchar(45) DEFAULT NULL COMMENT '名称',
  `SORT` int(11) NOT NULL AUTO_INCREMENT,
  `PR_CATEGORY_ID` varchar(32) DEFAULT NULL COMMENT '商品种类ID',
  `DESCRIPTION` varchar(45) DEFAULT NULL,
  `TYPE` int(11) DEFAULT NULL COMMENT '广告类型先分两种，一种是头部轮播图，值为0，一种是插入滚动图，值为1，每个种类头部轮播图只有一个，但是滚动图有多个',
  PRIMARY KEY (`ID`),
  KEY `SORTINDEX` (`SORT`)
) ENGINE=InnoDB DEFAULT CHARSET=utf8 COMMENT='广告位置';
/*!40101 SET character_set_client = @saved_cs_client */;

--
-- Dumping data for table `ad_postion`
--

LOCK TABLES `ad_postion` WRITE;
/*!40000 ALTER TABLE `ad_postion` DISABLE KEYS */;
/*!40000 ALTER TABLE `ad_postion` ENABLE KEYS */;
UNLOCK TABLES;

--
-- Table structure for table `cms_assets`
--

DROP TABLE IF EXISTS `cms_assets`;
/*!40101 SET @saved_cs_client     = @@character_set_client */;
/*!40101 SET character_set_client = utf8 */;
CREATE TABLE `cms_assets` (
  `ID` varchar(32) NOT NULL COMMENT 'id标志符',
  `EN_NAME` varchar(120) DEFAULT NULL COMMENT '英文名称',
  `NAME` varchar(120) DEFAULT NULL COMMENT '名称',
  `ORG_ID` varchar(32) DEFAULT NULL COMMENT '组织结构表ID，该字段用于过滤数据，不做外键关联',
  `CREATE_DATE` timestamp NULL DEFAULT CURRENT_TIMESTAMP COMMENT '创建日期',
  `UPDATE_DATE` timestamp NULL DEFAULT NULL COMMENT '更新日期',
  `IS_DISABLE` tinyint(1) DEFAULT '1' COMMENT '是否可用',
  `CREATOR` varchar(120) DEFAULT NULL COMMENT '创建人',
  `UPDATER` varchar(120) DEFAULT NULL COMMENT '更新人',
  `PATH` varchar(1200) DEFAULT NULL COMMENT '路径',
  `ICON` varchar(120) DEFAULT NULL COMMENT '图标',
  `CODE` varchar(120) DEFAULT NULL COMMENT '代码',
  `KEYWORDS` varchar(120) DEFAULT NULL COMMENT '关键字',
  `DESCRIPTION` varchar(1200) DEFAULT NULL COMMENT '描述',
  `THUMBNAIL` varchar(1200) DEFAULT NULL COMMENT '缩略图',
  `SORT` int(11) NOT NULL AUTO_INCREMENT COMMENT '排序',
  `URL` varchar(1200) DEFAULT NULL COMMENT '地址',
  `IP` varchar(32) DEFAULT NULL COMMENT 'IP',
  PRIMARY KEY (`ID`),
  KEY `SORT_INDEX` (`SORT`)
) ENGINE=InnoDB DEFAULT CHARSET=utf8;
/*!40101 SET character_set_client = @saved_cs_client */;

--
-- Dumping data for table `cms_assets`
--

LOCK TABLES `cms_assets` WRITE;
/*!40000 ALTER TABLE `cms_assets` DISABLE KEYS */;
/*!40000 ALTER TABLE `cms_assets` ENABLE KEYS */;
UNLOCK TABLES;

--
-- Table structure for table `cms_channel`
--

DROP TABLE IF EXISTS `cms_channel`;
/*!40101 SET @saved_cs_client     = @@character_set_client */;
/*!40101 SET character_set_client = utf8 */;
CREATE TABLE `cms_channel` (
  `ID` varchar(32) NOT NULL COMMENT 'id标志符',
  `EN_NAME` varchar(120) DEFAULT NULL COMMENT '英文名称',
  `NAME` varchar(120) DEFAULT NULL COMMENT '名称',
  `ORG_ID` varchar(32) DEFAULT NULL COMMENT '组织结构表ID，该字段用于过滤数据，不做外键关联',
  `CREATE_DATE` timestamp NULL DEFAULT CURRENT_TIMESTAMP COMMENT '创建日期',
  `UPDATE_DATE` timestamp NULL DEFAULT NULL COMMENT '更新日期',
  `IS_TOOIC` tinyint(1) DEFAULT NULL COMMENT '是否为专题',
  `IS_DISABLE` tinyint(1) DEFAULT '1' COMMENT '是否可用，0表示可用，1表示禁用',
  `CREATOR` varchar(120) DEFAULT NULL COMMENT '创建人',
  `UPDATER` varchar(120) DEFAULT NULL COMMENT '更新人',
  `PATH` varchar(120) DEFAULT NULL COMMENT '路径',
  `ICON` varchar(120) DEFAULT NULL COMMENT '图标',
  `PARENT_ID` varchar(32) DEFAULT NULL COMMENT '父类ID',
  `PARENTIDS` varchar(320) DEFAULT NULL COMMENT '父类IDS',
  `CODE` varchar(120) DEFAULT NULL COMMENT '代码',
  `KEYWORDS` varchar(120) DEFAULT NULL COMMENT '关键字',
  `DESCRIPTION` varchar(120) DEFAULT NULL COMMENT '描述',
  `THUMBNAIL` varchar(120) DEFAULT NULL COMMENT '缩略图',
  `SORT` int(11) NOT NULL AUTO_INCREMENT COMMENT '排序',
  `CHANNEL_TEMPLATE` varchar(1200) DEFAULT NULL COMMENT '频道模板路径',
  `MCHANNEL_TEMPLATE` varchar(1200) DEFAULT NULL COMMENT '移动频道模板路径',
  `JSP_TEMPLATE` varchar(1200) DEFAULT NULL COMMENT 'JSP模板路径',
  `MOBILE_JSP_TEMPLATE` varchar(1200) DEFAULT NULL COMMENT '手机端JSP模板',
  `FREEMARKER_TEMPLATE` varchar(1200) DEFAULT NULL COMMENT 'FREEMARKER静态模板',
  `MOBILE_FREEMARKER_TEMPLATE` varchar(1200) DEFAULT NULL COMMENT '手机端FREEMARKER静态模板',
  `DOC_JSP_TEMPLATE` varchar(1200) DEFAULT NULL COMMENT '文档JSP模板路径',
  `DOC_MOBILE__JSP_TEMPLATE` varchar(1200) DEFAULT NULL COMMENT '文档手机端JSP模板路基',
  `DOC_FREEMARKER_TEMPLATE` varchar(1200) DEFAULT NULL COMMENT '文档FREEMARKER静态模板',
  `DOC_MOBILE_FREEMARKER_TEMPLATE` varchar(120) DEFAULT NULL COMMENT '文档手机端FREEMARKER静态模板',
  PRIMARY KEY (`ID`),
  KEY `SORT_INDEX` (`SORT`),
  KEY `FK_CHANNEL_CHANNEL_idx` (`PARENT_ID`),
  CONSTRAINT `FK_CHANNEL_CHANNEL` FOREIGN KEY (`PARENT_ID`) REFERENCES `cms_channel` (`ID`) ON DELETE CASCADE ON UPDATE CASCADE
) ENGINE=InnoDB DEFAULT CHARSET=utf8;
/*!40101 SET character_set_client = @saved_cs_client */;

--
-- Dumping data for table `cms_channel`
--

LOCK TABLES `cms_channel` WRITE;
/*!40000 ALTER TABLE `cms_channel` DISABLE KEYS */;
/*!40000 ALTER TABLE `cms_channel` ENABLE KEYS */;
UNLOCK TABLES;

--
-- Table structure for table `cms_comment`
--

DROP TABLE IF EXISTS `cms_comment`;
/*!40101 SET @saved_cs_client     = @@character_set_client */;
/*!40101 SET character_set_client = utf8 */;
CREATE TABLE `cms_comment` (
  `ID` varchar(32) NOT NULL COMMENT 'id标志符',
  `MEMBER_ID` varchar(32) DEFAULT NULL COMMENT '组织结构表ID，该字段用于过滤数据，不做外键关联',
  `CREATE_DATE` timestamp NULL DEFAULT CURRENT_TIMESTAMP COMMENT '创建日期',
  `UPDATE_DATE` timestamp NULL DEFAULT NULL COMMENT '更新日期',
  `IS_DISABLE` tinyint(1) DEFAULT '1' COMMENT '是否可用，0为可用，1表示不可用',
  `CREATOR` varchar(120) DEFAULT NULL COMMENT '创建人',
  `UPDATER` varchar(120) DEFAULT NULL COMMENT '更新人',
  `PATH` varchar(1200) DEFAULT NULL COMMENT '路径',
  `MOBILE_FREEMARKER_TEMPLATE` varchar(1200) DEFAULT NULL COMMENT '手机端FREEMARKER静态模板',
  `ICON` varchar(120) DEFAULT NULL COMMENT '图标',
  `PARENT_ID` varchar(32) DEFAULT NULL COMMENT '父类ID',
  `PARENTIDS` varchar(3200) DEFAULT NULL COMMENT '父类IDS',
  `SORT` int(11) NOT NULL AUTO_INCREMENT COMMENT '排序',
  `CMS_DOCUMENT_ID` varchar(32) DEFAULT NULL,
  `CONTENT` varchar(120) DEFAULT NULL,
  PRIMARY KEY (`ID`),
  KEY `SORT_INDEX` (`SORT`),
  KEY `FK_COMMENT_DOCUMENT_idx` (`CMS_DOCUMENT_ID`),
  KEY `FK_COMMENT_COMMENT_idx` (`PARENT_ID`),
  CONSTRAINT `FK_COMMENT_COMMENT` FOREIGN KEY (`PARENT_ID`) REFERENCES `cms_comment` (`ID`) ON DELETE CASCADE ON UPDATE CASCADE,
  CONSTRAINT `FK_COMMENT_DOCUMENT` FOREIGN KEY (`CMS_DOCUMENT_ID`) REFERENCES `cms_document` (`ID`) ON DELETE CASCADE ON UPDATE CASCADE
) ENGINE=InnoDB DEFAULT CHARSET=utf8;
/*!40101 SET character_set_client = @saved_cs_client */;

--
-- Dumping data for table `cms_comment`
--

LOCK TABLES `cms_comment` WRITE;
/*!40000 ALTER TABLE `cms_comment` DISABLE KEYS */;
/*!40000 ALTER TABLE `cms_comment` ENABLE KEYS */;
UNLOCK TABLES;

--
-- Table structure for table `cms_document`
--

DROP TABLE IF EXISTS `cms_document`;
/*!40101 SET @saved_cs_client     = @@character_set_client */;
/*!40101 SET character_set_client = utf8 */;
CREATE TABLE `cms_document` (
  `ID` varchar(32) NOT NULL COMMENT 'id标志符',
  `NAME` varchar(120) DEFAULT NULL COMMENT '名称',
  `USER_ID` varchar(32) DEFAULT NULL COMMENT '用户ID，不做外键关联',
  `CREATE_DATE` timestamp NULL DEFAULT CURRENT_TIMESTAMP COMMENT '创建日期',
  `UPDATE_DATE` timestamp NULL DEFAULT NULL COMMENT '更新日期',
  `IS_TOOIC` tinyint(1) DEFAULT NULL COMMENT '是否为专题',
  `IS_DISABLE` tinyint(1) DEFAULT '1' COMMENT '是否可用',
  `CREATOR` varchar(120) DEFAULT NULL COMMENT '创建人',
  `UPDATER` varchar(120) DEFAULT NULL COMMENT '更新人',
  `PATH` varchar(1200) DEFAULT NULL COMMENT '路径',
  `ICON` varchar(120) DEFAULT NULL COMMENT '图标',
  `CODE` varchar(120) DEFAULT NULL COMMENT '代码',
  `KEYWORDS` varchar(120) DEFAULT NULL COMMENT '关键字',
  `DESCRIPTION` varchar(1200) DEFAULT NULL COMMENT '描述',
  `THUMBNAIL` varchar(1200) DEFAULT NULL COMMENT '缩略图',
  `SORT` int(11) NOT NULL AUTO_INCREMENT COMMENT '排序',
  `CHANNEL_TEMPLATE` varchar(1200) DEFAULT NULL COMMENT '频道模板路径',
  `MCHANNEL_TEMPLATE` varchar(1200) DEFAULT NULL COMMENT '移动频道模板路径',
  `TITLE_EN` varchar(120) DEFAULT NULL COMMENT '英文标题',
  `TITLE` varchar(120) DEFAULT NULL COMMENT '标题',
  `SUB_TITLE_EN` varchar(120) DEFAULT NULL COMMENT '英文副标题',
  `SUB_TITLE` varchar(120) DEFAULT NULL COMMENT '副标题',
  `CONTENT` text COMMENT '内容',
  `TO_INDEX` tinyint(1) DEFAULT '0' COMMENT '是否推荐到首页',
  `TO_CHANNEL_INDEX` tinyint(1) DEFAULT '0' COMMENT '是否推荐到频道首页',
  `CMS_CHANNEL_ID` varchar(45) DEFAULT NULL,
  `AUTHOR` varchar(45) DEFAULT NULL COMMENT '作者',
  PRIMARY KEY (`ID`),
  KEY `SORT_INDEX` (`SORT`),
  KEY `FK_DOCUMENT_CHANNEL_idx` (`CMS_CHANNEL_ID`),
  CONSTRAINT `FK_DOCUMENT_CHANNEL` FOREIGN KEY (`CMS_CHANNEL_ID`) REFERENCES `cms_channel` (`ID`) ON DELETE CASCADE ON UPDATE CASCADE
) ENGINE=InnoDB DEFAULT CHARSET=utf8;
/*!40101 SET character_set_client = @saved_cs_client */;

--
-- Dumping data for table `cms_document`
--

LOCK TABLES `cms_document` WRITE;
/*!40000 ALTER TABLE `cms_document` DISABLE KEYS */;
/*!40000 ALTER TABLE `cms_document` ENABLE KEYS */;
UNLOCK TABLES;

--
-- Table structure for table `group_purcse`
--

DROP TABLE IF EXISTS `group_purcse`;
/*!40101 SET @saved_cs_client     = @@character_set_client */;
/*!40101 SET character_set_client = utf8 */;
CREATE TABLE `group_purcse` (
  `ID` varchar(32) NOT NULL,
  `NAME` varchar(120) DEFAULT NULL COMMENT '名称即为商品名称',
  `CREATE_DATE` timestamp NULL DEFAULT CURRENT_TIMESTAMP COMMENT '创建日期',
  `UPDATE_DATE` timestamp NULL DEFAULT NULL COMMENT '更新日期',
  `DISABLE` tinyint(1) DEFAULT '0' COMMENT '是否禁用',
  `DESCRIPTION` varchar(1200) DEFAULT NULL COMMENT '描述',
  `MEMEBER_ID` varchar(120) DEFAULT NULL COMMENT '会员ID',
  `SORT` int(11) NOT NULL AUTO_INCREMENT COMMENT '排序',
  `PRODUCT_ID` varchar(120) DEFAULT NULL,
  `NUMBER_COUNT` int(11) DEFAULT '2' COMMENT '默认开团人数',
  `EXPIRED_TIME` datetime DEFAULT NULL COMMENT '过期时间',
  `MEMBER_NAME` varchar(45) DEFAULT NULL COMMENT '会员名称',
  `MEMBER_ICON` varchar(250) DEFAULT NULL,
  `MEMBER_OPEN_ID` varchar(120) DEFAULT NULL,
  PRIMARY KEY (`ID`),
  KEY `SORTINDEX` (`SORT`),
  KEY `FK_GROUP_PURCSE_MEMBER_idx` (`MEMEBER_ID`),
  KEY `FK_GROUP_PURCSE_PRODUCT_idx` (`PRODUCT_ID`),
  CONSTRAINT `FK_GROUP_PURCSE_MEMBER` FOREIGN KEY (`MEMEBER_ID`) REFERENCES `member` (`ID`) ON DELETE CASCADE ON UPDATE CASCADE,
  CONSTRAINT `FK_GROUP_PURCSE_PRODUCT` FOREIGN KEY (`PRODUCT_ID`) REFERENCES `pr_product` (`ID`) ON DELETE CASCADE ON UPDATE CASCADE
) ENGINE=InnoDB AUTO_INCREMENT=44 DEFAULT CHARSET=utf8 COMMENT='开团表';
/*!40101 SET character_set_client = @saved_cs_client */;

--
-- Dumping data for table `group_purcse`
--

LOCK TABLES `group_purcse` WRITE;
/*!40000 ALTER TABLE `group_purcse` DISABLE KEYS */;
INSERT INTO `group_purcse` VALUES ('027355643cba4095a4da68ea906a42fa',NULL,'2017-09-20 00:54:41','2017-09-22 11:32:26',0,NULL,'150270323164192',42,'c6dd09184e7d4f8ab7b9d96edbaf3595',2,'2017-09-22 08:54:40','huangjixin','http://wx.qlogo.cn/mmopen/z2JphiaeYdpf3r6Lxr1icDaiajHGGSI5SkOOtGbIJo5h8eSt2NiaBHtpWOpuvsrPpCRtZKov3iacScRyicErrzEUlHcrvibNfRlMRae/0',NULL),('09b40275f72f410c9397b86c13fad8db',NULL,'2017-09-19 13:37:34','2017-09-22 11:32:26',0,NULL,'150270323164192',12,'c6dd09184e7d4f8ab7b9d96edbaf3595',2,'2017-09-21 21:37:34','huangjixin','http://wx.qlogo.cn/mmopen/z2JphiaeYdpf3r6Lxr1icDaiajHGGSI5SkOOtGbIJo5h8eSt2NiaBHtpWOpuvsrPpCRtZKov3iacScRyicErrzEUlHcrvibNfRlMRae/0',NULL),('1127d1d788474d14b9cc7ecb89106430',NULL,'2017-09-19 14:04:12','2017-09-22 11:32:26',0,NULL,'150270323164192',20,'c6dd09184e7d4f8ab7b9d96edbaf3595',2,'2017-09-21 22:04:12','huangjixin','http://wx.qlogo.cn/mmopen/z2JphiaeYdpf3r6Lxr1icDaiajHGGSI5SkOOtGbIJo5h8eSt2NiaBHtpWOpuvsrPpCRtZKov3iacScRyicErrzEUlHcrvibNfRlMRae/0',NULL),('1dfac4c45bb3432e9bb2242c54842f86',NULL,'2017-09-19 14:38:03','2017-09-22 11:32:26',0,NULL,'150270323164192',27,'c6dd09184e7d4f8ab7b9d96edbaf3595',2,'2017-09-21 22:38:03','huangjixin','http://wx.qlogo.cn/mmopen/z2JphiaeYdpf3r6Lxr1icDaiajHGGSI5SkOOtGbIJo5h8eSt2NiaBHtpWOpuvsrPpCRtZKov3iacScRyicErrzEUlHcrvibNfRlMRae/0',NULL),('21bd2cf905534e8480aba784a64edb4c',NULL,'2017-09-19 14:21:36','2017-09-22 11:32:26',0,NULL,'150270323164192',25,'c6dd09184e7d4f8ab7b9d96edbaf3595',2,'2017-09-21 22:21:36','huangjixin','http://wx.qlogo.cn/mmopen/z2JphiaeYdpf3r6Lxr1icDaiajHGGSI5SkOOtGbIJo5h8eSt2NiaBHtpWOpuvsrPpCRtZKov3iacScRyicErrzEUlHcrvibNfRlMRae/0',NULL),('244faf7cf5324a908ce69ee2cf4134f0',NULL,'2017-09-19 10:44:40','2017-09-22 11:32:26',0,NULL,'150270323164192',7,'c6dd09184e7d4f8ab7b9d96edbaf3595',2,'2017-09-21 18:44:40','huangjixin','http://wx.qlogo.cn/mmopen/z2JphiaeYdpf3r6Lxr1icDaiajHGGSI5SkOOtGbIJo5h8eSt2NiaBHtpWOpuvsrPpCRtZKov3iacScRyicErrzEUlHcrvibNfRlMRae/0',NULL),('307db68f3d1b4e44a817d633f9fdde26',NULL,'2017-09-19 13:13:00','2017-09-22 11:32:26',0,NULL,'150270323164192',11,'c6dd09184e7d4f8ab7b9d96edbaf3595',2,'2017-09-21 21:13:00','huangjixin','http://wx.qlogo.cn/mmopen/z2JphiaeYdpf3r6Lxr1icDaiajHGGSI5SkOOtGbIJo5h8eSt2NiaBHtpWOpuvsrPpCRtZKov3iacScRyicErrzEUlHcrvibNfRlMRae/0',NULL),('398ebb303341435f8b7b0eef2fe99b1d',NULL,'2017-09-19 15:13:48','2017-09-22 11:32:26',0,NULL,'150270323164192',35,'c6dd09184e7d4f8ab7b9d96edbaf3595',2,'2017-09-21 23:13:48','huangjixin','http://wx.qlogo.cn/mmopen/z2JphiaeYdpf3r6Lxr1icDaiajHGGSI5SkOOtGbIJo5h8eSt2NiaBHtpWOpuvsrPpCRtZKov3iacScRyicErrzEUlHcrvibNfRlMRae/0',NULL),('39d3b219486741259bf6b6b690577d4d',NULL,'2017-09-19 14:14:37','2017-09-22 11:32:26',0,NULL,'150270323164192',23,'c6dd09184e7d4f8ab7b9d96edbaf3595',2,'2017-09-21 22:14:36','huangjixin','http://wx.qlogo.cn/mmopen/z2JphiaeYdpf3r6Lxr1icDaiajHGGSI5SkOOtGbIJo5h8eSt2NiaBHtpWOpuvsrPpCRtZKov3iacScRyicErrzEUlHcrvibNfRlMRae/0',NULL),('432c4a845f504720bbeff3e2ef5c8941',NULL,'2017-09-19 23:56:54','2017-09-22 11:32:26',0,NULL,'150270323164192',38,'c6dd09184e7d4f8ab7b9d96edbaf3595',2,'2017-09-22 07:56:54','huangjixin','http://wx.qlogo.cn/mmopen/z2JphiaeYdpf3r6Lxr1icDaiajHGGSI5SkOOtGbIJo5h8eSt2NiaBHtpWOpuvsrPpCRtZKov3iacScRyicErrzEUlHcrvibNfRlMRae/0',NULL),('4783d7b8fc6744d1b3a8265168386e51',NULL,'2017-09-19 15:16:10','2017-09-22 11:32:26',0,NULL,'150270323164192',36,'c6dd09184e7d4f8ab7b9d96edbaf3595',2,'2017-09-21 23:16:10','huangjixin','http://wx.qlogo.cn/mmopen/z2JphiaeYdpf3r6Lxr1icDaiajHGGSI5SkOOtGbIJo5h8eSt2NiaBHtpWOpuvsrPpCRtZKov3iacScRyicErrzEUlHcrvibNfRlMRae/0',NULL),('47920b8823cc42079cca72fa4246457d',NULL,'2017-09-20 00:53:15','2017-09-22 11:32:26',0,NULL,'150270323164192',41,'c6dd09184e7d4f8ab7b9d96edbaf3595',2,'2017-09-22 08:53:15','huangjixin','http://wx.qlogo.cn/mmopen/z2JphiaeYdpf3r6Lxr1icDaiajHGGSI5SkOOtGbIJo5h8eSt2NiaBHtpWOpuvsrPpCRtZKov3iacScRyicErrzEUlHcrvibNfRlMRae/0',NULL),('4cefa711d67f4a418e0831c5e79825e8',NULL,'2017-09-19 23:59:01','2017-09-22 11:32:26',0,NULL,'150270323164192',40,'c6dd09184e7d4f8ab7b9d96edbaf3595',2,'2017-09-22 07:59:01','huangjixin','http://wx.qlogo.cn/mmopen/z2JphiaeYdpf3r6Lxr1icDaiajHGGSI5SkOOtGbIJo5h8eSt2NiaBHtpWOpuvsrPpCRtZKov3iacScRyicErrzEUlHcrvibNfRlMRae/0',NULL),('57e7b4f45dff40a08c457e004bc32636',NULL,'2017-09-19 14:08:22','2017-09-22 11:32:26',0,NULL,'150270323164192',21,'c6dd09184e7d4f8ab7b9d96edbaf3595',2,'2017-09-21 22:08:22','huangjixin','http://wx.qlogo.cn/mmopen/z2JphiaeYdpf3r6Lxr1icDaiajHGGSI5SkOOtGbIJo5h8eSt2NiaBHtpWOpuvsrPpCRtZKov3iacScRyicErrzEUlHcrvibNfRlMRae/0',NULL),('58e94222c5a64863891c6e3930dcde23',NULL,'2017-09-19 14:09:38','2017-09-22 11:32:26',0,NULL,'150270323164192',22,'c6dd09184e7d4f8ab7b9d96edbaf3595',2,'2017-09-21 22:09:38','huangjixin','http://wx.qlogo.cn/mmopen/z2JphiaeYdpf3r6Lxr1icDaiajHGGSI5SkOOtGbIJo5h8eSt2NiaBHtpWOpuvsrPpCRtZKov3iacScRyicErrzEUlHcrvibNfRlMRae/0',NULL),('5a9f7c8a79a3467faf58406046dc102d',NULL,'2017-09-19 13:44:01','2017-09-22 11:32:26',0,NULL,'150270323164192',14,'99fda1d4bd0f4b7ebc596cc393688590',2,'2017-09-21 21:44:01','huangjixin','http://wx.qlogo.cn/mmopen/z2JphiaeYdpf3r6Lxr1icDaiajHGGSI5SkOOtGbIJo5h8eSt2NiaBHtpWOpuvsrPpCRtZKov3iacScRyicErrzEUlHcrvibNfRlMRae/0',NULL),('5f8816df0e724bd0841373d7b98d01c3',NULL,'2017-09-19 15:03:45','2017-09-22 11:32:26',0,NULL,'150270323164192',32,'c6dd09184e7d4f8ab7b9d96edbaf3595',2,'2017-09-21 23:03:45','huangjixin','http://wx.qlogo.cn/mmopen/z2JphiaeYdpf3r6Lxr1icDaiajHGGSI5SkOOtGbIJo5h8eSt2NiaBHtpWOpuvsrPpCRtZKov3iacScRyicErrzEUlHcrvibNfRlMRae/0',NULL),('6990f9bdbc164e03879e62094ae803b2',NULL,'2017-09-16 12:02:51','2017-09-22 11:32:26',0,NULL,'150270323164192',2,'99fda1d4bd0f4b7ebc596cc393688590',2,'2017-09-18 20:02:20',NULL,'http://wx.qlogo.cn/mmopen/z2JphiaeYdpf3r6Lxr1icDaiajHGGSI5SkOOtGbIJo5h8eSt2NiaBHtpWOpuvsrPpCRtZKov3iacScRyicErrzEUlHcrvibNfRlMRae/0',NULL),('763c55cbe93647ef9570d3099a18fffd',NULL,'2017-09-19 10:32:35','2017-09-22 11:32:26',0,NULL,'150270323164192',6,'c6dd09184e7d4f8ab7b9d96edbaf3595',2,'2017-09-21 18:32:35','huangjixin','http://wx.qlogo.cn/mmopen/z2JphiaeYdpf3r6Lxr1icDaiajHGGSI5SkOOtGbIJo5h8eSt2NiaBHtpWOpuvsrPpCRtZKov3iacScRyicErrzEUlHcrvibNfRlMRae/0',NULL),('7d09d1e864d5458bb3b330976731649f',NULL,'2017-09-19 13:44:25','2017-09-22 11:32:26',0,NULL,'150270323164192',15,'c6dd09184e7d4f8ab7b9d96edbaf3595',2,'2017-09-21 21:44:25','huangjixin','http://wx.qlogo.cn/mmopen/z2JphiaeYdpf3r6Lxr1icDaiajHGGSI5SkOOtGbIJo5h8eSt2NiaBHtpWOpuvsrPpCRtZKov3iacScRyicErrzEUlHcrvibNfRlMRae/0',NULL),('838c793e972e47ba936a7eb4a9af9874',NULL,'2017-09-19 14:03:00','2017-09-22 11:32:26',0,NULL,'150270323164192',19,'c6dd09184e7d4f8ab7b9d96edbaf3595',2,'2017-09-21 22:03:00','huangjixin','http://wx.qlogo.cn/mmopen/z2JphiaeYdpf3r6Lxr1icDaiajHGGSI5SkOOtGbIJo5h8eSt2NiaBHtpWOpuvsrPpCRtZKov3iacScRyicErrzEUlHcrvibNfRlMRae/0',NULL),('84fe8b5d81be489fb4eb70f7ce2eb9dd',NULL,'2017-09-19 13:55:10','2017-09-22 11:32:26',0,NULL,'150270323164192',17,'c6dd09184e7d4f8ab7b9d96edbaf3595',2,'2017-09-21 21:55:10','huangjixin','http://wx.qlogo.cn/mmopen/z2JphiaeYdpf3r6Lxr1icDaiajHGGSI5SkOOtGbIJo5h8eSt2NiaBHtpWOpuvsrPpCRtZKov3iacScRyicErrzEUlHcrvibNfRlMRae/0',NULL),('8743a8e573d046b49ea49377d3bfb178',NULL,'2017-09-19 14:32:50','2017-09-22 11:32:26',0,NULL,'150270323164192',26,'c6dd09184e7d4f8ab7b9d96edbaf3595',2,'2017-09-21 22:32:50','huangjixin','http://wx.qlogo.cn/mmopen/z2JphiaeYdpf3r6Lxr1icDaiajHGGSI5SkOOtGbIJo5h8eSt2NiaBHtpWOpuvsrPpCRtZKov3iacScRyicErrzEUlHcrvibNfRlMRae/0',NULL),('888f24aa5cbb41c696226fabfae616ce',NULL,'2017-09-19 15:10:26','2017-09-22 11:32:26',0,NULL,'150270323164192',33,'c6dd09184e7d4f8ab7b9d96edbaf3595',2,'2017-09-21 23:10:26','huangjixin','http://wx.qlogo.cn/mmopen/z2JphiaeYdpf3r6Lxr1icDaiajHGGSI5SkOOtGbIJo5h8eSt2NiaBHtpWOpuvsrPpCRtZKov3iacScRyicErrzEUlHcrvibNfRlMRae/0',NULL),('908d8dd9211d421c89b531cd73657bd8',NULL,'2017-09-19 13:41:52','2017-09-22 11:32:26',0,NULL,'150270323164192',13,'c6dd09184e7d4f8ab7b9d96edbaf3595',2,'2017-09-21 21:41:52','huangjixin','http://wx.qlogo.cn/mmopen/z2JphiaeYdpf3r6Lxr1icDaiajHGGSI5SkOOtGbIJo5h8eSt2NiaBHtpWOpuvsrPpCRtZKov3iacScRyicErrzEUlHcrvibNfRlMRae/0',NULL),('91d14582a0e440358c3c6fb2c96dd25b',NULL,'2017-09-19 14:39:25','2017-09-22 11:32:26',0,NULL,'150270323164192',28,'c6dd09184e7d4f8ab7b9d96edbaf3595',2,'2017-09-21 22:39:25','huangjixin','http://wx.qlogo.cn/mmopen/z2JphiaeYdpf3r6Lxr1icDaiajHGGSI5SkOOtGbIJo5h8eSt2NiaBHtpWOpuvsrPpCRtZKov3iacScRyicErrzEUlHcrvibNfRlMRae/0',NULL),('9a61ba0103ba4405b7dd844576d41f68',NULL,'2017-09-21 04:31:44','2017-09-22 11:32:26',0,NULL,'150270323164192',43,'99fda1d4bd0f4b7ebc596cc393688590',2,'2017-09-23 12:31:44','huangjixin','http://wx.qlogo.cn/mmopen/z2JphiaeYdpf3r6Lxr1icDaiajHGGSI5SkOOtGbIJo5h8eSt2NiaBHtpWOpuvsrPpCRtZKov3iacScRyicErrzEUlHcrvibNfRlMRae/0',NULL),('a1efdd5c7a4446cc997f1c6651fc0ee8',NULL,'2017-09-19 23:55:29','2017-09-22 11:32:26',0,NULL,'150270323164192',37,'c6dd09184e7d4f8ab7b9d96edbaf3595',2,'2017-09-22 07:55:29','huangjixin','http://wx.qlogo.cn/mmopen/z2JphiaeYdpf3r6Lxr1icDaiajHGGSI5SkOOtGbIJo5h8eSt2NiaBHtpWOpuvsrPpCRtZKov3iacScRyicErrzEUlHcrvibNfRlMRae/0',NULL),('a4cc58a06fa949da9de560a63b9af343',NULL,'2017-09-19 12:59:41','2017-09-22 11:32:26',0,NULL,'150270323164192',10,'c6dd09184e7d4f8ab7b9d96edbaf3595',2,'2017-09-21 20:59:41','huangjixin','http://wx.qlogo.cn/mmopen/z2JphiaeYdpf3r6Lxr1icDaiajHGGSI5SkOOtGbIJo5h8eSt2NiaBHtpWOpuvsrPpCRtZKov3iacScRyicErrzEUlHcrvibNfRlMRae/0',NULL),('a5e637877faf4b28b717c975a22a6d9b',NULL,'2017-09-19 13:57:10','2017-09-22 11:32:26',0,NULL,'150270323164192',18,'c6dd09184e7d4f8ab7b9d96edbaf3595',2,'2017-09-21 21:57:10','huangjixin','http://wx.qlogo.cn/mmopen/z2JphiaeYdpf3r6Lxr1icDaiajHGGSI5SkOOtGbIJo5h8eSt2NiaBHtpWOpuvsrPpCRtZKov3iacScRyicErrzEUlHcrvibNfRlMRae/0',NULL),('b0afd04e4b544d7ca63f0dacacc6950a',NULL,'2017-09-19 12:44:12','2017-09-22 11:32:26',0,NULL,'150270323164192',9,'c6dd09184e7d4f8ab7b9d96edbaf3595',2,'2017-09-21 20:44:12','huangjixin','http://wx.qlogo.cn/mmopen/z2JphiaeYdpf3r6Lxr1icDaiajHGGSI5SkOOtGbIJo5h8eSt2NiaBHtpWOpuvsrPpCRtZKov3iacScRyicErrzEUlHcrvibNfRlMRae/0',NULL),('b50455c63e684044917bbe570f69090b',NULL,'2017-09-19 14:40:16','2017-09-22 11:32:26',0,NULL,'150270323164192',29,'c6dd09184e7d4f8ab7b9d96edbaf3595',2,'2017-09-21 22:40:16','huangjixin','http://wx.qlogo.cn/mmopen/z2JphiaeYdpf3r6Lxr1icDaiajHGGSI5SkOOtGbIJo5h8eSt2NiaBHtpWOpuvsrPpCRtZKov3iacScRyicErrzEUlHcrvibNfRlMRae/0',NULL),('c0d982d2ac96465c871db59c587a4944',NULL,'2017-09-16 23:59:22','2017-09-22 11:32:26',0,NULL,'150270323164192',4,'99fda1d4bd0f4b7ebc596cc393688590',2,'2017-09-19 07:59:21','huangjixin','http://wx.qlogo.cn/mmopen/z2JphiaeYdpf3r6Lxr1icDaiajHGGSI5SkOOtGbIJo5h8eSt2NiaBHtpWOpuvsrPpCRtZKov3iacScRyicErrzEUlHcrvibNfRlMRae/0',NULL),('c255c24644244f0c84b20a600a9af5a7',NULL,'2017-09-19 11:11:53','2017-09-22 11:32:26',0,NULL,'150270323164192',8,'c6dd09184e7d4f8ab7b9d96edbaf3595',2,'2017-09-21 19:11:53','huangjixin','http://wx.qlogo.cn/mmopen/z2JphiaeYdpf3r6Lxr1icDaiajHGGSI5SkOOtGbIJo5h8eSt2NiaBHtpWOpuvsrPpCRtZKov3iacScRyicErrzEUlHcrvibNfRlMRae/0',NULL),('c5460125bd7b47b6a20e66fd25d64bfe',NULL,'2017-09-19 15:13:07','2017-09-22 11:32:26',0,NULL,'150270323164192',34,'c6dd09184e7d4f8ab7b9d96edbaf3595',2,'2017-09-21 23:13:07','huangjixin','http://wx.qlogo.cn/mmopen/z2JphiaeYdpf3r6Lxr1icDaiajHGGSI5SkOOtGbIJo5h8eSt2NiaBHtpWOpuvsrPpCRtZKov3iacScRyicErrzEUlHcrvibNfRlMRae/0',NULL),('d558dd7b78a441c0a15f1c3b8cfeb9bf',NULL,'2017-09-19 14:59:23','2017-09-22 11:32:26',0,NULL,'150270323164192',31,'c6dd09184e7d4f8ab7b9d96edbaf3595',2,'2017-09-21 22:59:23','huangjixin','http://wx.qlogo.cn/mmopen/z2JphiaeYdpf3r6Lxr1icDaiajHGGSI5SkOOtGbIJo5h8eSt2NiaBHtpWOpuvsrPpCRtZKov3iacScRyicErrzEUlHcrvibNfRlMRae/0',NULL),('e0708d0367574c4dad488cece59b9ada',NULL,'2017-09-19 14:16:20','2017-09-22 11:32:26',0,NULL,'150270323164192',24,'c6dd09184e7d4f8ab7b9d96edbaf3595',2,'2017-09-21 22:16:20','huangjixin','http://wx.qlogo.cn/mmopen/z2JphiaeYdpf3r6Lxr1icDaiajHGGSI5SkOOtGbIJo5h8eSt2NiaBHtpWOpuvsrPpCRtZKov3iacScRyicErrzEUlHcrvibNfRlMRae/0',NULL),('eae68891e67441a683d2f40821a02bac',NULL,'2017-09-19 14:42:21','2017-09-22 11:32:26',0,NULL,'150270323164192',30,'c6dd09184e7d4f8ab7b9d96edbaf3595',2,'2017-09-21 22:42:21','huangjixin','http://wx.qlogo.cn/mmopen/z2JphiaeYdpf3r6Lxr1icDaiajHGGSI5SkOOtGbIJo5h8eSt2NiaBHtpWOpuvsrPpCRtZKov3iacScRyicErrzEUlHcrvibNfRlMRae/0',NULL),('efabb1d19e3344c5a3b6d5332e62b358',NULL,'2017-09-19 23:58:01','2017-09-22 11:32:26',0,NULL,'150270323164192',39,'c6dd09184e7d4f8ab7b9d96edbaf3595',2,'2017-09-22 07:58:01','huangjixin','http://wx.qlogo.cn/mmopen/z2JphiaeYdpf3r6Lxr1icDaiajHGGSI5SkOOtGbIJo5h8eSt2NiaBHtpWOpuvsrPpCRtZKov3iacScRyicErrzEUlHcrvibNfRlMRae/0',NULL),('f064199ac5524c02aa51d0f4bd0ff105',NULL,'2017-09-19 13:54:48','2017-09-22 11:32:26',0,NULL,'150270323164192',16,'c6dd09184e7d4f8ab7b9d96edbaf3595',2,'2017-09-21 21:54:48','huangjixin','http://wx.qlogo.cn/mmopen/z2JphiaeYdpf3r6Lxr1icDaiajHGGSI5SkOOtGbIJo5h8eSt2NiaBHtpWOpuvsrPpCRtZKov3iacScRyicErrzEUlHcrvibNfRlMRae/0',NULL),('f069239bef864bf0bd32acc8b106ccb2',NULL,'2017-09-17 00:32:04','2017-09-22 11:32:26',0,NULL,'150270323164192',5,'99fda1d4bd0f4b7ebc596cc393688590',2,'2017-09-19 08:32:04','huangjixin','http://wx.qlogo.cn/mmopen/z2JphiaeYdpf3r6Lxr1icDaiajHGGSI5SkOOtGbIJo5h8eSt2NiaBHtpWOpuvsrPpCRtZKov3iacScRyicErrzEUlHcrvibNfRlMRae/0',NULL),('f2fefe6bf9e84e60a3c679e06f1eeb4c',NULL,'2017-09-16 12:05:41','2017-09-22 11:32:26',0,NULL,'150270323164192',3,'99fda1d4bd0f4b7ebc596cc393688590',2,'2017-09-18 20:05:41',NULL,'http://wx.qlogo.cn/mmopen/z2JphiaeYdpf3r6Lxr1icDaiajHGGSI5SkOOtGbIJo5h8eSt2NiaBHtpWOpuvsrPpCRtZKov3iacScRyicErrzEUlHcrvibNfRlMRae/0',NULL),('fa2f7a33443a4383950e3ad1b6a0a5bf',NULL,'2017-09-16 11:45:41','2017-09-22 11:32:26',0,NULL,'150270323164192',1,'99fda1d4bd0f4b7ebc596cc393688590',2,NULL,NULL,'http://wx.qlogo.cn/mmopen/z2JphiaeYdpf3r6Lxr1icDaiajHGGSI5SkOOtGbIJo5h8eSt2NiaBHtpWOpuvsrPpCRtZKov3iacScRyicErrzEUlHcrvibNfRlMRae/0',NULL);
/*!40000 ALTER TABLE `group_purcse` ENABLE KEYS */;
UNLOCK TABLES;

--
-- Table structure for table `group_purcse_member`
--

DROP TABLE IF EXISTS `group_purcse_member`;
/*!40101 SET @saved_cs_client     = @@character_set_client */;
/*!40101 SET character_set_client = utf8 */;
CREATE TABLE `group_purcse_member` (
  `ID` varchar(32) NOT NULL,
  `GROUP_PURCSE_ID` varchar(32) DEFAULT NULL COMMENT '团ID',
  `MEMBER_ID` varchar(32) DEFAULT NULL COMMENT '会员ID',
  `MEMBER_NAME` varchar(45) DEFAULT NULL COMMENT '会员名称',
  `MEMBER_ICON` varchar(500) DEFAULT NULL,
  `MEMBER_OPEN_ID` varchar(120) DEFAULT NULL,
  `PRODUCT_ID` varchar(32) DEFAULT NULL COMMENT '商品ID',
  PRIMARY KEY (`ID`),
  KEY `FK_GROUP_PURCSE_idx` (`GROUP_PURCSE_ID`),
  KEY `FK_MEMBER_idx` (`MEMBER_ID`),
  KEY `FK_GROUP_PURCSE_PRODUCT_idx` (`PRODUCT_ID`),
  CONSTRAINT `FK_GROUP_PURCSE` FOREIGN KEY (`GROUP_PURCSE_ID`) REFERENCES `group_purcse` (`ID`) ON DELETE CASCADE ON UPDATE CASCADE,
  CONSTRAINT `FK_GROUP_PURCSE_MEMBER_PRODUCT` FOREIGN KEY (`PRODUCT_ID`) REFERENCES `pr_product` (`ID`) ON DELETE CASCADE ON UPDATE CASCADE,
  CONSTRAINT `FK_MEMBER` FOREIGN KEY (`MEMBER_ID`) REFERENCES `member` (`ID`) ON DELETE CASCADE ON UPDATE CASCADE
) ENGINE=InnoDB DEFAULT CHARSET=utf8 COMMENT='团——会员中间表';
/*!40101 SET character_set_client = @saved_cs_client */;

--
-- Dumping data for table `group_purcse_member`
--

LOCK TABLES `group_purcse_member` WRITE;
/*!40000 ALTER TABLE `group_purcse_member` DISABLE KEYS */;
INSERT INTO `group_purcse_member` VALUES ('00ed27a5a04f47f7a8c52ee6f780b519','eae68891e67441a683d2f40821a02bac','150270323164192','huangjixin','http://wx.qlogo.cn/mmopen/z2JphiaeYdpf3r6Lxr1icDaiajHGGSI5SkOOtGbIJo5h8eSt2NiaBHtpWOpuvsrPpCRtZKov3iacScRyicErrzEUlHcrvibNfRlMRae/0',NULL,'99fda1d4bd0f4b7ebc596cc393688590'),('1830520bac194e6c9f01731cd8334004','21bd2cf905534e8480aba784a64edb4c','150270323164192','huangjixin','http://wx.qlogo.cn/mmopen/z2JphiaeYdpf3r6Lxr1icDaiajHGGSI5SkOOtGbIJo5h8eSt2NiaBHtpWOpuvsrPpCRtZKov3iacScRyicErrzEUlHcrvibNfRlMRae/0',NULL,'99fda1d4bd0f4b7ebc596cc393688590'),('1d78dbd2c02d4fc082fd9baf8bfb5cea','a1efdd5c7a4446cc997f1c6651fc0ee8','150270323164192','huangjixin','http://wx.qlogo.cn/mmopen/z2JphiaeYdpf3r6Lxr1icDaiajHGGSI5SkOOtGbIJo5h8eSt2NiaBHtpWOpuvsrPpCRtZKov3iacScRyicErrzEUlHcrvibNfRlMRae/0',NULL,'99fda1d4bd0f4b7ebc596cc393688590'),('200253cf14f847d8baddafb2f3b838fd','432c4a845f504720bbeff3e2ef5c8941','150270323164192','huangjixin','http://wx.qlogo.cn/mmopen/z2JphiaeYdpf3r6Lxr1icDaiajHGGSI5SkOOtGbIJo5h8eSt2NiaBHtpWOpuvsrPpCRtZKov3iacScRyicErrzEUlHcrvibNfRlMRae/0',NULL,'99fda1d4bd0f4b7ebc596cc393688590'),('202dd66877d54419ac65760aa388a833','b50455c63e684044917bbe570f69090b','150270323164192','huangjixin','http://wx.qlogo.cn/mmopen/z2JphiaeYdpf3r6Lxr1icDaiajHGGSI5SkOOtGbIJo5h8eSt2NiaBHtpWOpuvsrPpCRtZKov3iacScRyicErrzEUlHcrvibNfRlMRae/0',NULL,'99fda1d4bd0f4b7ebc596cc393688590'),('26126b317b8046f88d71774b325c5099','307db68f3d1b4e44a817d633f9fdde26','150270323164192','huangjixin','http://wx.qlogo.cn/mmopen/z2JphiaeYdpf3r6Lxr1icDaiajHGGSI5SkOOtGbIJo5h8eSt2NiaBHtpWOpuvsrPpCRtZKov3iacScRyicErrzEUlHcrvibNfRlMRae/0',NULL,'99fda1d4bd0f4b7ebc596cc393688590'),('270ac1a8e96949e3b95404d9d76e2630','84fe8b5d81be489fb4eb70f7ce2eb9dd','150270323164192','huangjixin','http://wx.qlogo.cn/mmopen/z2JphiaeYdpf3r6Lxr1icDaiajHGGSI5SkOOtGbIJo5h8eSt2NiaBHtpWOpuvsrPpCRtZKov3iacScRyicErrzEUlHcrvibNfRlMRae/0',NULL,'99fda1d4bd0f4b7ebc596cc393688590'),('29e98bc5bebe417cac70da1f3c577c96','4cefa711d67f4a418e0831c5e79825e8','150270323164192','huangjixin','http://wx.qlogo.cn/mmopen/z2JphiaeYdpf3r6Lxr1icDaiajHGGSI5SkOOtGbIJo5h8eSt2NiaBHtpWOpuvsrPpCRtZKov3iacScRyicErrzEUlHcrvibNfRlMRae/0',NULL,'99fda1d4bd0f4b7ebc596cc393688590'),('34d523e7799c4162b5c363f5e38ae0f8','1127d1d788474d14b9cc7ecb89106430','150270323164192','huangjixin','http://wx.qlogo.cn/mmopen/z2JphiaeYdpf3r6Lxr1icDaiajHGGSI5SkOOtGbIJo5h8eSt2NiaBHtpWOpuvsrPpCRtZKov3iacScRyicErrzEUlHcrvibNfRlMRae/0',NULL,'99fda1d4bd0f4b7ebc596cc393688590'),('34f35427998f45dc894e15560248d1d4','58e94222c5a64863891c6e3930dcde23','150270323164192','huangjixin','http://wx.qlogo.cn/mmopen/z2JphiaeYdpf3r6Lxr1icDaiajHGGSI5SkOOtGbIJo5h8eSt2NiaBHtpWOpuvsrPpCRtZKov3iacScRyicErrzEUlHcrvibNfRlMRae/0',NULL,'99fda1d4bd0f4b7ebc596cc393688590'),('3fc84889562a49ada0d6ea775133c94d','09b40275f72f410c9397b86c13fad8db','150270323164192','huangjixin','http://wx.qlogo.cn/mmopen/z2JphiaeYdpf3r6Lxr1icDaiajHGGSI5SkOOtGbIJo5h8eSt2NiaBHtpWOpuvsrPpCRtZKov3iacScRyicErrzEUlHcrvibNfRlMRae/0',NULL,'99fda1d4bd0f4b7ebc596cc393688590'),('4408f0b0ec00474a8765c4f6cb2317f8','1dfac4c45bb3432e9bb2242c54842f86','150270323164192','huangjixin','http://wx.qlogo.cn/mmopen/z2JphiaeYdpf3r6Lxr1icDaiajHGGSI5SkOOtGbIJo5h8eSt2NiaBHtpWOpuvsrPpCRtZKov3iacScRyicErrzEUlHcrvibNfRlMRae/0',NULL,'99fda1d4bd0f4b7ebc596cc393688590'),('46168a1002734ba4852547a554e7ff4b','7d09d1e864d5458bb3b330976731649f','150270323164192','huangjixin','http://wx.qlogo.cn/mmopen/z2JphiaeYdpf3r6Lxr1icDaiajHGGSI5SkOOtGbIJo5h8eSt2NiaBHtpWOpuvsrPpCRtZKov3iacScRyicErrzEUlHcrvibNfRlMRae/0',NULL,'99fda1d4bd0f4b7ebc596cc393688590'),('461fcba4a79f45cd90e4ba9cbdc1c17d','57e7b4f45dff40a08c457e004bc32636','150270323164192','huangjixin','http://wx.qlogo.cn/mmopen/z2JphiaeYdpf3r6Lxr1icDaiajHGGSI5SkOOtGbIJo5h8eSt2NiaBHtpWOpuvsrPpCRtZKov3iacScRyicErrzEUlHcrvibNfRlMRae/0',NULL,'99fda1d4bd0f4b7ebc596cc393688590'),('463c0ca3cf194dcda43bc7d72dfc18fc','8743a8e573d046b49ea49377d3bfb178','150270323164192','huangjixin','http://wx.qlogo.cn/mmopen/z2JphiaeYdpf3r6Lxr1icDaiajHGGSI5SkOOtGbIJo5h8eSt2NiaBHtpWOpuvsrPpCRtZKov3iacScRyicErrzEUlHcrvibNfRlMRae/0',NULL,'99fda1d4bd0f4b7ebc596cc393688590'),('4d61c6d5239f429daad958ff9eb41cb4','39d3b219486741259bf6b6b690577d4d','150270323164192','huangjixin','http://wx.qlogo.cn/mmopen/z2JphiaeYdpf3r6Lxr1icDaiajHGGSI5SkOOtGbIJo5h8eSt2NiaBHtpWOpuvsrPpCRtZKov3iacScRyicErrzEUlHcrvibNfRlMRae/0',NULL,'99fda1d4bd0f4b7ebc596cc393688590'),('4dade893be504041b1636d137abdaf84','f069239bef864bf0bd32acc8b106ccb2','150270323164192','huangjixin','http://wx.qlogo.cn/mmopen/z2JphiaeYdpf3r6Lxr1icDaiajHGGSI5SkOOtGbIJo5h8eSt2NiaBHtpWOpuvsrPpCRtZKov3iacScRyicErrzEUlHcrvibNfRlMRae/0',NULL,'99fda1d4bd0f4b7ebc596cc393688590'),('5223fdcb8bfc46749c494060f18970bc','91d14582a0e440358c3c6fb2c96dd25b','150270323164192','huangjixin','http://wx.qlogo.cn/mmopen/z2JphiaeYdpf3r6Lxr1icDaiajHGGSI5SkOOtGbIJo5h8eSt2NiaBHtpWOpuvsrPpCRtZKov3iacScRyicErrzEUlHcrvibNfRlMRae/0',NULL,'99fda1d4bd0f4b7ebc596cc393688590'),('54cd18e0ef604a7b9df71c198606b5fb','244faf7cf5324a908ce69ee2cf4134f0','150270323164192','huangjixin','http://wx.qlogo.cn/mmopen/z2JphiaeYdpf3r6Lxr1icDaiajHGGSI5SkOOtGbIJo5h8eSt2NiaBHtpWOpuvsrPpCRtZKov3iacScRyicErrzEUlHcrvibNfRlMRae/0',NULL,'99fda1d4bd0f4b7ebc596cc393688590'),('573f3b30e3334520a61a9799eb7a0c73','9a61ba0103ba4405b7dd844576d41f68','150270323164192','huangjixin','http://wx.qlogo.cn/mmopen/z2JphiaeYdpf3r6Lxr1icDaiajHGGSI5SkOOtGbIJo5h8eSt2NiaBHtpWOpuvsrPpCRtZKov3iacScRyicErrzEUlHcrvibNfRlMRae/0',NULL,'99fda1d4bd0f4b7ebc596cc393688590'),('5d1db26165674b9ba45c8025ddb114a4','b0afd04e4b544d7ca63f0dacacc6950a','150270323164192','huangjixin','http://wx.qlogo.cn/mmopen/z2JphiaeYdpf3r6Lxr1icDaiajHGGSI5SkOOtGbIJo5h8eSt2NiaBHtpWOpuvsrPpCRtZKov3iacScRyicErrzEUlHcrvibNfRlMRae/0',NULL,'99fda1d4bd0f4b7ebc596cc393688590'),('6490518b15464f09bf9f2abd9dc7cc7c','398ebb303341435f8b7b0eef2fe99b1d','150270323164192','huangjixin','http://wx.qlogo.cn/mmopen/z2JphiaeYdpf3r6Lxr1icDaiajHGGSI5SkOOtGbIJo5h8eSt2NiaBHtpWOpuvsrPpCRtZKov3iacScRyicErrzEUlHcrvibNfRlMRae/0',NULL,'99fda1d4bd0f4b7ebc596cc393688590'),('6494bc7ba4c042e7a9e71cc6739178bd','e0708d0367574c4dad488cece59b9ada','150270323164192','huangjixin','http://wx.qlogo.cn/mmopen/z2JphiaeYdpf3r6Lxr1icDaiajHGGSI5SkOOtGbIJo5h8eSt2NiaBHtpWOpuvsrPpCRtZKov3iacScRyicErrzEUlHcrvibNfRlMRae/0',NULL,'99fda1d4bd0f4b7ebc596cc393688590'),('6bdf3cbe0ea6479d9cf8b864472a8db2','763c55cbe93647ef9570d3099a18fffd','150270323164192','huangjixin','http://wx.qlogo.cn/mmopen/z2JphiaeYdpf3r6Lxr1icDaiajHGGSI5SkOOtGbIJo5h8eSt2NiaBHtpWOpuvsrPpCRtZKov3iacScRyicErrzEUlHcrvibNfRlMRae/0',NULL,'99fda1d4bd0f4b7ebc596cc393688590'),('723679721e57464eaf6723d7bfbe27a4','a4cc58a06fa949da9de560a63b9af343','150270323164192','huangjixin','http://wx.qlogo.cn/mmopen/z2JphiaeYdpf3r6Lxr1icDaiajHGGSI5SkOOtGbIJo5h8eSt2NiaBHtpWOpuvsrPpCRtZKov3iacScRyicErrzEUlHcrvibNfRlMRae/0',NULL,'99fda1d4bd0f4b7ebc596cc393688590'),('7a71213f7bd8402d91cb88b09d42c29c','5f8816df0e724bd0841373d7b98d01c3','150270323164192','huangjixin','http://wx.qlogo.cn/mmopen/z2JphiaeYdpf3r6Lxr1icDaiajHGGSI5SkOOtGbIJo5h8eSt2NiaBHtpWOpuvsrPpCRtZKov3iacScRyicErrzEUlHcrvibNfRlMRae/0',NULL,'99fda1d4bd0f4b7ebc596cc393688590'),('8514d38f2ba94731a814a39116bf417e','d558dd7b78a441c0a15f1c3b8cfeb9bf','150270323164192','huangjixin','http://wx.qlogo.cn/mmopen/z2JphiaeYdpf3r6Lxr1icDaiajHGGSI5SkOOtGbIJo5h8eSt2NiaBHtpWOpuvsrPpCRtZKov3iacScRyicErrzEUlHcrvibNfRlMRae/0',NULL,'99fda1d4bd0f4b7ebc596cc393688590'),('8bcfc650a57247e09bffb2b3f60b4d86','4783d7b8fc6744d1b3a8265168386e51','150270323164192','huangjixin','http://wx.qlogo.cn/mmopen/z2JphiaeYdpf3r6Lxr1icDaiajHGGSI5SkOOtGbIJo5h8eSt2NiaBHtpWOpuvsrPpCRtZKov3iacScRyicErrzEUlHcrvibNfRlMRae/0',NULL,'99fda1d4bd0f4b7ebc596cc393688590'),('8ec82e9eb4b64c749759bade9c38f031','838c793e972e47ba936a7eb4a9af9874','150270323164192','huangjixin','http://wx.qlogo.cn/mmopen/z2JphiaeYdpf3r6Lxr1icDaiajHGGSI5SkOOtGbIJo5h8eSt2NiaBHtpWOpuvsrPpCRtZKov3iacScRyicErrzEUlHcrvibNfRlMRae/0',NULL,'99fda1d4bd0f4b7ebc596cc393688590'),('9c9966b917d44104bbf838202d8b2cb2','5a9f7c8a79a3467faf58406046dc102d','150270323164192','huangjixin','http://wx.qlogo.cn/mmopen/z2JphiaeYdpf3r6Lxr1icDaiajHGGSI5SkOOtGbIJo5h8eSt2NiaBHtpWOpuvsrPpCRtZKov3iacScRyicErrzEUlHcrvibNfRlMRae/0',NULL,'99fda1d4bd0f4b7ebc596cc393688590'),('af349bed4fd74869b319ec88323c582e','888f24aa5cbb41c696226fabfae616ce','150270323164192','huangjixin','http://wx.qlogo.cn/mmopen/z2JphiaeYdpf3r6Lxr1icDaiajHGGSI5SkOOtGbIJo5h8eSt2NiaBHtpWOpuvsrPpCRtZKov3iacScRyicErrzEUlHcrvibNfRlMRae/0',NULL,'99fda1d4bd0f4b7ebc596cc393688590'),('af5dc89e3b6649a3aafbd604bcf5bcdc','6990f9bdbc164e03879e62094ae803b2','150270323164192',NULL,'http://wx.qlogo.cn/mmopen/z2JphiaeYdpf3r6Lxr1icDaiajHGGSI5SkOOtGbIJo5h8eSt2NiaBHtpWOpuvsrPpCRtZKov3iacScRyicErrzEUlHcrvibNfRlMRae/0',NULL,'99fda1d4bd0f4b7ebc596cc393688590'),('b7f1b26a4f8d476eb2aec8d73d34420b','c0d982d2ac96465c871db59c587a4944','150270323164192','huangjixin','http://wx.qlogo.cn/mmopen/z2JphiaeYdpf3r6Lxr1icDaiajHGGSI5SkOOtGbIJo5h8eSt2NiaBHtpWOpuvsrPpCRtZKov3iacScRyicErrzEUlHcrvibNfRlMRae/0',NULL,'99fda1d4bd0f4b7ebc596cc393688590'),('b80e1afbb7654317bf320ecdeeece509','a5e637877faf4b28b717c975a22a6d9b','150270323164192','huangjixin','http://wx.qlogo.cn/mmopen/z2JphiaeYdpf3r6Lxr1icDaiajHGGSI5SkOOtGbIJo5h8eSt2NiaBHtpWOpuvsrPpCRtZKov3iacScRyicErrzEUlHcrvibNfRlMRae/0',NULL,'99fda1d4bd0f4b7ebc596cc393688590'),('baa2a08c222e4e25ba683d7e52c757c7','47920b8823cc42079cca72fa4246457d','150270323164192','huangjixin','http://wx.qlogo.cn/mmopen/z2JphiaeYdpf3r6Lxr1icDaiajHGGSI5SkOOtGbIJo5h8eSt2NiaBHtpWOpuvsrPpCRtZKov3iacScRyicErrzEUlHcrvibNfRlMRae/0',NULL,'99fda1d4bd0f4b7ebc596cc393688590'),('c9ede25891334d3490e2872eccacadb7','908d8dd9211d421c89b531cd73657bd8','150270323164192','huangjixin','http://wx.qlogo.cn/mmopen/z2JphiaeYdpf3r6Lxr1icDaiajHGGSI5SkOOtGbIJo5h8eSt2NiaBHtpWOpuvsrPpCRtZKov3iacScRyicErrzEUlHcrvibNfRlMRae/0',NULL,'99fda1d4bd0f4b7ebc596cc393688590'),('ca270f2122564be784b1a3b82e26af11','efabb1d19e3344c5a3b6d5332e62b358','150270323164192','huangjixin','http://wx.qlogo.cn/mmopen/z2JphiaeYdpf3r6Lxr1icDaiajHGGSI5SkOOtGbIJo5h8eSt2NiaBHtpWOpuvsrPpCRtZKov3iacScRyicErrzEUlHcrvibNfRlMRae/0',NULL,'99fda1d4bd0f4b7ebc596cc393688590'),('cb09a76a2f7c48dabba3ed22aed447d1','c255c24644244f0c84b20a600a9af5a7','150270323164192','huangjixin','http://wx.qlogo.cn/mmopen/z2JphiaeYdpf3r6Lxr1icDaiajHGGSI5SkOOtGbIJo5h8eSt2NiaBHtpWOpuvsrPpCRtZKov3iacScRyicErrzEUlHcrvibNfRlMRae/0',NULL,'99fda1d4bd0f4b7ebc596cc393688590'),('cf4dfa3bead14f04a1af807ef12cc299','f064199ac5524c02aa51d0f4bd0ff105','150270323164192','huangjixin','http://wx.qlogo.cn/mmopen/z2JphiaeYdpf3r6Lxr1icDaiajHGGSI5SkOOtGbIJo5h8eSt2NiaBHtpWOpuvsrPpCRtZKov3iacScRyicErrzEUlHcrvibNfRlMRae/0',NULL,'99fda1d4bd0f4b7ebc596cc393688590'),('e72da899a7b84234b886958be7bd8fb3','f2fefe6bf9e84e60a3c679e06f1eeb4c','150270323164192',NULL,'http://wx.qlogo.cn/mmopen/z2JphiaeYdpf3r6Lxr1icDaiajHGGSI5SkOOtGbIJo5h8eSt2NiaBHtpWOpuvsrPpCRtZKov3iacScRyicErrzEUlHcrvibNfRlMRae/0',NULL,'99fda1d4bd0f4b7ebc596cc393688590'),('ebc3a117ff174863931ea86ae0559d91','c5460125bd7b47b6a20e66fd25d64bfe','150270323164192','huangjixin','http://wx.qlogo.cn/mmopen/z2JphiaeYdpf3r6Lxr1icDaiajHGGSI5SkOOtGbIJo5h8eSt2NiaBHtpWOpuvsrPpCRtZKov3iacScRyicErrzEUlHcrvibNfRlMRae/0',NULL,'99fda1d4bd0f4b7ebc596cc393688590'),('f29817a06a71403db81bb601feff0813','027355643cba4095a4da68ea906a42fa','150270323164192','huangjixin','http://wx.qlogo.cn/mmopen/z2JphiaeYdpf3r6Lxr1icDaiajHGGSI5SkOOtGbIJo5h8eSt2NiaBHtpWOpuvsrPpCRtZKov3iacScRyicErrzEUlHcrvibNfRlMRae/0',NULL,'99fda1d4bd0f4b7ebc596cc393688590');
/*!40000 ALTER TABLE `group_purcse_member` ENABLE KEYS */;
UNLOCK TABLES;

--
-- Table structure for table `guess_category`
--

DROP TABLE IF EXISTS `guess_category`;
/*!40101 SET @saved_cs_client     = @@character_set_client */;
/*!40101 SET character_set_client = utf8 */;
CREATE TABLE `guess_category` (
  `ID` varchar(32) NOT NULL,
  `CREATOR` varchar(120) DEFAULT NULL COMMENT '创建人',
  `UPDATER` varchar(120) DEFAULT NULL COMMENT '更新人',
  `ORG_ID` varchar(32) DEFAULT NULL COMMENT '组织结构表ID，该字段用于过滤数据，不做外键关联',
  `CREATE_DATE` timestamp NULL DEFAULT CURRENT_TIMESTAMP COMMENT '创建日期',
  `UPDATE_DATE` timestamp NULL DEFAULT NULL COMMENT '更新日期',
  `DISABLE` tinyint(1) DEFAULT '0' COMMENT '是否禁用',
  `START_TIME` timestamp NULL DEFAULT NULL COMMENT '开始时间，用于查询绑定',
  `END_TIME` timestamp NULL DEFAULT NULL COMMENT '结束时间，用于查询绑定',
  `SORT` int(11) NOT NULL AUTO_INCREMENT COMMENT '排序',
  `IS_DEFAULT` tinyint(1) DEFAULT '0' COMMENT '是否为默认，0：非，1：是',
  `EN_NAME` varchar(120) DEFAULT NULL COMMENT '英文名称',
  `NAME` varchar(120) DEFAULT NULL COMMENT '种类名称',
  `DESCRIPTION` varchar(1200) DEFAULT NULL COMMENT '描述',
  `PARENT_ID` varchar(120) DEFAULT NULL COMMENT '父类ID',
  `PARENTIDS` varchar(3200) DEFAULT NULL COMMENT '父类IDS',
  `ICON` varchar(1200) DEFAULT NULL COMMENT '图标',
  `KEYWORDS` varchar(120) DEFAULT NULL COMMENT '关键字',
  `THUMBNAIL` varchar(1200) DEFAULT NULL COMMENT '缩略图',
  `CODE` varchar(120) DEFAULT NULL COMMENT '代码',
  `USER_ID` varchar(32) DEFAULT NULL,
  PRIMARY KEY (`ID`),
  KEY `SORT_INDEX` (`SORT`)
) ENGINE=InnoDB AUTO_INCREMENT=7 DEFAULT CHARSET=utf8 COMMENT='会员竞猜分类表';
/*!40101 SET character_set_client = @saved_cs_client */;

--
-- Dumping data for table `guess_category`
--

LOCK TABLES `guess_category` WRITE;
/*!40000 ALTER TABLE `guess_category` DISABLE KEYS */;
INSERT INTO `guess_category` VALUES ('150410531466397',NULL,NULL,NULL,'2017-08-30 15:03:57','2017-08-30 15:03:57',0,NULL,NULL,1,0,NULL,'足球','',NULL,NULL,'',NULL,NULL,'football',NULL),('150410543768324',NULL,NULL,NULL,'2017-08-30 15:04:27','2017-08-30 15:04:27',0,NULL,NULL,2,0,NULL,'篮球','篮球竞猜',NULL,NULL,'',NULL,NULL,'basketball',NULL),('150410546750186',NULL,NULL,NULL,'2017-08-30 15:05:27','2017-08-30 15:05:27',0,NULL,NULL,3,0,NULL,'趣味','趣味竞猜',NULL,NULL,'',NULL,NULL,'fun',NULL),('150410552794635',NULL,NULL,NULL,'2017-08-30 15:07:07','2017-08-30 15:07:07',0,NULL,NULL,4,0,NULL,'财经','',NULL,NULL,'',NULL,NULL,'finance',NULL),('150410562713693',NULL,NULL,NULL,'2017-08-30 15:07:39','2017-08-30 15:07:39',0,NULL,NULL,5,0,NULL,'娱乐','娱乐',NULL,NULL,'',NULL,NULL,'entertainment',NULL),('150410565940326',NULL,NULL,NULL,'2017-08-30 15:07:54','2017-08-30 15:07:54',0,NULL,NULL,6,0,NULL,'其它','其它',NULL,NULL,'',NULL,NULL,'other',NULL);
/*!40000 ALTER TABLE `guess_category` ENABLE KEYS */;
UNLOCK TABLES;

--
-- Table structure for table `guess_question`
--

DROP TABLE IF EXISTS `guess_question`;
/*!40101 SET @saved_cs_client     = @@character_set_client */;
/*!40101 SET character_set_client = utf8 */;
CREATE TABLE `guess_question` (
  `ID` varchar(32) NOT NULL,
  `CREATOR` varchar(120) DEFAULT NULL COMMENT '创建人',
  `UPDATER` varchar(120) DEFAULT NULL COMMENT '更新人',
  `ORG_ID` varchar(32) DEFAULT NULL COMMENT '组织结构表ID，该字段用于过滤数据，不做外键关联',
  `CREATE_DATE` timestamp NULL DEFAULT CURRENT_TIMESTAMP COMMENT '创建日期',
  `UPDATE_DATE` timestamp NULL DEFAULT NULL COMMENT '更新日期',
  `DISABLE` tinyint(1) DEFAULT '0' COMMENT '是否禁用',
  `START_TIME` timestamp NULL DEFAULT NULL COMMENT '开始时间，用于查询绑定',
  `END_TIME` timestamp NULL DEFAULT NULL COMMENT '结束时间，用于查询绑定',
  `SORT` int(11) NOT NULL AUTO_INCREMENT COMMENT '排序',
  `IS_DEFAULT` tinyint(1) DEFAULT '0' COMMENT '是否为默认，0：非，1：是',
  `EN_NAME` varchar(120) DEFAULT NULL COMMENT '英文名称',
  `NAME` varchar(120) DEFAULT NULL COMMENT '名称',
  `DESCRIPTION` varchar(1200) DEFAULT NULL COMMENT '描述',
  `ICON` varchar(1200) DEFAULT NULL COMMENT '图标',
  `KEYWORDS` varchar(120) DEFAULT NULL COMMENT '关键字',
  `THUMBNAIL` varchar(1200) DEFAULT NULL COMMENT '缩略图',
  `CODE` varchar(120) DEFAULT NULL COMMENT '代码',
  `USER_ID` varchar(32) DEFAULT NULL,
  `GUESS_CATEGORY_ID` varchar(32) DEFAULT NULL,
  `GUESS_ANSWER_ID` varchar(32) DEFAULT NULL COMMENT '问题答案ID引用',
  `QUESTION_END_TIME` timestamp NULL DEFAULT NULL COMMENT '竞猜活动截止时间',
  PRIMARY KEY (`ID`),
  KEY `FK_GQUESTION_GCATEGORY_idx` (`GUESS_CATEGORY_ID`),
  KEY `SORTINDEX` (`SORT`),
  KEY `ANSWER_IDINDEX` (`GUESS_ANSWER_ID`),
  CONSTRAINT `FK_GQUESTION_GCATEGORY` FOREIGN KEY (`GUESS_CATEGORY_ID`) REFERENCES `guess_category` (`ID`) ON DELETE CASCADE ON UPDATE CASCADE
) ENGINE=InnoDB AUTO_INCREMENT=29 DEFAULT CHARSET=utf8 COMMENT='会员竞猜问题';
/*!40101 SET character_set_client = @saved_cs_client */;

--
-- Dumping data for table `guess_question`
--

LOCK TABLES `guess_question` WRITE;
/*!40000 ALTER TABLE `guess_question` DISABLE KEYS */;
INSERT INTO `guess_question` VALUES ('0fb1290936ff4d089a142c289a779c66',NULL,NULL,NULL,'2017-09-07 12:07:14','2017-09-09 11:59:33',0,NULL,NULL,28,0,NULL,'中超第24轮，上海上港（主队） VS 天津泰达（客队）','25','',NULL,NULL,'',NULL,NULL,NULL,'2017-09-07 11:35:00'),('a19e3833319b421780680dd0382ca726',NULL,NULL,NULL,'2017-09-07 11:24:30','2017-09-09 11:46:49',0,NULL,NULL,27,0,NULL,'中超第24轮，广州恒大（主队） VS 长春亚泰（客队）','','',NULL,NULL,'',NULL,NULL,NULL,'2017-09-29 11:35:00');
/*!40000 ALTER TABLE `guess_question` ENABLE KEYS */;
UNLOCK TABLES;

--
-- Table structure for table `guess_question_answer`
--

DROP TABLE IF EXISTS `guess_question_answer`;
/*!40101 SET @saved_cs_client     = @@character_set_client */;
/*!40101 SET character_set_client = utf8 */;
CREATE TABLE `guess_question_answer` (
  `ID` varchar(32) NOT NULL,
  `question_id` varchar(32) DEFAULT NULL,
  `question_options_id` varchar(45) DEFAULT NULL,
  PRIMARY KEY (`ID`),
  KEY `FK_guess_question_answer_guess_question_idx` (`question_id`),
  KEY `FK_guess_question_answer_question_options_idx` (`question_options_id`),
  CONSTRAINT `FK_guess_question_answer_guess_question` FOREIGN KEY (`question_id`) REFERENCES `guess_question` (`ID`) ON DELETE CASCADE ON UPDATE CASCADE,
  CONSTRAINT `FK_guess_question_answer_question_options` FOREIGN KEY (`question_options_id`) REFERENCES `guess_question_options` (`ID`) ON DELETE CASCADE ON UPDATE CASCADE
) ENGINE=InnoDB DEFAULT CHARSET=utf8 COMMENT='竞猜问题答案';
/*!40101 SET character_set_client = @saved_cs_client */;

--
-- Dumping data for table `guess_question_answer`
--

LOCK TABLES `guess_question_answer` WRITE;
/*!40000 ALTER TABLE `guess_question_answer` DISABLE KEYS */;
/*!40000 ALTER TABLE `guess_question_answer` ENABLE KEYS */;
UNLOCK TABLES;

--
-- Table structure for table `guess_question_memanswer`
--

DROP TABLE IF EXISTS `guess_question_memanswer`;
/*!40101 SET @saved_cs_client     = @@character_set_client */;
/*!40101 SET character_set_client = utf8 */;
CREATE TABLE `guess_question_memanswer` (
  `ID` varchar(32) NOT NULL,
  `MEMBER_ID` varchar(32) DEFAULT NULL,
  `question_id` varchar(32) DEFAULT NULL,
  `question_options_id` varchar(32) DEFAULT NULL,
  `payed` int(11) DEFAULT NULL COMMENT '是否已经支付，默认为0为未结算，为1则已经结算。',
  `bet_num` int(11) DEFAULT NULL COMMENT '竞猜的智惠豆数量',
  PRIMARY KEY (`ID`),
  KEY `FK_GUESS_QUESTION_MEMANSWER_MEMBER_idx` (`MEMBER_ID`),
  KEY `FK_GUESS_QUESTION_MEMANSWER_QUESTION_idx` (`question_id`),
  KEY `FK_GUESS_QUESTION_MEMANSWER_OPTIONS_idx` (`question_options_id`),
  CONSTRAINT `FK_GUESS_QUESTION_MEMANSWER_MEMBER` FOREIGN KEY (`MEMBER_ID`) REFERENCES `member` (`ID`) ON DELETE CASCADE ON UPDATE CASCADE,
  CONSTRAINT `FK_GUESS_QUESTION_MEMANSWER_OPTIONS` FOREIGN KEY (`question_options_id`) REFERENCES `guess_question_options` (`ID`) ON DELETE CASCADE ON UPDATE CASCADE,
  CONSTRAINT `FK_GUESS_QUESTION_MEMANSWER_QUESTION` FOREIGN KEY (`question_id`) REFERENCES `guess_question` (`ID`) ON DELETE CASCADE ON UPDATE CASCADE
) ENGINE=InnoDB DEFAULT CHARSET=utf8 COMMENT='会员竞猜的答案';
/*!40101 SET character_set_client = @saved_cs_client */;

--
-- Dumping data for table `guess_question_memanswer`
--

LOCK TABLES `guess_question_memanswer` WRITE;
/*!40000 ALTER TABLE `guess_question_memanswer` DISABLE KEYS */;
INSERT INTO `guess_question_memanswer` VALUES ('397d103eece349149a3abf3a0d71b5c9','150270323164192','a19e3833319b421780680dd0382ca726','150478575145255',0,100),('3abf1a02a98d4c7c9e8faf007a996a35','150270323164192','a19e3833319b421780680dd0382ca726','150478575145255',0,100),('414817263e1c48b0a4e411b2ea06a395','150270323164192','a19e3833319b421780680dd0382ca726','150478576868480',0,100),('44132cb44d214867acf4f17514d16577','150270323164192','a19e3833319b421780680dd0382ca726','150478575145255',0,1000),('49e9110efb63467e9867518b6e3e2a04','150270323164192','a19e3833319b421780680dd0382ca726','150478579205995',0,917),('4c442d42ed444ca0aa87f0c453265a7f','150270323164192','a19e3833319b421780680dd0382ca726','150478576868480',0,100),('55306a64be484d96b6457397fc3a99ed','150270323164192','a19e3833319b421780680dd0382ca726','150478579205995',0,5000),('69fcdb9241a14c669c44c1490263712a','150270323164192','a19e3833319b421780680dd0382ca726','150478575145255',0,100),('6cd8d33b32e0473891d7b74765a2c062','150270323164192','a19e3833319b421780680dd0382ca726','150478575145255',0,100),('9fa22bf2622344fb8e6d7173f04f710b','150270323164192','a19e3833319b421780680dd0382ca726','150478579205995',0,500),('a8ee85b9cd334daca5b2ea23ea9d14b7','150270323164192','a19e3833319b421780680dd0382ca726','150478575145255',0,100),('b335a8689d5a46328fbd33b495368164','150270323164192','a19e3833319b421780680dd0382ca726','150478579205995',0,500),('b9618bece5c446d2aad94c0e7290d7aa','150270323164192','a19e3833319b421780680dd0382ca726','150478575145255',0,50000),('c1e8ee0327984803a9c2d2c90cec33eb','150270323164192','a19e3833319b421780680dd0382ca726','150478579205995',0,100),('cbc6f49a18874d168541910c6f2712c3','150270323164192','a19e3833319b421780680dd0382ca726','150478576868480',0,100),('e15d2fa9c59e4cc48d726250b3335440','150270323164192','a19e3833319b421780680dd0382ca726','150478576868480',0,500),('f4c7b5d6d5be4d878d145a150482efb4','150270323164192','a19e3833319b421780680dd0382ca726','150478575145255',0,1000),('fb7716d4d8c2449586437b2bcc866224','150270323164192','a19e3833319b421780680dd0382ca726','150478575145255',0,100),('fcaf56d6fff8469ba0494efe64fcc862','150270323164192','a19e3833319b421780680dd0382ca726','150478575145255',0,50000);
/*!40000 ALTER TABLE `guess_question_memanswer` ENABLE KEYS */;
UNLOCK TABLES;

--
-- Table structure for table `guess_question_options`
--

DROP TABLE IF EXISTS `guess_question_options`;
/*!40101 SET @saved_cs_client     = @@character_set_client */;
/*!40101 SET character_set_client = utf8 */;
CREATE TABLE `guess_question_options` (
  `ID` varchar(32) NOT NULL,
  `NAME` varchar(100) DEFAULT NULL COMMENT '名称',
  `BET_RATE` double DEFAULT NULL COMMENT '赔率',
  `GUESS_QUESTION_ID` varchar(32) DEFAULT NULL COMMENT '竞猜问题ID',
  `REAL_QUESTION_ID` varchar(32) DEFAULT NULL COMMENT '正式的外键ID',
  PRIMARY KEY (`ID`),
  KEY `GUESS_QUESTION_IDINDEX` (`GUESS_QUESTION_ID`),
  KEY `FK_guess_question_options_question_idx` (`REAL_QUESTION_ID`),
  CONSTRAINT `FK_guess_question_options_question` FOREIGN KEY (`REAL_QUESTION_ID`) REFERENCES `guess_question` (`ID`) ON DELETE CASCADE ON UPDATE CASCADE
) ENGINE=InnoDB DEFAULT CHARSET=utf8 COMMENT='竞猜活动备选项目';
/*!40101 SET character_set_client = @saved_cs_client */;

--
-- Dumping data for table `guess_question_options`
--

LOCK TABLES `guess_question_options` WRITE;
/*!40000 ALTER TABLE `guess_question_options` DISABLE KEYS */;
INSERT INTO `guess_question_options` VALUES ('1','字数不可以超过五十个字数不可以超过五十个字数不可以超过五十个字数不可以超过五十个字数不可以超过五十个字数不可以超过五十个字数不可以超过五十个字数不可以超过五十个字数不可以超过五十个字数不可以超过五十个',1,NULL,NULL),('150478575145255','广州恒大胜',1.26,'a19e3833319b421780680dd0382ca726',NULL),('150478576868480','平局',4.98,'a19e3833319b421780680dd0382ca726',NULL),('150478579205995','长春亚泰胜',9.17,'a19e3833319b421780680dd0382ca726',NULL),('150478591922535','上海上港胜',1.1,'0fb1290936ff4d089a142c289a779c66','0fb1290936ff4d089a142c289a779c66'),('150478594640118','平局',8.15,'0fb1290936ff4d089a142c289a779c66','0fb1290936ff4d089a142c289a779c66'),('150478596959975','天津泰达胜',18.19,'0fb1290936ff4d089a142c289a779c66','0fb1290936ff4d089a142c289a779c66');
/*!40000 ALTER TABLE `guess_question_options` ENABLE KEYS */;
UNLOCK TABLES;

--
-- Table structure for table `member`
--

DROP TABLE IF EXISTS `member`;
/*!40101 SET @saved_cs_client     = @@character_set_client */;
/*!40101 SET character_set_client = utf8 */;
CREATE TABLE `member` (
  `ID` varchar(32) NOT NULL,
  `USERNAME` varchar(120) DEFAULT NULL COMMENT '用户名',
  `PASSWORD` varchar(120) DEFAULT NULL COMMENT '密码',
  `LOGIN_DATE` timestamp NULL DEFAULT NULL COMMENT '登录日期',
  `CREATE_DATE` timestamp NULL DEFAULT CURRENT_TIMESTAMP COMMENT '创建日期',
  `UPDATE_DATE` timestamp NULL DEFAULT NULL COMMENT '更新日期',
  `LAST_LOGIN_DATE` timestamp NULL DEFAULT NULL COMMENT '上次登录日期',
  `EMAIL` varchar(120) DEFAULT NULL COMMENT '邮箱',
  `MOBIL_PHONE` varchar(120) DEFAULT NULL COMMENT '手机',
  `DISABLED` tinyint(1) DEFAULT '0' COMMENT '是否禁用',
  `CREATOR` varchar(120) DEFAULT NULL COMMENT '创建人',
  `UPDATER` varchar(120) DEFAULT NULL COMMENT '更新人',
  `SEX` tinyint(1) DEFAULT NULL COMMENT '性别',
  `ICON` varchar(1200) DEFAULT NULL COMMENT '头像',
  `DESCRIPTION` varchar(1200) DEFAULT NULL COMMENT '描述',
  `AGE` int(11) DEFAULT NULL COMMENT '身高',
  `WEIGHT` int(11) DEFAULT NULL COMMENT '体重',
  `QQ` varchar(32) DEFAULT NULL COMMENT 'QQ',
  `WEIXIN` varchar(32) DEFAULT NULL COMMENT '微信',
  `REAL_NAME` varchar(32) DEFAULT NULL COMMENT '实名',
  `LOGIN_COUNT` int(11) DEFAULT NULL COMMENT '登录次数',
  `SORT` int(11) NOT NULL AUTO_INCREMENT COMMENT '排序',
  `ORG_ID` varchar(32) DEFAULT NULL COMMENT '组织结构表ID，该字段用于过滤数据，不做外键关联',
  `PARENT_ID` varchar(120) DEFAULT NULL COMMENT '父类ID',
  `PARENTIDS` varchar(3200) DEFAULT NULL COMMENT '父类IDS',
  `MEMBER_GROUP_ID` varchar(120) DEFAULT NULL,
  `NICKNAME` varchar(45) DEFAULT NULL COMMENT '昵称',
  `OPEN_ID` varchar(120) DEFAULT NULL COMMENT '微信的open_id',
  PRIMARY KEY (`ID`),
  KEY `SORT` (`SORT`),
  KEY `FK_MEMBER_MEMBER_idx` (`PARENT_ID`),
  KEY `FK_MEMBER_MEMBER_GROUP_idx` (`MEMBER_GROUP_ID`),
  CONSTRAINT `FK_MEMBER_MEMBER` FOREIGN KEY (`PARENT_ID`) REFERENCES `member` (`ID`) ON DELETE CASCADE ON UPDATE CASCADE,
  CONSTRAINT `FK_MEMBER_MEMBER_GROUP` FOREIGN KEY (`MEMBER_GROUP_ID`) REFERENCES `member_group` (`ID`) ON DELETE CASCADE ON UPDATE CASCADE
) ENGINE=InnoDB AUTO_INCREMENT=21 DEFAULT CHARSET=utf8 COMMENT='会员';
/*!40101 SET character_set_client = @saved_cs_client */;

--
-- Dumping data for table `member`
--

LOCK TABLES `member` WRITE;
/*!40000 ALTER TABLE `member` DISABLE KEYS */;
INSERT INTO `member` VALUES ('150270323164192','test','ea48576f30be1669971699c09ad05c94','2017-09-22 07:55:38','2017-08-14 09:33:51','2017-09-22 07:55:38','2017-08-14 09:33:51','','13926205227',0,NULL,NULL,NULL,'http://wx.qlogo.cn/mmopen/z2JphiaeYdpf3r6Lxr1icDaiajHGGSI5SkOOtGbIJo5h8eSt2NiaBHtpWOpuvsrPpCRtZKov3iacScRyicErrzEUlHcrvibNfRlMRae/0','13926205227',NULL,NULL,NULL,'13926205227',NULL,NULL,9,NULL,NULL,NULL,NULL,'黄记新',NULL),('7cdeeb7918a54b379ff996e83053e569','7cdeeb','5284b18e3cfb8aeaa0eba1cd7fba79aa','2017-09-21 10:27:31','2017-09-21 10:27:31','2017-09-21 10:27:31','2017-09-21 10:27:31',NULL,NULL,0,NULL,NULL,NULL,'http://wx.qlogo.cn/mmopen/z2JphiaeYdpf3r6Lxr1icDaiajHGGSI5SkOOtGbIJo5h8eSt2NiaBHtpWOpuvsrPpCRtZKov3iacScRyicErrzEUlHcrvibNfRlMRae/0','{\"country\":\"中国\",\"city\":\"广州\"}',NULL,NULL,NULL,NULL,NULL,NULL,20,NULL,NULL,NULL,NULL,'黄记新','o9_D3s-u1SuJtgBoE_w-eEtdS1WU');
/*!40000 ALTER TABLE `member` ENABLE KEYS */;
UNLOCK TABLES;

--
-- Table structure for table `member_account`
--

DROP TABLE IF EXISTS `member_account`;
/*!40101 SET @saved_cs_client     = @@character_set_client */;
/*!40101 SET character_set_client = utf8 */;
CREATE TABLE `member_account` (
  `ID` varchar(32) NOT NULL,
  `CREATE_DATE` timestamp NULL DEFAULT CURRENT_TIMESTAMP COMMENT '创建日期',
  `UPDATE_DATE` timestamp NULL DEFAULT NULL COMMENT '更新日期',
  `DISABLED` tinyint(1) DEFAULT '0' COMMENT '是否禁用,0否,1是',
  `DESCRIPTION` varchar(1200) DEFAULT NULL COMMENT '描述',
  `REAL_NAME` varchar(32) DEFAULT NULL COMMENT '实名',
  `SORT` int(11) NOT NULL AUTO_INCREMENT COMMENT '排序',
  `ORG_ID` varchar(32) DEFAULT NULL COMMENT '组织结构表ID，该字段用于过滤数据，不做外键关联',
  `MEMBER_ID` varchar(32) DEFAULT NULL,
  `LOCKED` tinyint(1) DEFAULT '0' COMMENT '是否锁定,0否,1是',
  `BALANCE` double DEFAULT NULL COMMENT '账号余额',
  `DEPOSIT` double DEFAULT NULL COMMENT '存款变动金额',
  PRIMARY KEY (`ID`),
  KEY `SORTINDEX` (`SORT`)
) ENGINE=InnoDB AUTO_INCREMENT=14 DEFAULT CHARSET=utf8 COMMENT='会员账户';
/*!40101 SET character_set_client = @saved_cs_client */;

--
-- Dumping data for table `member_account`
--

LOCK TABLES `member_account` WRITE;
/*!40000 ALTER TABLE `member_account` DISABLE KEYS */;
INSERT INTO `member_account` VALUES ('1066e8a026454132ba0aed4f47ab79b7','2017-09-21 06:41:03','2017-09-21 06:41:03',0,NULL,NULL,4,NULL,'1066e8a026454132ba0aed4f47ab79b7',0,NULL,NULL),('150268445155524','2017-08-14 04:20:59','2017-08-14 04:20:59',0,NULL,NULL,1,NULL,'150268445155524',0,NULL,NULL),('150270323164192','2017-08-14 09:33:57','2017-08-14 13:25:20',0,'21','ewr',2,NULL,'150270323164192',1,12,NULL),('19b237821be847d983eab1e9100a98ed','2017-09-21 07:42:32','2017-09-21 07:42:32',0,NULL,NULL,8,NULL,'19b237821be847d983eab1e9100a98ed',0,NULL,NULL),('1abb0df3ca024a078cdf2ff8d5398534','2017-09-21 07:06:50','2017-09-21 07:06:50',0,NULL,NULL,6,NULL,'1abb0df3ca024a078cdf2ff8d5398534',0,NULL,NULL),('417b83f77bd94325827d3f52eedaf288','2017-09-21 10:19:54','2017-09-21 10:19:54',0,NULL,NULL,12,NULL,'417b83f77bd94325827d3f52eedaf288',0,NULL,NULL),('4d6b2d1ac37645ec92f3c13e88b565d3','2017-09-21 06:40:31','2017-09-21 06:40:31',0,NULL,NULL,3,NULL,'4d6b2d1ac37645ec92f3c13e88b565d3',0,NULL,NULL),('7cdeeb7918a54b379ff996e83053e569','2017-09-21 10:27:31','2017-09-21 10:27:31',0,NULL,NULL,13,NULL,'7cdeeb7918a54b379ff996e83053e569',0,NULL,NULL),('8f953934f422479cb4eb1e362e94c39d','2017-09-21 07:42:32','2017-09-21 07:42:32',0,NULL,NULL,9,NULL,'8f953934f422479cb4eb1e362e94c39d',0,NULL,NULL),('917898c946b34d0b91c7c532b44ab6e7','2017-09-21 06:41:22','2017-09-21 06:41:22',0,NULL,NULL,5,NULL,'917898c946b34d0b91c7c532b44ab6e7',0,NULL,NULL),('b0439d614ab44d2dbe805af496c5d2e2','2017-09-21 08:43:58','2017-09-21 08:43:58',0,NULL,NULL,11,NULL,'b0439d614ab44d2dbe805af496c5d2e2',0,NULL,NULL),('b190b39c76e94958b625bdc7e382329a','2017-09-21 07:09:05','2017-09-21 07:09:05',0,NULL,NULL,7,NULL,'b190b39c76e94958b625bdc7e382329a',0,NULL,NULL),('d8e521bd8b1a451298eec953f5dcf0ba','2017-09-21 08:35:22','2017-09-21 08:35:22',0,NULL,NULL,10,NULL,'d8e521bd8b1a451298eec953f5dcf0ba',0,NULL,NULL);
/*!40000 ALTER TABLE `member_account` ENABLE KEYS */;
UNLOCK TABLES;

--
-- Table structure for table `member_account_his`
--

DROP TABLE IF EXISTS `member_account_his`;
/*!40101 SET @saved_cs_client     = @@character_set_client */;
/*!40101 SET character_set_client = utf8 */;
CREATE TABLE `member_account_his` (
  `BALANCE` double DEFAULT NULL COMMENT '账号余额',
  `WITHDRAWAL` double DEFAULT NULL COMMENT '取款金额',
  `DEPOSIT` double DEFAULT NULL COMMENT '存款金额',
  `ID` varchar(32) NOT NULL,
  `CREATE_DATE` timestamp NULL DEFAULT CURRENT_TIMESTAMP COMMENT '创建日期',
  `UPDATE_DATE` timestamp NULL DEFAULT NULL COMMENT '更新日期',
  `DISABLED` tinyint(1) DEFAULT '0' COMMENT '是否禁用,0否,1是',
  `DESCRIPTION` varchar(1200) DEFAULT NULL COMMENT '描述',
  `REAL_NAME` varchar(32) DEFAULT NULL COMMENT '实名',
  `SORT` int(11) NOT NULL AUTO_INCREMENT COMMENT '排序',
  `ORG_ID` varchar(32) DEFAULT NULL COMMENT '组织结构表ID，该字段用于过滤数据，不做外键关联',
  `MEMBER_ID` varchar(32) DEFAULT NULL,
  PRIMARY KEY (`ID`),
  KEY `SORTINDEX` (`SORT`),
  KEY `FK_MACCOUNT_HIS_MEMBER_idx` (`MEMBER_ID`),
  CONSTRAINT `FK_MACCOUNT_HIS_MEMBER` FOREIGN KEY (`MEMBER_ID`) REFERENCES `member` (`ID`) ON DELETE NO ACTION ON UPDATE NO ACTION
) ENGINE=InnoDB AUTO_INCREMENT=5 DEFAULT CHARSET=utf8 COMMENT='存款流水表';
/*!40101 SET character_set_client = @saved_cs_client */;

--
-- Dumping data for table `member_account_his`
--

LOCK TABLES `member_account_his` WRITE;
/*!40000 ALTER TABLE `member_account_his` DISABLE KEYS */;
INSERT INTO `member_account_his` VALUES (12,NULL,NULL,'150270593791613','2017-08-14 10:19:02','2017-08-14 10:19:02',0,'21','ewr',1,NULL,'150270323164192'),(12,NULL,NULL,'150271712110684','2017-08-14 13:25:21','2017-08-14 13:25:21',0,'21','ewr',2,NULL,'150270323164192'),(12,NULL,NULL,'150271713919912','2017-08-14 13:25:39','2017-08-14 13:25:39',0,'21','ewr',3,NULL,'150270323164192'),(12,NULL,NULL,'150272132289310','2017-08-14 14:35:23','2017-08-14 14:35:23',0,'21','ewr',4,NULL,'150270323164192');
/*!40000 ALTER TABLE `member_account_his` ENABLE KEYS */;
UNLOCK TABLES;

--
-- Table structure for table `member_address`
--

DROP TABLE IF EXISTS `member_address`;
/*!40101 SET @saved_cs_client     = @@character_set_client */;
/*!40101 SET character_set_client = utf8 */;
CREATE TABLE `member_address` (
  `ID` varchar(32) NOT NULL,
  `PROVINCE` varchar(120) DEFAULT NULL COMMENT '省',
  `CITY` varchar(120) DEFAULT NULL COMMENT '市',
  `AREA` varchar(120) DEFAULT NULL COMMENT '区',
  `NAME` varchar(50) DEFAULT NULL COMMENT '姓名',
  `MOBIL_PHONE` varchar(120) DEFAULT NULL COMMENT '手机',
  `STREET` varchar(120) DEFAULT NULL COMMENT '街道',
  `MEMBER_ID` varchar(120) DEFAULT NULL,
  `IS_DEFAULT` varchar(1) DEFAULT '0' COMMENT '是否设置为默认1为是,0为否',
  `DISABLE` varchar(1) DEFAULT '0',
  `CREATE_DATE` timestamp NULL DEFAULT CURRENT_TIMESTAMP COMMENT '创建日期',
  `UPDATE_DATE` timestamp NULL DEFAULT NULL COMMENT '更新日期',
  PRIMARY KEY (`ID`),
  KEY `FK_MEMBER_ADDRESS_MEMBER_idx` (`MEMBER_ID`),
  CONSTRAINT `FK_MEMBER_ADDRESS_MEMBER` FOREIGN KEY (`MEMBER_ID`) REFERENCES `member` (`ID`) ON DELETE CASCADE ON UPDATE CASCADE
) ENGINE=InnoDB DEFAULT CHARSET=utf8;
/*!40101 SET character_set_client = @saved_cs_client */;

--
-- Dumping data for table `member_address`
--

LOCK TABLES `member_address` WRITE;
/*!40000 ALTER TABLE `member_address` DISABLE KEYS */;
INSERT INTO `member_address` VALUES ('0b597d967d854f37897bded41a0b4eca','广东','广州',NULL,'黄记新','13926205227','黄埔区茅岗路和贵新街4巷10号',NULL,'0','0','2017-09-14 07:05:20','2017-09-14 07:05:20'),('0b7e6a2a082e4ba4ade09fc245d95c2a','广东','广州',NULL,'黄记新','13926205227','黄埔区茅岗路和贵新街4巷10号',NULL,'1','0','2017-09-11 01:16:46','2017-09-11 09:04:19'),('1b482be7927241d7bc06a41fba8014be','天津','河东',NULL,'黄建新','13926203777','广告歌',NULL,'0','0','2017-09-11 08:29:49','2017-09-11 09:03:16'),('4e088604f4174e81a8d774f0bd74a720','广东','广州',NULL,'黄记新','13926205227','黄埔区茅岗路和贵新街4巷10号','150270323164192','1','0','2017-09-19 11:13:14','2017-09-21 04:14:43'),('6b04fa70623b4562ba240c473d515276','广东','揭阳',NULL,'杨苗青','13926205227','榕城区新河区新阳路13号',NULL,'0','0','2017-09-11 07:32:10','2017-09-11 09:03:16'),('7364f5b2ebd64eb78b69a656443f977a','广东','广州',NULL,'hjx','13926205227','hhs','150270323164192','0','0','2017-09-19 15:10:58','2017-09-21 04:15:03'),('ad66832e3345413281f3d8579db96b91','北京','东城区',NULL,'test','13926205227','wew','7cdeeb7918a54b379ff996e83053e569','1','0','2017-09-21 10:41:40','2017-09-21 10:41:40'),('bd53505288114099a3c235dfc3210476','北京','东城区',NULL,'黄建新','13926205227','古古怪怪',NULL,'0','0','2017-09-11 08:29:12','2017-09-11 09:03:16'),('c66e4fdfcea243b6b4881f799723f2bd','广东','广州',NULL,'123','13926205227','21211',NULL,'0','0','2017-09-14 07:10:02','2017-09-14 07:10:02');
/*!40000 ALTER TABLE `member_address` ENABLE KEYS */;
UNLOCK TABLES;

--
-- Table structure for table `member_group`
--

DROP TABLE IF EXISTS `member_group`;
/*!40101 SET @saved_cs_client     = @@character_set_client */;
/*!40101 SET character_set_client = utf8 */;
CREATE TABLE `member_group` (
  `ID` varchar(32) NOT NULL COMMENT 'id',
  `NAME` varchar(120) DEFAULT NULL COMMENT '名称',
  `CREATE_DATE` timestamp NULL DEFAULT CURRENT_TIMESTAMP COMMENT '创建日期',
  `UPDATE_DATE` timestamp NULL DEFAULT NULL COMMENT '更新日期',
  `DISABLE` tinyint(1) DEFAULT NULL COMMENT '是否禁用',
  `CREATOR` varchar(120) DEFAULT NULL COMMENT '创建人',
  `UPDATER` varchar(120) DEFAULT NULL COMMENT '更新人',
  `CODE` varchar(120) DEFAULT NULL COMMENT '排序',
  `SORT` int(11) NOT NULL AUTO_INCREMENT COMMENT '排序',
  `ORG_ID` varchar(32) DEFAULT NULL COMMENT '组织结构表ID，该字段用于过滤数据，不做外键关联',
  `PARENT_ID` varchar(120) DEFAULT NULL COMMENT '父类ID',
  `PARENTIDS` varchar(3200) DEFAULT NULL COMMENT '父类IDS',
  PRIMARY KEY (`ID`),
  KEY `SORT` (`SORT`),
  KEY `FK_MEMBER_GROUP_MEMBER_GROUP_idx` (`PARENT_ID`),
  CONSTRAINT `FK_MEMBER_GROUP_MEMBER_GROUP` FOREIGN KEY (`PARENT_ID`) REFERENCES `member_group` (`ID`) ON DELETE CASCADE ON UPDATE CASCADE
) ENGINE=InnoDB DEFAULT CHARSET=utf8 COMMENT='会员组';
/*!40101 SET character_set_client = @saved_cs_client */;

--
-- Dumping data for table `member_group`
--

LOCK TABLES `member_group` WRITE;
/*!40000 ALTER TABLE `member_group` DISABLE KEYS */;
/*!40000 ALTER TABLE `member_group` ENABLE KEYS */;
UNLOCK TABLES;

--
-- Table structure for table `member_guess_question`
--

DROP TABLE IF EXISTS `member_guess_question`;
/*!40101 SET @saved_cs_client     = @@character_set_client */;
/*!40101 SET character_set_client = utf8 */;
CREATE TABLE `member_guess_question` (
  `ID` varchar(32) NOT NULL,
  `GUESS_QUESTION_ID` varchar(32) DEFAULT NULL COMMENT '竞猜问题ID',
  `MEMBER_ID` varchar(32) DEFAULT NULL,
  `GUESS_ACCOUNT` double DEFAULT NULL COMMENT '竞猜值',
  PRIMARY KEY (`ID`),
  KEY `FK_MGQ_MEMBER_idx` (`MEMBER_ID`),
  KEY `FK_MGQ_QUESTION_idx` (`GUESS_QUESTION_ID`),
  CONSTRAINT `FK_MGQ_MEMBER` FOREIGN KEY (`MEMBER_ID`) REFERENCES `member` (`ID`) ON DELETE NO ACTION ON UPDATE NO ACTION,
  CONSTRAINT `FK_MGQ_QUESTION` FOREIGN KEY (`GUESS_QUESTION_ID`) REFERENCES `guess_question` (`ID`) ON DELETE NO ACTION ON UPDATE NO ACTION
) ENGINE=InnoDB DEFAULT CHARSET=utf8 COMMENT='会员竞猜中间表';
/*!40101 SET character_set_client = @saved_cs_client */;

--
-- Dumping data for table `member_guess_question`
--

LOCK TABLES `member_guess_question` WRITE;
/*!40000 ALTER TABLE `member_guess_question` DISABLE KEYS */;
/*!40000 ALTER TABLE `member_guess_question` ENABLE KEYS */;
UNLOCK TABLES;

--
-- Table structure for table `member_level`
--

DROP TABLE IF EXISTS `member_level`;
/*!40101 SET @saved_cs_client     = @@character_set_client */;
/*!40101 SET character_set_client = utf8 */;
CREATE TABLE `member_level` (
  `ID` varchar(32) NOT NULL COMMENT 'id',
  `NAME` varchar(120) DEFAULT NULL COMMENT '名称',
  `CREATE_DATE` timestamp NULL DEFAULT CURRENT_TIMESTAMP COMMENT '创建日期',
  `UPDATE_DATE` timestamp NULL DEFAULT NULL COMMENT '更新日期',
  `DISABLE` tinyint(1) DEFAULT '0' COMMENT '是否禁用,0为否，1为是',
  `CREATOR` varchar(120) DEFAULT NULL COMMENT '创建人',
  `UPDATER` varchar(120) DEFAULT NULL COMMENT '更新人',
  `CODE` varchar(120) DEFAULT NULL COMMENT '代码',
  `SORT` int(11) NOT NULL AUTO_INCREMENT COMMENT '排序',
  `ORG_ID` varchar(32) DEFAULT NULL COMMENT '组织结构表ID，该字段用于过滤数据，不做外键关联',
  PRIMARY KEY (`ID`),
  KEY `SORTINDEX` (`SORT`)
) ENGINE=InnoDB DEFAULT CHARSET=utf8;
/*!40101 SET character_set_client = @saved_cs_client */;

--
-- Dumping data for table `member_level`
--

LOCK TABLES `member_level` WRITE;
/*!40000 ALTER TABLE `member_level` DISABLE KEYS */;
/*!40000 ALTER TABLE `member_level` ENABLE KEYS */;
UNLOCK TABLES;

--
-- Table structure for table `member_play_account`
--

DROP TABLE IF EXISTS `member_play_account`;
/*!40101 SET @saved_cs_client     = @@character_set_client */;
/*!40101 SET character_set_client = utf8 */;
CREATE TABLE `member_play_account` (
  `ID` varchar(32) NOT NULL,
  `NAME` varchar(120) DEFAULT NULL COMMENT '用户名',
  `CREATE_DATE` timestamp NULL DEFAULT CURRENT_TIMESTAMP COMMENT '创建日期',
  `UPDATE_DATE` timestamp NULL DEFAULT NULL COMMENT '更新日期',
  `DISABLED` tinyint(1) DEFAULT '0' COMMENT '是否禁用',
  `ZHIHUIDOU_COUNT` int(11) DEFAULT NULL COMMENT '智慧豆数量',
  `MEMBER_ID` varchar(32) DEFAULT NULL COMMENT '会员外键',
  PRIMARY KEY (`ID`),
  KEY `FK_MPA_MEMBER_idx` (`MEMBER_ID`),
  CONSTRAINT `FK_MPA_MEMBER` FOREIGN KEY (`MEMBER_ID`) REFERENCES `member` (`ID`) ON DELETE CASCADE ON UPDATE CASCADE
) ENGINE=InnoDB DEFAULT CHARSET=utf8 COMMENT='会员智惠豆帐号，专门用于竞猜充值，变现为优惠券';
/*!40101 SET character_set_client = @saved_cs_client */;

--
-- Dumping data for table `member_play_account`
--

LOCK TABLES `member_play_account` WRITE;
/*!40000 ALTER TABLE `member_play_account` DISABLE KEYS */;
INSERT INTO `member_play_account` VALUES ('150270323164192',NULL,'2017-08-14 09:33:57','2017-09-15 08:22:06',0,42083,'150270323164192'),('7cdeeb7918a54b379ff996e83053e569',NULL,'2017-09-21 10:27:31','2017-09-21 10:27:31',0,NULL,'7cdeeb7918a54b379ff996e83053e569');
/*!40000 ALTER TABLE `member_play_account` ENABLE KEYS */;
UNLOCK TABLES;

--
-- Table structure for table `member_play_his_account`
--

DROP TABLE IF EXISTS `member_play_his_account`;
/*!40101 SET @saved_cs_client     = @@character_set_client */;
/*!40101 SET character_set_client = utf8 */;
CREATE TABLE `member_play_his_account` (
  `ID` varchar(32) NOT NULL,
  `NAME` varchar(120) DEFAULT NULL COMMENT '用户名',
  `CREATE_DATE` timestamp NULL DEFAULT CURRENT_TIMESTAMP COMMENT '创建日期',
  `UPDATE_DATE` timestamp NULL DEFAULT NULL COMMENT '更新日期',
  `DISABLED` tinyint(1) DEFAULT '0' COMMENT '是否禁用',
  `ZHIHUIDOU_COUNT` int(11) DEFAULT NULL COMMENT '智慧豆数量',
  `MEMBER_ID` varchar(32) DEFAULT NULL COMMENT '会员外键',
  PRIMARY KEY (`ID`),
  KEY `FK_MPAHIS_MEMBER_idx` (`MEMBER_ID`),
  CONSTRAINT `FK_MPAHIS_MEMBER` FOREIGN KEY (`MEMBER_ID`) REFERENCES `member` (`ID`) ON DELETE NO ACTION ON UPDATE NO ACTION
) ENGINE=InnoDB DEFAULT CHARSET=utf8 COMMENT='会员智惠豆帐号历史记录';
/*!40101 SET character_set_client = @saved_cs_client */;

--
-- Dumping data for table `member_play_his_account`
--

LOCK TABLES `member_play_his_account` WRITE;
/*!40000 ALTER TABLE `member_play_his_account` DISABLE KEYS */;
INSERT INTO `member_play_his_account` VALUES ('0ed04a4bfcc9406dadd9ed4814ff7198','竞猜1000豆中超第24轮，广州恒大（主队） VS 长春亚泰（客队）',NULL,NULL,NULL,97983,'150270323164192'),('17f8e2e21474476f9dc1c95e7fd2a4ce',NULL,NULL,NULL,NULL,99083,'150270323164192'),('38c44728f48f4269a2524a79758e78c7','竞猜1000豆中超第24轮，广州恒大（主队） VS 长春亚泰（客队）',NULL,NULL,NULL,97983,'150270323164192'),('458791f6f43a40cd869ed9670ab938dd','竞猜100豆中超第24轮，广州恒大（主队） VS 长春亚泰（客队）','2017-09-22 13:23:13',NULL,NULL,42083,'150270323164192'),('45a8df9f183a4574abc61ffda3394ca6','竞猜100豆中超第24轮，广州恒大（主队） VS 长春亚泰（客队）',NULL,NULL,NULL,98883,'150270323164192'),('468b20196a61461ca95b8858e1f807a3','竞猜50000豆中超第24轮，广州恒大（主队） VS 长春亚泰（客队）',NULL,NULL,NULL,48983,'150270323164192'),('7429bfa1b63048fb9f057b6b41fd3746','竞猜100豆中超第24轮，广州恒大（主队） VS 长春亚泰（客队）','2017-09-15 12:37:38',NULL,NULL,48683,'150270323164192'),('76264ab75a604f9fb2c384c54e434775','竞猜100豆中超第24轮，广州恒大（主队） VS 长春亚泰（客队）','2017-09-21 04:17:59',NULL,NULL,42083,'150270323164192'),('8977a8d0455346479856b290fdb8f0cf','竞猜100豆中超第24轮，广州恒大（主队） VS 长春亚泰（客队）','2017-09-17 00:27:18',NULL,NULL,47083,'150270323164192'),('8a44cbfa0349405e9d753002c620b5cd','竞猜100豆中超第24轮，广州恒大（主队） VS 长春亚泰（客队）','2017-09-21 04:17:36',NULL,NULL,42083,'150270323164192'),('8b4765acc205466c818c0d6c51028c6f','竞猜100豆中超第24轮，广州恒大（主队） VS 长春亚泰（客队）','2017-09-15 12:37:33',NULL,NULL,48783,'150270323164192'),('96ae790383224987a88217c1e018c3ea','竞猜500豆中超第24轮，广州恒大（主队） VS 长春亚泰（客队）','2017-09-15 12:37:45',NULL,NULL,48183,'150270323164192'),('9d94ebe2ea654cb9a6315b66a277e7dd','竞猜100豆中超第24轮，广州恒大（主队） VS 长春亚泰（客队）','2017-09-17 00:27:18',NULL,NULL,47083,'150270323164192'),('a0a46d709de64a938c64394a77203f9c','竞猜50000豆中超第24轮，广州恒大（主队） VS 长春亚泰（客队）',NULL,NULL,NULL,48883,'150270323164192'),('a832cae8254940ba8d21aef356868514',NULL,NULL,NULL,NULL,98983,'150270323164192'),('b8b18cee327f435f9fa5b19c96e6c140','竞猜500豆中超第24轮，广州恒大（主队） VS 长春亚泰（客队）','2017-09-15 13:30:28',NULL,NULL,47183,'150270323164192'),('cf525c75a35c4745957b4b3a6393bc7e','竞猜5000豆中超第24轮，广州恒大（主队） VS 长春亚泰（客队）','2017-09-17 00:31:13',NULL,NULL,42183,'150270323164192'),('e0347217fc044557a50c866f1819f6f9','竞猜100豆中超第24轮，广州恒大（主队） VS 长春亚泰（客队）',NULL,NULL,NULL,98883,'150270323164192'),('f24620b283e84e84989f3ae75374195b','竞猜500豆中超第24轮，广州恒大（主队） VS 长春亚泰（客队）','2017-09-15 13:30:21',NULL,NULL,47683,'150270323164192');
/*!40000 ALTER TABLE `member_play_his_account` ENABLE KEYS */;
UNLOCK TABLES;

--
-- Table structure for table `member_product_distribution`
--

DROP TABLE IF EXISTS `member_product_distribution`;
/*!40101 SET @saved_cs_client     = @@character_set_client */;
/*!40101 SET character_set_client = utf8 */;
CREATE TABLE `member_product_distribution` (
  `ID` varchar(120) NOT NULL,
  `MEMBER_ID` varchar(45) DEFAULT NULL COMMENT '会员ID',
  `PRODUCT_ID` varchar(45) DEFAULT NULL COMMENT '产品ID',
  PRIMARY KEY (`ID`)
) ENGINE=InnoDB DEFAULT CHARSET=utf8 COMMENT='会员分销产品中间表（越高级的会员能够分销的商品越多）';
/*!40101 SET character_set_client = @saved_cs_client */;

--
-- Dumping data for table `member_product_distribution`
--

LOCK TABLES `member_product_distribution` WRITE;
/*!40000 ALTER TABLE `member_product_distribution` DISABLE KEYS */;
/*!40000 ALTER TABLE `member_product_distribution` ENABLE KEYS */;
UNLOCK TABLES;

--
-- Table structure for table `member_profit`
--

DROP TABLE IF EXISTS `member_profit`;
/*!40101 SET @saved_cs_client     = @@character_set_client */;
/*!40101 SET character_set_client = utf8 */;
CREATE TABLE `member_profit` (
  `ID` varchar(32) NOT NULL,
  `MEMBER_ID` varchar(32) DEFAULT NULL,
  `PRODUCT_ID` varchar(45) DEFAULT NULL,
  `SALE_PRICE` double DEFAULT NULL COMMENT '销售价',
  `DEAL_PRICE` double DEFAULT NULL COMMENT '成交价',
  `PROFIT` double DEFAULT NULL COMMENT '盈利',
  `DISTRIBUTION_VALUE` double DEFAULT NULL COMMENT '分销让利值,是指该商品允许分销以后,销售出去给分销者的钱',
  `REAL_PROFIT` double DEFAULT '0',
  `TRANSPORT_FEE` double DEFAULT NULL COMMENT '运费',
  PRIMARY KEY (`ID`),
  KEY `FK_MEMPROFIT_MEMBER_idx` (`MEMBER_ID`),
  KEY `FK_MEMPROFIT_PRODUCT_idx` (`PRODUCT_ID`),
  CONSTRAINT `FK_MEMPROFIT_MEMBER` FOREIGN KEY (`MEMBER_ID`) REFERENCES `member` (`ID`) ON DELETE CASCADE ON UPDATE CASCADE,
  CONSTRAINT `FK_MEMPROFIT_PRODUCT` FOREIGN KEY (`PRODUCT_ID`) REFERENCES `pr_product` (`ID`) ON DELETE CASCADE ON UPDATE CASCADE
) ENGINE=InnoDB DEFAULT CHARSET=utf8 COMMENT='会员盈利表，会员可以分销商品，';
/*!40101 SET character_set_client = @saved_cs_client */;

--
-- Dumping data for table `member_profit`
--

LOCK TABLES `member_profit` WRITE;
/*!40000 ALTER TABLE `member_profit` DISABLE KEYS */;
/*!40000 ALTER TABLE `member_profit` ENABLE KEYS */;
UNLOCK TABLES;

--
-- Table structure for table `order_comment`
--

DROP TABLE IF EXISTS `order_comment`;
/*!40101 SET @saved_cs_client     = @@character_set_client */;
/*!40101 SET character_set_client = utf8 */;
CREATE TABLE `order_comment` (
  `ID` varchar(32) NOT NULL,
  `CREATOR` varchar(120) DEFAULT NULL COMMENT '创建人',
  `UPDATER` varchar(120) DEFAULT NULL COMMENT '更新人',
  `ORG_ID` varchar(32) DEFAULT NULL COMMENT '组织结构表ID，该字段用于过滤数据，不做外键关联',
  `CREATE_DATE` timestamp NULL DEFAULT CURRENT_TIMESTAMP COMMENT '创建日期',
  `UPDATE_DATE` timestamp NULL DEFAULT NULL COMMENT '更新日期',
  `DISABLE` tinyint(1) DEFAULT '0' COMMENT '是否禁用，0否，1是',
  `START_TIME` timestamp NULL DEFAULT NULL COMMENT '开始时间，用于查询绑定',
  `END_TIME` timestamp NULL DEFAULT NULL COMMENT '结束时间，用于查询绑定',
  `SORT` int(11) NOT NULL AUTO_INCREMENT COMMENT '排序',
  `DESCRIPTION` varchar(120) DEFAULT NULL COMMENT '描述',
  `CODE` varchar(120) DEFAULT NULL COMMENT '代码',
  `STATUS` varchar(45) DEFAULT NULL COMMENT '订单状态',
  `SHOP_ID` varchar(120) DEFAULT NULL COMMENT '商铺ID',
  `PRODUCT_ID` varchar(120) DEFAULT NULL COMMENT '商品ID',
  `DEAL_PRICE` varchar(120) DEFAULT NULL COMMENT '实付',
  `MEMBER_ID` varchar(120) DEFAULT NULL COMMENT '会员ID',
  `ADDRESS` varchar(45) DEFAULT NULL COMMENT '具体地址',
  `USER_ID` varchar(32) DEFAULT NULL COMMENT '店铺管理员ID',
  `ICON` varchar(120) DEFAULT NULL COMMENT '评论晒图',
  `ORDER_TRADE_ID` varchar(32) DEFAULT NULL,
  PRIMARY KEY (`ID`),
  KEY `SORTINDEX` (`SORT`),
  KEY `FK_ORDER_COMMENT_ORDER_idx` (`ORDER_TRADE_ID`)
) ENGINE=MyISAM DEFAULT CHARSET=utf8 COMMENT='订单评论';
/*!40101 SET character_set_client = @saved_cs_client */;

--
-- Dumping data for table `order_comment`
--

LOCK TABLES `order_comment` WRITE;
/*!40000 ALTER TABLE `order_comment` DISABLE KEYS */;
/*!40000 ALTER TABLE `order_comment` ENABLE KEYS */;
UNLOCK TABLES;

--
-- Table structure for table `order_delivery`
--

DROP TABLE IF EXISTS `order_delivery`;
/*!40101 SET @saved_cs_client     = @@character_set_client */;
/*!40101 SET character_set_client = utf8 */;
CREATE TABLE `order_delivery` (
  `ID` varchar(32) NOT NULL,
  `CREATOR` varchar(120) DEFAULT NULL COMMENT '创建人',
  `UPDATER` varchar(120) DEFAULT NULL COMMENT '更新人',
  `ORG_ID` varchar(32) DEFAULT NULL COMMENT '组织结构表ID，该字段用于过滤数据，不做外键关联',
  `CREATE_DATE` timestamp NULL DEFAULT CURRENT_TIMESTAMP COMMENT '创建日期',
  `UPDATE_DATE` timestamp NULL DEFAULT NULL COMMENT '更新日期',
  `DISABLED` tinyint(1) DEFAULT '0' COMMENT '是否禁用',
  `START_TIME` timestamp NULL DEFAULT NULL COMMENT '开始时间，用于查询绑定',
  `END_TIME` timestamp NULL DEFAULT NULL COMMENT '结束时间，用于查询绑定',
  `SORT` int(11) DEFAULT NULL COMMENT '排序',
  `DELIVERY_COMPANY` varchar(45) DEFAULT '申通公司' COMMENT '物流公司',
  `DELIVERY_ORDER_CODE` varchar(120) DEFAULT NULL COMMENT '物流公司订单号',
  `NAME` varchar(45) DEFAULT NULL COMMENT '名称',
  `ORDER_ID` varchar(32) DEFAULT NULL,
  PRIMARY KEY (`ID`),
  KEY `DELIVERY_ORDER_CODEINDEX` (`DELIVERY_ORDER_CODE`),
  KEY `order_delivery_order_trade_idx` (`ORDER_ID`),
  CONSTRAINT `order_delivery_order_trade` FOREIGN KEY (`ORDER_ID`) REFERENCES `order_trade` (`ID`) ON DELETE NO ACTION ON UPDATE NO ACTION
) ENGINE=InnoDB DEFAULT CHARSET=utf8 COMMENT='订单包裹信息，包括物流单号，订单号';
/*!40101 SET character_set_client = @saved_cs_client */;

--
-- Dumping data for table `order_delivery`
--

LOCK TABLES `order_delivery` WRITE;
/*!40000 ALTER TABLE `order_delivery` DISABLE KEYS */;
/*!40000 ALTER TABLE `order_delivery` ENABLE KEYS */;
UNLOCK TABLES;

--
-- Table structure for table `order_trade`
--

DROP TABLE IF EXISTS `order_trade`;
/*!40101 SET @saved_cs_client     = @@character_set_client */;
/*!40101 SET character_set_client = utf8 */;
CREATE TABLE `order_trade` (
  `ID` varchar(120) NOT NULL,
  `CREATOR` varchar(120) DEFAULT NULL COMMENT '创建人',
  `UPDATER` varchar(120) DEFAULT NULL COMMENT '更新人',
  `ORG_ID` varchar(32) DEFAULT NULL COMMENT '组织结构表ID，该字段用于过滤数据，不做外键关联',
  `CREATE_DATE` timestamp NULL DEFAULT CURRENT_TIMESTAMP COMMENT '创建日期',
  `UPDATE_DATE` timestamp NULL DEFAULT NULL COMMENT '更新日期',
  `DISABLE` tinyint(1) DEFAULT '0' COMMENT '是否禁用，0否，1是',
  `START_TIME` timestamp NULL DEFAULT NULL COMMENT '开始时间，用于查询绑定',
  `END_TIME` timestamp NULL DEFAULT NULL COMMENT '结束时间，用于查询绑定',
  `SORT` int(11) NOT NULL AUTO_INCREMENT COMMENT '排序',
  `IS_DEFAULT` tinyint(1) DEFAULT '0' COMMENT '是否为默认，0：非，1：是',
  `DESCRIPTION` varchar(120) DEFAULT NULL COMMENT '描述',
  `CODE` varchar(120) DEFAULT NULL COMMENT '代码',
  `STATUS` varchar(45) DEFAULT NULL COMMENT '订单状态',
  `SHOP_ID` varchar(120) DEFAULT NULL COMMENT '商铺ID',
  `PRODUCT_ID` varchar(120) DEFAULT NULL COMMENT '商品ID',
  `DEAL_PRICE` varchar(120) DEFAULT NULL COMMENT '实付',
  `MEMBER_ID` varchar(120) DEFAULT NULL COMMENT '会员ID',
  `BUY_NUM` int(11) DEFAULT NULL COMMENT '购买数量',
  `RECIVE_NAME` varchar(45) DEFAULT NULL COMMENT '收货人名称',
  `ADDRESS` varchar(45) DEFAULT NULL COMMENT '具体地址',
  `TELEPHONE` varchar(45) DEFAULT NULL COMMENT '电话',
  `MAIL_CODE` varchar(45) DEFAULT '000000' COMMENT '邮码',
  `DELIVERY_COMPANY` varchar(45) DEFAULT '申通公司' COMMENT '物流公司',
  `DELIVERY_ORDER_CODE` varchar(120) DEFAULT NULL COMMENT '物流公司订单号',
  `IS_FORM_SCCUESS` tinyint(1) DEFAULT '0' COMMENT '是否为默认，0：非，1：是',
  `TRANSPORT_FEE` double DEFAULT NULL COMMENT '运费',
  `GROUP_PURCSE_ID` varchar(32) DEFAULT NULL COMMENT '开团ID号码',
  `USER_ID` varchar(32) DEFAULT NULL COMMENT '店铺管理员ID',
  `EXPIRED_TIME` datetime DEFAULT NULL COMMENT '过期时间',
  PRIMARY KEY (`ID`),
  KEY `SORT` (`SORT`),
  KEY `FK_ORDER_SHOP_idx` (`SHOP_ID`),
  KEY `FK_ORDER_PRODUCT_idx` (`PRODUCT_ID`),
  KEY `FK_ORDER_MEMBER_idx` (`MEMBER_ID`),
  KEY `GROUP_PURCSE_IDINDEX` (`GROUP_PURCSE_ID`),
  CONSTRAINT `FK_ORDER_MEMBER` FOREIGN KEY (`MEMBER_ID`) REFERENCES `member` (`ID`) ON DELETE CASCADE ON UPDATE CASCADE,
  CONSTRAINT `FK_ORDER_PRODUCT` FOREIGN KEY (`PRODUCT_ID`) REFERENCES `pr_product` (`ID`) ON DELETE CASCADE ON UPDATE CASCADE,
  CONSTRAINT `FK_ORDER_SHOP` FOREIGN KEY (`SHOP_ID`) REFERENCES `shop` (`ID`) ON DELETE CASCADE ON UPDATE CASCADE
) ENGINE=InnoDB AUTO_INCREMENT=78 DEFAULT CHARSET=utf8 COMMENT='订单';
/*!40101 SET character_set_client = @saved_cs_client */;

--
-- Dumping data for table `order_trade`
--

LOCK TABLES `order_trade` WRITE;
/*!40000 ALTER TABLE `order_trade` DISABLE KEYS */;
INSERT INTO `order_trade` VALUES ('0d69fde6bce64c25853bff8b9be7dd31',NULL,NULL,NULL,'2017-09-21 10:41:00','2017-09-21 10:41:00',0,NULL,NULL,74,0,NULL,NULL,'toBePayed','150375229485416','150383670510593',NULL,'7cdeeb7918a54b379ff996e83053e569',1,NULL,NULL,NULL,'000000','申通公司',NULL,0,NULL,NULL,NULL,NULL),('29c9723bb175494ab941886af8d9d5ab',NULL,NULL,NULL,'2017-09-22 06:51:17','2017-09-22 06:51:17',0,NULL,NULL,76,0,NULL,NULL,'toBePayed','150375229485416','150383670510593',NULL,'150270323164192',1,NULL,NULL,NULL,'000000','申通公司',NULL,0,NULL,NULL,NULL,NULL),('aa1b3703b039461195638ac2b80c5c1f',NULL,NULL,NULL,'2017-09-22 07:56:44','2017-09-22 11:13:57',0,NULL,NULL,77,0,NULL,'huangjixin','toBePayed','150375229485416','150383670510593',NULL,'150270323164192',1,NULL,NULL,NULL,'000000','申通公司',NULL,0,NULL,NULL,NULL,NULL),('ee09332a019e4b35bf04ace972fe273b',NULL,NULL,NULL,'2017-09-21 10:43:47','2017-09-21 10:43:47',0,NULL,NULL,75,0,NULL,NULL,'toBePayed','150375229485416','150383670510593',NULL,'7cdeeb7918a54b379ff996e83053e569',1,NULL,NULL,NULL,'000000','申通公司',NULL,0,NULL,NULL,NULL,NULL);
/*!40000 ALTER TABLE `order_trade` ENABLE KEYS */;
UNLOCK TABLES;

--
-- Table structure for table `pay_trade_payment_order`
--

DROP TABLE IF EXISTS `pay_trade_payment_order`;
/*!40101 SET @saved_cs_client     = @@character_set_client */;
/*!40101 SET character_set_client = utf8 */;
CREATE TABLE `pay_trade_payment_order` (
  `ID` varchar(120) NOT NULL,
  `CREATOR` varchar(120) DEFAULT NULL COMMENT '创建人',
  `UPDATER` varchar(120) DEFAULT NULL COMMENT '更新人',
  `CREATE_DATE` timestamp NULL DEFAULT CURRENT_TIMESTAMP COMMENT '创建日期',
  `UPDATE_DATE` timestamp NULL DEFAULT NULL COMMENT '更新日期',
  `DISABLE` tinyint(1) DEFAULT '0' COMMENT '是否禁用',
  `START_TIME` timestamp NULL DEFAULT NULL COMMENT '开始时间，用于查询绑定',
  `END_TIME` timestamp NULL DEFAULT NULL COMMENT '结束时间，用于查询绑定',
  `SORT` int(11) NOT NULL AUTO_INCREMENT COMMENT '排序',
  `MEMBER_ID` varchar(120) DEFAULT NULL COMMENT '会员ID外键',
  `ORDER_ID` varchar(120) DEFAULT NULL COMMENT '订单ID外键',
  `PRODUCT_ID` varchar(120) DEFAULT NULL COMMENT '商品ID外键',
  `ORG_ID` varchar(120) DEFAULT NULL COMMENT '用户ID外键',
  `MEM_NAME` varchar(120) DEFAULT NULL COMMENT '会员名称',
  `DESCRIPTION` varchar(1200) DEFAULT NULL COMMENT '描述',
  `STATUS` varchar(45) DEFAULT NULL COMMENT '订单状态:',
  `PRODUCT_NAME` varchar(120) DEFAULT NULL,
  `ORDER_AMOUNT` double DEFAULT NULL COMMENT '订单金额',
  `MERCHANT_ORDER_NO` varchar(120) DEFAULT NULL COMMENT '订单商户号',
  `ORDER_FROM` varchar(120) DEFAULT NULL COMMENT '订单来源',
  `MERCHANT_NAME` varchar(120) DEFAULT NULL COMMENT '商家名称',
  `MERCHANT_NO` varchar(120) DEFAULT NULL COMMENT '商户编号',
  `ORDER_TIME` timestamp NULL DEFAULT NULL COMMENT '订单时间戳',
  `ORDER_DATE` date DEFAULT NULL COMMENT '订单日期',
  `ORDER_IP` varchar(20) DEFAULT NULL COMMENT '订单IP地址',
  `ORDER_REFERER_URL` varchar(240) DEFAULT NULL COMMENT '从哪个页面链接过来的(可用于防诈骗)',
  `RETURN_URL` varchar(600) DEFAULT NULL COMMENT '页面回调通知url',
  `NOTIFY_URL` varchar(600) DEFAULT NULL COMMENT '后台异步通知url',
  `CANCEL_REASON` varchar(600) DEFAULT NULL COMMENT '订单撤销原因',
  `ORDER_PERIOD` int(11) DEFAULT NULL COMMENT '订单有效期(单位分钟)',
  `EXPIRE_TIME` date DEFAULT NULL COMMENT '到期时间',
  `REMARK` varchar(200) DEFAULT NULL COMMENT '支付备注',
  `PAY_WAY_NAME` varchar(45) DEFAULT NULL COMMENT '支付方式名称',
  `PAY_WAY_CODE` varchar(120) DEFAULT NULL COMMENT '支付方式编号',
  `TRX_TYPE` varchar(45) DEFAULT NULL COMMENT '交易业务类型  ：消费、充值等',
  `TRX_NO` varchar(120) DEFAULT NULL COMMENT '支付流水号',
  `PAY_TYPE_CODE` varchar(120) DEFAULT NULL,
  `PAY_TYPE_NAME` varchar(45) DEFAULT NULL COMMENT '支付类型名称',
  `FUND_INTO_TYPE` varchar(45) DEFAULT NULL COMMENT '资金流入类型',
  `IS_REFUND` tinyint(1) DEFAULT '0' COMMENT '是否退款(1:是,0:否,默认值为:0)',
  `REFUND_TIMES` int(11) DEFAULT '0' COMMENT '退款次数(默认值为:0)',
  PRIMARY KEY (`ID`),
  KEY `SORTINDEX` (`SORT`)
) ENGINE=InnoDB DEFAULT CHARSET=utf8 COMMENT='支付订单';
/*!40101 SET character_set_client = @saved_cs_client */;

--
-- Dumping data for table `pay_trade_payment_order`
--

LOCK TABLES `pay_trade_payment_order` WRITE;
/*!40000 ALTER TABLE `pay_trade_payment_order` DISABLE KEYS */;
/*!40000 ALTER TABLE `pay_trade_payment_order` ENABLE KEYS */;
UNLOCK TABLES;

--
-- Table structure for table `pr_category`
--

DROP TABLE IF EXISTS `pr_category`;
/*!40101 SET @saved_cs_client     = @@character_set_client */;
/*!40101 SET character_set_client = utf8 */;
CREATE TABLE `pr_category` (
  `ID` varchar(120) NOT NULL,
  `CREATOR` varchar(120) DEFAULT NULL COMMENT '创建人',
  `UPDATER` varchar(120) DEFAULT NULL COMMENT '更新人',
  `ORG_ID` varchar(32) DEFAULT NULL COMMENT '组织结构表ID，该字段用于过滤数据，不做外键关联',
  `CREATE_DATE` timestamp NULL DEFAULT CURRENT_TIMESTAMP COMMENT '创建日期',
  `UPDATE_DATE` timestamp NULL DEFAULT NULL COMMENT '更新日期',
  `DISABLE` tinyint(1) DEFAULT '0' COMMENT '是否禁用，0否，1是',
  `START_TIME` timestamp NULL DEFAULT NULL COMMENT '开始时间，用于查询绑定',
  `END_TIME` timestamp NULL DEFAULT NULL COMMENT '结束时间，用于查询绑定',
  `SORT` int(11) NOT NULL AUTO_INCREMENT COMMENT '排序',
  `IS_DEFAULT` tinyint(1) DEFAULT '0' COMMENT '是否为默认，0：非，1：是',
  `EN_NAME` varchar(120) DEFAULT NULL COMMENT '英文名称',
  `NAME` varchar(120) DEFAULT NULL COMMENT '种类名称',
  `DESCRIPTION` varchar(120) DEFAULT NULL COMMENT '描述',
  `PARENT_ID` varchar(120) DEFAULT NULL COMMENT '父类ID',
  `PARENTIDS` varchar(3200) DEFAULT NULL COMMENT '父类IDS',
  `ICON` varchar(1200) DEFAULT NULL COMMENT '图标',
  `KEYWORDS` varchar(120) DEFAULT NULL COMMENT '关键字',
  `THUMBNAIL` varchar(1200) DEFAULT NULL COMMENT '缩略图',
  `CODE` varchar(120) DEFAULT NULL COMMENT '代码',
  PRIMARY KEY (`ID`),
  KEY `SORT` (`SORT`),
  KEY `fk_pr_category_category_idx` (`PARENT_ID`),
  CONSTRAINT `fk_pr_category_category` FOREIGN KEY (`PARENT_ID`) REFERENCES `pr_category` (`ID`) ON DELETE CASCADE ON UPDATE CASCADE
) ENGINE=InnoDB AUTO_INCREMENT=58 DEFAULT CHARSET=utf8 COMMENT='商品种类管理';
/*!40101 SET character_set_client = @saved_cs_client */;

--
-- Dumping data for table `pr_category`
--

LOCK TABLES `pr_category` WRITE;
/*!40000 ALTER TABLE `pr_category` DISABLE KEYS */;
INSERT INTO `pr_category` VALUES ('149879109000689',NULL,NULL,NULL,'2017-06-30 02:51:41','2017-08-30 11:04:57',0,NULL,NULL,3,0,'clothes','服饰','服饰',NULL,'','uassets/2017/8/30/1504091064401.webp',NULL,NULL,'fushi'),('150408382323048',NULL,NULL,NULL,'2017-08-30 09:03:43','2017-08-30 09:03:43',0,NULL,NULL,12,0,NULL,'男装','男装',NULL,NULL,'uassets/2017/8/30/1504083814398.webp',NULL,NULL,'nanzhuang'),('1504085428827',NULL,NULL,NULL,'2017-08-30 09:31:41','2017-08-30 11:37:37',0,NULL,NULL,16,0,NULL,'T恤','T恤','150408382323048',NULL,'uassets/2017/8/30/1504090707199.webp',NULL,NULL,'tixu'),('1504091114549',NULL,NULL,NULL,'2017-08-30 11:09:37','2017-08-30 11:09:37',0,NULL,NULL,17,0,NULL,'美食','美食',NULL,NULL,'uassets/2017/8/30/1504091315778.webp',NULL,NULL,'meishi'),('1504091377795',NULL,NULL,NULL,'2017-08-30 11:10:45','2017-08-30 13:21:38',0,NULL,NULL,18,0,NULL,'日用品','家居',NULL,NULL,'uassets/2017/8/30/1504091443006.webp',NULL,NULL,'riyongpin'),('1504091445504',NULL,NULL,NULL,'2017-08-30 11:11:30','2017-08-30 11:11:30',0,NULL,NULL,19,0,NULL,'纸品湿巾','纸品湿巾','1504091377795',NULL,'uassets/2017/8/30/1504091478076.webp',NULL,NULL,'zhipingshijin'),('1504091490955',NULL,NULL,NULL,'2017-08-30 11:12:07','2017-08-30 11:12:07',0,NULL,NULL,20,0,NULL,'饰品首饰','饰品首饰','1504091377795',NULL,'uassets/2017/8/30/1504091522199.webp',NULL,NULL,'shipinshoushi'),('1504091527135',NULL,NULL,NULL,'2017-08-30 11:12:49','2017-08-30 11:12:49',0,NULL,NULL,21,0,NULL,'餐具水具','餐具水具','1504091377795',NULL,'uassets/2017/8/30/1504091557168.webp',NULL,NULL,'canjushuiju'),('1504091709763',NULL,NULL,NULL,'2017-08-30 11:16:21','2017-08-30 11:16:21',0,NULL,NULL,22,0,NULL,'厨房用品','厨房用品','1504091377795',NULL,'uassets/2017/8/30/1504091775222.webp',NULL,NULL,'chufangyongpin'),('1504091934763',NULL,NULL,NULL,'2017-08-30 11:19:36','2017-08-30 11:19:36',0,NULL,NULL,23,0,NULL,'清洁用具','清洁用具','1504091377795',NULL,'uassets/2017/8/30/1504091973745.webp',NULL,NULL,'qingjieyongju'),('1504092428839',NULL,NULL,NULL,'2017-08-30 11:28:19','2017-08-30 11:28:52',0,NULL,NULL,24,0,NULL,'日用百货','日用百货','1504091377795',NULL,'uassets/2017/8/30/1504092492444.webp',NULL,NULL,'riyongbaihuo'),('1504092596212',NULL,NULL,NULL,'2017-08-30 11:30:50','2017-08-30 11:30:50',0,NULL,NULL,25,0,NULL,'休闲零食','休闲零食','1504091114549',NULL,'uassets/2017/8/30/1504092644961.webp',NULL,NULL,'xiuxianlingshi'),('1504092768188',NULL,NULL,NULL,'2017-08-30 11:34:07','2017-08-30 11:34:07',0,NULL,NULL,26,0,NULL,'营养保健','营养保健','1504091114549',NULL,'uassets/2017/8/30/1504092831809.webp',NULL,NULL,'yingyangbaojian'),('1504092847772',NULL,NULL,NULL,'2017-08-30 11:34:48','2017-08-30 11:34:48',0,NULL,NULL,27,0,NULL,'糕点饼干','糕点饼干','1504091114549',NULL,'uassets/2017/8/30/1504092880728.webp',NULL,NULL,'gaodianbinggan'),('1504092888385',NULL,NULL,NULL,'2017-08-30 11:35:35','2017-08-30 11:35:35',0,NULL,NULL,28,0,NULL,'坚果蜜栈','坚果蜜栈','1504091114549',NULL,'uassets/2017/8/30/1504092930446.webp',NULL,NULL,'jianguomizhan'),('1504092936041',NULL,NULL,NULL,'2017-08-30 11:36:12','2017-08-30 11:36:12',0,NULL,NULL,29,0,NULL,'粮油速食','粮油速食','1504091114549',NULL,'uassets/2017/8/30/1504092966674.webp',NULL,NULL,'liangyousushi'),('1504093070005',NULL,NULL,NULL,'2017-08-30 11:38:36','2017-08-30 11:38:36',0,NULL,NULL,30,0,NULL,'衬衫','衬衫','150408382323048',NULL,'uassets/2017/8/30/1504093110702.webp',NULL,NULL,'chenshan'),('1504093116278',NULL,NULL,NULL,'2017-08-30 11:39:38','2017-08-30 11:39:38',0,NULL,NULL,31,0,NULL,'男装','男装子类','150408382323048',NULL,'uassets/2017/8/30/1504093165113.webp',NULL,NULL,'nanzhuangzilei'),('1504093178176',NULL,NULL,NULL,'2017-08-30 11:40:46','2017-08-30 11:40:46',0,NULL,NULL,32,0,NULL,'套装','套装','150408382323048',NULL,'uassets/2017/8/30/1504093240704.webp',NULL,NULL,'taozhuang'),('1504093246711',NULL,NULL,NULL,'2017-08-30 11:41:23','2017-08-30 11:41:23',0,NULL,NULL,33,0,NULL,'内衣裤袜','内衣裤袜','150408382323048',NULL,'uassets/2017/8/30/1504093282668.webp',NULL,NULL,'neiyikuwa'),('1504093484290',NULL,NULL,NULL,'2017-08-30 11:46:08','2017-08-30 13:13:13',0,NULL,NULL,34,0,NULL,'家居','住宅家居',NULL,NULL,'uassets/2017/8/30/1504093559472.webp',NULL,NULL,'zhuzhaijiaju'),('1504093568256',NULL,NULL,NULL,'2017-08-30 11:46:36','2017-08-30 11:46:36',0,NULL,NULL,35,0,NULL,'被子毯子','被子毯子','1504093484290',NULL,'uassets/2017/8/30/1504093589511.webp',NULL,NULL,'beizitanzi'),('1504093596477',NULL,NULL,NULL,'2017-08-30 11:47:04','2017-08-30 11:47:04',0,NULL,NULL,36,0,NULL,'布艺家饰','布艺家饰','1504093484290',NULL,'uassets/2017/8/30/1504093619958.webp',NULL,NULL,'buyijiashi'),('1504093624461',NULL,NULL,NULL,'2017-08-30 11:47:41','2017-08-30 11:48:25',0,NULL,NULL,37,0,NULL,'床单被套','床单被套','1504093484290',NULL,'uassets/2017/8/30/1504093654420.webp',NULL,NULL,'chuangdanbeitao'),('1504093715778',NULL,NULL,NULL,'2017-08-30 11:49:09','2017-08-30 11:49:09',0,NULL,NULL,38,0,NULL,'床品套件','床品套件','1504093484290',NULL,'uassets/2017/8/30/1504093742321.webp',NULL,NULL,'chuangpintaojian'),('1504093749733',NULL,NULL,NULL,'2017-08-30 11:49:36','2017-08-30 11:49:36',0,NULL,NULL,39,0,NULL,'家装建材','家装建材','1504093484290',NULL,'uassets/2017/8/30/1504093771491.webp',NULL,NULL,'jiazhuangjiancai'),('1504093776997',NULL,NULL,NULL,'2017-08-30 11:50:03','2017-08-30 11:50:03',0,NULL,NULL,40,0,NULL,'凉席蚊帐','凉席蚊帐','1504093484290',NULL,'uassets/2017/8/30/1504093790528.webp',NULL,NULL,'liangxiwenzhang'),('1504093803955',NULL,NULL,NULL,'2017-08-30 11:50:32','2017-08-30 11:50:51',0,NULL,NULL,41,0,NULL,'衣柜鞋柜','衣柜鞋柜','1504093484290',NULL,'uassets/2017/8/30/1504093826522.webp',NULL,NULL,'yiguixiegui'),('1504093892650',NULL,NULL,NULL,'2017-08-30 11:52:13','2017-08-30 11:52:13',0,NULL,NULL,42,0,NULL,'枕头床垫','枕头床垫','1504093484290',NULL,'uassets/2017/8/30/1504093928525.webp',NULL,NULL,'zhentouchuangdian'),('1504093933686',NULL,NULL,NULL,'2017-08-30 11:52:49','2017-08-30 11:52:49',0,NULL,NULL,43,0,NULL,'住宅家居','住宅家居','1504093484290',NULL,'uassets/2017/8/30/1504093950652.webp',NULL,NULL,'zhuzhaijiaju'),('1504094118365',NULL,NULL,NULL,'2017-08-30 11:56:13','2017-08-30 11:56:13',0,NULL,NULL,44,0,NULL,'女装','女装','149879109000689',NULL,'uassets/2017/8/30/1504094167005.webp',NULL,NULL,'nvzhuang'),('1504094173900',NULL,NULL,NULL,'2017-08-30 11:57:17','2017-08-30 11:57:17',0,NULL,NULL,45,0,NULL,'秋装','秋装','149879109000689',NULL,'uassets/2017/8/30/1504094232067.webp',NULL,NULL,'qiuzhuang'),('1504094237825',NULL,NULL,NULL,'2017-08-30 11:57:56','2017-08-30 11:57:56',0,NULL,NULL,46,0,NULL,'T恤','T恤','149879109000689',NULL,'uassets/2017/8/30/1504094270750.webp',NULL,NULL,'tixu'),('1504094276144',NULL,NULL,NULL,'2017-08-30 11:58:30','2017-08-30 11:58:30',0,NULL,NULL,47,0,NULL,'大码女装','大码女装','149879109000689',NULL,'uassets/2017/8/30/1504094301691.webp',NULL,NULL,'damanvzhuang'),('1504094310402',NULL,NULL,NULL,'2017-08-30 12:52:35','2017-08-30 12:52:35',0,NULL,NULL,48,0,NULL,'箱包','箱包','149879109000689',NULL,'uassets/2017/8/30/1504097551167.webp',NULL,NULL,'xiangbao'),('1504097555422',NULL,NULL,NULL,'2017-08-30 13:00:34','2017-08-30 13:00:34',0,NULL,NULL,49,0,NULL,'内衣裤袜','内衣裤袜','149879109000689',NULL,'uassets/2017/8/30/1504098032698.webp',NULL,NULL,'neiyikuwa'),('1504098034126',NULL,NULL,NULL,'2017-08-30 13:01:04','2017-08-30 13:01:04',0,NULL,NULL,50,0,NULL,'女裤','女裤','149879109000689',NULL,'uassets/2017/8/30/1504098061664.webp',NULL,NULL,'nvku'),('1504098065074',NULL,NULL,NULL,'2017-08-30 13:10:50','2017-08-30 13:10:50',0,NULL,NULL,51,0,NULL,'女鞋','女鞋','149879109000689',NULL,'uassets/2017/8/30/1504098649350.webp',NULL,NULL,'nvxie'),('1504098864613',NULL,NULL,NULL,'2017-08-30 13:15:03','2017-08-30 13:15:03',0,NULL,NULL,52,0,NULL,'水果','水果',NULL,NULL,'uassets/2017/8/30/1504098901987.webp',NULL,NULL,'shuiguo'),('1504098903180',NULL,NULL,NULL,'2017-08-30 13:15:52','2017-08-30 13:15:52',0,NULL,NULL,53,0,NULL,'芒果街','芒果街','1504098864613',NULL,'uassets/2017/8/30/1504098940088.webp',NULL,NULL,'mangguo'),('1504099380925',NULL,NULL,NULL,'2017-08-30 13:25:16','2017-08-30 13:25:16',0,NULL,NULL,54,0,NULL,'蛋制品','蛋制品','1504098864613',NULL,'uassets/2017/8/30/1504099510287.webp',NULL,NULL,'danzhipin'),('1504099516589',NULL,NULL,NULL,'2017-08-30 13:25:45','2017-08-30 13:25:45',0,NULL,NULL,55,0,NULL,'海鲜水产','海鲜水产','1504098864613',NULL,'uassets/2017/8/30/1504099541970.webp',NULL,NULL,'haixianshuichan'),('1504099546107',NULL,NULL,NULL,'2017-08-30 13:27:37','2017-08-30 13:27:37',0,NULL,NULL,56,0,NULL,'手机','手机',NULL,NULL,'uassets/2017/8/30/1504099651766.webp',NULL,NULL,'shouji'),('1504099657133',NULL,NULL,NULL,'2017-08-30 13:28:14','2017-09-01 01:24:22',0,NULL,NULL,57,0,NULL,'数码配件','数码配件11','1504099546107',NULL,'uassets/2017/8/30/1504099690777.webp',NULL,NULL,'shumapeijian');
/*!40000 ALTER TABLE `pr_category` ENABLE KEYS */;
UNLOCK TABLES;

--
-- Table structure for table `pr_image`
--

DROP TABLE IF EXISTS `pr_image`;
/*!40101 SET @saved_cs_client     = @@character_set_client */;
/*!40101 SET character_set_client = utf8 */;
CREATE TABLE `pr_image` (
  `ID` varchar(120) NOT NULL,
  `CREATOR` varchar(120) DEFAULT NULL COMMENT '创建人',
  `ORG_ID` varchar(32) DEFAULT NULL COMMENT '组织结构表ID，该字段用于过滤数据，不做外键关联',
  `UPDATER` varchar(120) DEFAULT NULL COMMENT '更新人',
  `CREATE_DATE` timestamp NULL DEFAULT CURRENT_TIMESTAMP COMMENT '创建日期',
  `UPDATE_DATE` timestamp NULL DEFAULT NULL COMMENT '更新日期',
  `DISABLE` tinyint(1) DEFAULT '0' COMMENT '是否禁用',
  `START_TIME` timestamp NULL DEFAULT NULL COMMENT '开始时间，用于查询绑定',
  `END_TIME` timestamp NULL DEFAULT NULL COMMENT '结束时间，用于查询绑定',
  `SORT` int(11) NOT NULL AUTO_INCREMENT COMMENT '排序',
  `IS_DEFAULT` tinyint(1) DEFAULT '0' COMMENT '是否为默认，0：非，1：是',
  `EN_NAME` varchar(120) DEFAULT NULL COMMENT '英文名称',
  `NAME` varchar(120) DEFAULT NULL COMMENT '名称',
  `DESCRIPTION` varchar(1200) DEFAULT NULL COMMENT '描述',
  `URL` varchar(120) DEFAULT NULL COMMENT '图片连接地址',
  `PRODUCT_ID` varchar(120) DEFAULT NULL COMMENT '产品ID',
  `LOCATION` varchar(240) DEFAULT NULL COMMENT '图片物理地址',
  `USER_ID` varchar(32) DEFAULT NULL COMMENT '用户ID',
  `REAL_PRODUCT_ID` varchar(32) DEFAULT NULL COMMENT '真正的外键ID',
  `TYPE` varchar(45) DEFAULT NULL COMMENT '商品的缩略图，也可能是商品属性图，也可能是商品详情描述图\n三种类型的值分别是：thumbnail，detail，prop',
  PRIMARY KEY (`ID`),
  KEY `SORT` (`SORT`),
  KEY `PRODUCTINDEX` (`PRODUCT_ID`),
  KEY `USER_IDINDEX` (`USER_ID`),
  KEY `FK_pr_image_product_idx` (`REAL_PRODUCT_ID`),
  CONSTRAINT `FK_pr_image_product` FOREIGN KEY (`REAL_PRODUCT_ID`) REFERENCES `pr_product` (`ID`) ON DELETE CASCADE ON UPDATE CASCADE
) ENGINE=InnoDB AUTO_INCREMENT=641 DEFAULT CHARSET=utf8 COMMENT='产品图片';
/*!40101 SET character_set_client = @saved_cs_client */;

--
-- Dumping data for table `pr_image`
--

LOCK TABLES `pr_image` WRITE;
/*!40000 ALTER TABLE `pr_image` DISABLE KEYS */;
INSERT INTO `pr_image` VALUES ('0157acafd5844cce81acdf51be6227c6',NULL,NULL,NULL,'2017-10-30 02:52:14',NULL,0,NULL,NULL,507,0,NULL,'1509331932870.jpg',NULL,'passets/f601a70fccef4e57a92e6ecd1f8c44b9/2017/10/30/1509331932870.jpg','f601a70fccef4e57a92e6ecd1f8c44b9','D:\\images\\passets\\f601a70fccef4e57a92e6ecd1f8c44b9\\2017\\10\\30\\1509331932870.jpg',NULL,NULL,'swiper'),('02ee288a7e194ec9bda5c7c3cdac97ca',NULL,NULL,NULL,'2017-10-30 02:51:51',NULL,0,NULL,NULL,477,0,NULL,'1509331911584.jpg',NULL,'passets/f601a70fccef4e57a92e6ecd1f8c44b9/2017/10/30/1509331911584.jpg','f601a70fccef4e57a92e6ecd1f8c44b9','D:\\images\\passets\\f601a70fccef4e57a92e6ecd1f8c44b9\\2017\\10\\30\\1509331911584.jpg',NULL,NULL,'detail'),('0353d86cb8b24061bf579a5416d8491b',NULL,NULL,NULL,'2017-10-29 13:35:33',NULL,0,NULL,NULL,167,0,NULL,'1509284133584.jpg',NULL,'passets/ffc50c6468734d51a7719c36e581e932/2017/10/29/1509284133584.jpg','ffc50c6468734d51a7719c36e581e932','D:\\images\\passets\\ffc50c6468734d51a7719c36e581e932\\2017\\10\\29\\1509284133584.jpg',NULL,NULL,'detail'),('0377d483f27f457f97069fa91aed65b7',NULL,NULL,NULL,'2017-10-29 13:42:50',NULL,0,NULL,NULL,199,0,NULL,'1509284570662.jpg',NULL,'passets/2a98b034e5184e88bbb7b03bf19087ca/2017/10/29/1509284570662.jpg','2a98b034e5184e88bbb7b03bf19087ca','D:\\images\\passets\\2a98b034e5184e88bbb7b03bf19087ca\\2017\\10\\29\\1509284570662.jpg',NULL,NULL,'detail'),('042ceea9ffac416dbb5656cf059e7c7f',NULL,NULL,NULL,'2017-10-30 01:58:38',NULL,0,NULL,NULL,410,0,NULL,'1509328718281.jpg',NULL,'passets/c361b1f813934de1abec22875e503e5e/2017/10/30/1509328718281.jpg','c361b1f813934de1abec22875e503e5e','D:\\images\\passets\\c361b1f813934de1abec22875e503e5e\\2017\\10\\30\\1509328718281.jpg',NULL,NULL,'detail'),('04d2b123119f48428565f0a648123f12',NULL,NULL,NULL,'2017-10-29 13:35:24',NULL,0,NULL,NULL,150,0,NULL,'1509284124264.jpg',NULL,'passets/6dc0efe40a7147a1ab3bf055d9e32f88/2017/10/29/1509284124264.jpg','6dc0efe40a7147a1ab3bf055d9e32f88','D:\\images\\passets\\6dc0efe40a7147a1ab3bf055d9e32f88\\2017\\10\\29\\1509284124264.jpg',NULL,NULL,'detail'),('04f6babb8f4f4f60a2b5946b719b00fd',NULL,NULL,NULL,'2017-10-30 02:11:39',NULL,0,NULL,NULL,463,0,NULL,'1509329499677.jpg',NULL,'passets/d5d4a73895154388bd68953e8054ae37/2017/10/30/1509329499677.jpg','d5d4a73895154388bd68953e8054ae37','D:\\images\\passets\\d5d4a73895154388bd68953e8054ae37\\2017\\10\\30\\1509329499677.jpg',NULL,NULL,'detail'),('061cbd2fa1c24f8e9442458ab5d0b8c8',NULL,NULL,NULL,'2017-10-30 01:52:52',NULL,0,NULL,NULL,400,0,NULL,'1509328372572.jpg',NULL,'passets/fee41cc3601b4c2c89247a32018bc65b/2017/10/30/1509328372572.jpg','fee41cc3601b4c2c89247a32018bc65b','D:\\images\\passets\\fee41cc3601b4c2c89247a32018bc65b\\2017\\10\\30\\1509328372572.jpg',NULL,NULL,'detail'),('080c690782414e32be2766df4fc0a725',NULL,NULL,NULL,'2017-10-29 13:42:51',NULL,0,NULL,NULL,203,0,NULL,'1509284571513.jpg',NULL,'passets/2a98b034e5184e88bbb7b03bf19087ca/2017/10/29/1509284571513.jpg','2a98b034e5184e88bbb7b03bf19087ca','D:\\images\\passets\\2a98b034e5184e88bbb7b03bf19087ca\\2017\\10\\29\\1509284571513.jpg',NULL,NULL,'detail'),('0816e78ca54444dc91b0cd01ea7a780e',NULL,NULL,NULL,'2017-10-30 04:26:23',NULL,0,NULL,NULL,545,0,NULL,'1509337583512.jpg',NULL,'passets/804b0718ee144baab6f4e5174144ddbb/2017/10/30/1509337583512.jpg','804b0718ee144baab6f4e5174144ddbb','D:\\images\\passets\\804b0718ee144baab6f4e5174144ddbb\\2017\\10\\30\\1509337583512.jpg',NULL,NULL,'detail'),('086a99ec7582455980b6ea06ce48ef4d',NULL,NULL,NULL,'2017-10-30 02:51:45',NULL,0,NULL,NULL,466,0,NULL,'1509331904786.jpg',NULL,'passets/f601a70fccef4e57a92e6ecd1f8c44b9/2017/10/30/1509331904786.jpg','f601a70fccef4e57a92e6ecd1f8c44b9','D:\\images\\passets\\f601a70fccef4e57a92e6ecd1f8c44b9\\2017\\10\\30\\1509331904786.jpg',NULL,NULL,'detail'),('08cb08865e2d44338558aafb466169f8',NULL,NULL,NULL,'2017-10-30 04:27:34',NULL,0,NULL,NULL,569,0,NULL,'1509337654158.jpg',NULL,'passets/0a18fdf641d0477a810444385ad43337/2017/10/30/1509337654158.jpg','0a18fdf641d0477a810444385ad43337','D:\\images\\passets\\0a18fdf641d0477a810444385ad43337\\2017\\10\\30\\1509337654158.jpg',NULL,NULL,'detail'),('096ec1e683174c2cb898683d04212da3',NULL,NULL,NULL,'2017-10-30 02:11:30',NULL,0,NULL,NULL,444,0,NULL,'1509329488495.jpg',NULL,'passets/d5d4a73895154388bd68953e8054ae37/2017/10/30/1509329488495.jpg','d5d4a73895154388bd68953e8054ae37','D:\\images\\passets\\d5d4a73895154388bd68953e8054ae37\\2017\\10\\30\\1509329488495.jpg',NULL,NULL,'detail'),('09acd7c215b64a6bb03bb68118e8c929',NULL,NULL,NULL,'2017-10-30 01:40:06',NULL,0,NULL,NULL,323,0,NULL,'1509327606795.jpg',NULL,'passets/1902d78c88654580ba0b61fb842f3acc/2017/10/30/1509327606795.jpg','1902d78c88654580ba0b61fb842f3acc','D:\\images\\passets\\1902d78c88654580ba0b61fb842f3acc\\2017\\10\\30\\1509327606795.jpg',NULL,NULL,'detail'),('09c0bf9eb153411bb46377aea2d8a9b5',NULL,NULL,NULL,'2017-10-30 01:58:41',NULL,0,NULL,NULL,427,0,NULL,'1509328721341.jpg',NULL,'passets/c361b1f813934de1abec22875e503e5e/2017/10/30/1509328721341.jpg','c361b1f813934de1abec22875e503e5e','D:\\images\\passets\\c361b1f813934de1abec22875e503e5e\\2017\\10\\30\\1509328721341.jpg',NULL,NULL,'detail'),('0b2868d274c8495c8d42250630f5629c',NULL,NULL,NULL,'2017-10-29 13:35:38',NULL,0,NULL,NULL,177,0,NULL,'1509284138113.jpg',NULL,'passets/ffc50c6468734d51a7719c36e581e932/2017/10/29/1509284138113.jpg','ffc50c6468734d51a7719c36e581e932','D:\\images\\passets\\ffc50c6468734d51a7719c36e581e932\\2017\\10\\29\\1509284138113.jpg',NULL,NULL,'detail'),('0b325d63cd384c6a9752a582095eeae8',NULL,NULL,NULL,'2017-10-30 01:38:23',NULL,0,NULL,NULL,305,0,NULL,'1509327502927.jpg',NULL,'passets/74c2c1344a6443c8935d46c11009f0b9/2017/10/30/1509327502927.jpg','74c2c1344a6443c8935d46c11009f0b9','D:\\images\\passets\\74c2c1344a6443c8935d46c11009f0b9\\2017\\10\\30\\1509327502927.jpg',NULL,NULL,'detail'),('0b976912dea643a694733ff67693d7ba',NULL,NULL,NULL,'2017-10-30 04:26:21',NULL,0,NULL,NULL,537,0,NULL,'1509337581058.jpg',NULL,'passets/804b0718ee144baab6f4e5174144ddbb/2017/10/30/1509337581058.jpg','804b0718ee144baab6f4e5174144ddbb','D:\\images\\passets\\804b0718ee144baab6f4e5174144ddbb\\2017\\10\\30\\1509337581058.jpg',NULL,NULL,'detail'),('0bf40e7f97904f2aacd4f8fd4ba323a3',NULL,NULL,NULL,'2017-10-30 01:40:08',NULL,0,NULL,NULL,330,0,NULL,'1509327607841.jpg',NULL,'passets/1902d78c88654580ba0b61fb842f3acc/2017/10/30/1509327607841.jpg','1902d78c88654580ba0b61fb842f3acc','D:\\images\\passets\\1902d78c88654580ba0b61fb842f3acc\\2017\\10\\30\\1509327607841.jpg',NULL,NULL,'detail'),('0c550266cdf045c5ba15a5d4bb9d8055',NULL,NULL,NULL,'2017-10-30 01:52:52',NULL,0,NULL,NULL,399,0,NULL,'1509328372365.jpg',NULL,'passets/fee41cc3601b4c2c89247a32018bc65b/2017/10/30/1509328372365.jpg','fee41cc3601b4c2c89247a32018bc65b','D:\\images\\passets\\fee41cc3601b4c2c89247a32018bc65b\\2017\\10\\30\\1509328372365.jpg',NULL,NULL,'detail'),('0c70a078acc048f08530c4615767829b',NULL,NULL,NULL,'2017-10-30 01:38:10',NULL,0,NULL,NULL,274,0,NULL,'1509327489942.jpg',NULL,'passets/74c2c1344a6443c8935d46c11009f0b9/2017/10/30/1509327489942.jpg','74c2c1344a6443c8935d46c11009f0b9','D:\\images\\passets\\74c2c1344a6443c8935d46c11009f0b9\\2017\\10\\30\\1509327489942.jpg',NULL,NULL,'detail'),('0cae73f954db4029889d89b88b15e06f',NULL,NULL,NULL,'2017-10-30 04:26:17',NULL,0,NULL,NULL,517,0,NULL,'1509337577399.jpg',NULL,'passets/804b0718ee144baab6f4e5174144ddbb/2017/10/30/1509337577399.jpg','804b0718ee144baab6f4e5174144ddbb','D:\\images\\passets\\804b0718ee144baab6f4e5174144ddbb\\2017\\10\\30\\1509337577399.jpg',NULL,NULL,'detail'),('0d19e951805f4dd9944d0f1d1692adfd',NULL,NULL,NULL,'2017-10-30 01:38:09',NULL,0,NULL,NULL,273,0,NULL,'1509327489431.jpg',NULL,'passets/74c2c1344a6443c8935d46c11009f0b9/2017/10/30/1509327489431.jpg','74c2c1344a6443c8935d46c11009f0b9','D:\\images\\passets\\74c2c1344a6443c8935d46c11009f0b9\\2017\\10\\30\\1509327489431.jpg',NULL,NULL,'detail'),('0e5e519914394557bab0e6f7c34c717e',NULL,NULL,NULL,'2017-10-30 01:58:39',NULL,0,NULL,NULL,416,0,NULL,'1509328719488.jpg',NULL,'passets/c361b1f813934de1abec22875e503e5e/2017/10/30/1509328719488.jpg','c361b1f813934de1abec22875e503e5e','D:\\images\\passets\\c361b1f813934de1abec22875e503e5e\\2017\\10\\30\\1509328719488.jpg',NULL,NULL,'detail'),('0f82865d1bde4351a2e52f763d87fd65',NULL,NULL,NULL,'2017-10-30 02:11:36',NULL,0,NULL,NULL,455,0,NULL,'1509329496606.jpg',NULL,'passets/d5d4a73895154388bd68953e8054ae37/2017/10/30/1509329496606.jpg','d5d4a73895154388bd68953e8054ae37','D:\\images\\passets\\d5d4a73895154388bd68953e8054ae37\\2017\\10\\30\\1509329496606.jpg',NULL,NULL,'detail'),('1052df1e82734102b7f3438043417bff',NULL,NULL,NULL,'2017-10-30 04:30:00',NULL,0,NULL,NULL,639,0,NULL,'1509337800016.jpg',NULL,'passets/335792e6f955482ba3f9376902c6c203/2017/10/30/1509337800016.jpg','335792e6f955482ba3f9376902c6c203','D:\\images\\passets\\335792e6f955482ba3f9376902c6c203\\2017\\10\\30\\1509337800016.jpg',NULL,NULL,'swiper'),('10f096e97d7e486fac0a49ddde9290e2',NULL,NULL,NULL,'2017-10-30 02:51:51',NULL,0,NULL,NULL,474,0,NULL,'1509331911005.jpg',NULL,'passets/f601a70fccef4e57a92e6ecd1f8c44b9/2017/10/30/1509331911005.jpg','f601a70fccef4e57a92e6ecd1f8c44b9','D:\\images\\passets\\f601a70fccef4e57a92e6ecd1f8c44b9\\2017\\10\\30\\1509331911005.jpg',NULL,NULL,'detail'),('10f9c9e1ad2842fb90c92b61ffa895cb',NULL,NULL,NULL,'2017-10-30 01:38:22',NULL,0,NULL,NULL,304,0,NULL,'1509327502695.jpg',NULL,'passets/74c2c1344a6443c8935d46c11009f0b9/2017/10/30/1509327502695.jpg','74c2c1344a6443c8935d46c11009f0b9','D:\\images\\passets\\74c2c1344a6443c8935d46c11009f0b9\\2017\\10\\30\\1509327502695.jpg',NULL,NULL,'detail'),('11ce828a47d34bce98b9c8b1077b5173',NULL,NULL,NULL,'2017-10-30 01:58:39',NULL,0,NULL,NULL,413,0,NULL,'1509328718990.jpg',NULL,'passets/c361b1f813934de1abec22875e503e5e/2017/10/30/1509328718990.jpg','c361b1f813934de1abec22875e503e5e','D:\\images\\passets\\c361b1f813934de1abec22875e503e5e\\2017\\10\\30\\1509328718990.jpg',NULL,NULL,'detail'),('1251baa0107b46a2b0150922e3484871',NULL,NULL,NULL,'2017-10-30 02:51:52',NULL,0,NULL,NULL,484,0,NULL,'1509331912785.jpg',NULL,'passets/f601a70fccef4e57a92e6ecd1f8c44b9/2017/10/30/1509331912785.jpg','f601a70fccef4e57a92e6ecd1f8c44b9','D:\\images\\passets\\f601a70fccef4e57a92e6ecd1f8c44b9\\2017\\10\\30\\1509331912785.jpg',NULL,NULL,'detail'),('1300f326a7374d4686a290e5a9fa12c9',NULL,NULL,NULL,'2017-10-30 01:49:56',NULL,0,NULL,NULL,351,0,NULL,'1509328195933.jpg',NULL,'passets/66ff3df6bec14d2bb3a7a53b8bac76fb/2017/10/30/1509328195933.jpg','66ff3df6bec14d2bb3a7a53b8bac76fb','D:\\images\\passets\\66ff3df6bec14d2bb3a7a53b8bac76fb\\2017\\10\\30\\1509328195933.jpg',NULL,NULL,'detail'),('13ad2b935e7849b0958e8ae73d48bbee',NULL,NULL,NULL,'2017-10-30 01:52:41',NULL,0,NULL,NULL,374,0,NULL,'1509328361737.jpg',NULL,'passets/fee41cc3601b4c2c89247a32018bc65b/2017/10/30/1509328361737.jpg','fee41cc3601b4c2c89247a32018bc65b','D:\\images\\passets\\fee41cc3601b4c2c89247a32018bc65b\\2017\\10\\30\\1509328361737.jpg',NULL,NULL,'detail'),('14fc0a2e248a4b91839cec366c77594c',NULL,NULL,NULL,'2017-10-30 01:40:07',NULL,0,NULL,NULL,326,0,NULL,'1509327607236.jpg',NULL,'passets/1902d78c88654580ba0b61fb842f3acc/2017/10/30/1509327607236.jpg','1902d78c88654580ba0b61fb842f3acc','D:\\images\\passets\\1902d78c88654580ba0b61fb842f3acc\\2017\\10\\30\\1509327607236.jpg',NULL,NULL,'detail'),('150364558697751',NULL,NULL,NULL,'2017-08-25 07:19:47','2017-08-25 07:19:47',0,NULL,NULL,28,0,NULL,'1503645586968.jpg',NULL,'images/passets/2017/8/25/1503645586968.jpg','150364555521851','D:\\images\\passets\\2017\\8\\25\\1503645586968.jpg',NULL,NULL,NULL),('150423362791419',NULL,NULL,NULL,'2017-09-01 02:40:27','2017-09-08 09:01:18',0,NULL,NULL,35,1,NULL,'1504233627910.jpeg',NULL,'passets/2017/9/1/1504233627910.jpeg','150383670510593','D:\\images\\passets\\2017\\9\\1\\1504233627910.jpeg',NULL,'150383670510593',NULL),('150423364884219',NULL,NULL,NULL,'2017-09-01 02:40:48','2017-09-08 09:01:18',0,NULL,NULL,37,1,NULL,'1504233648838.jpeg',NULL,'passets/2017/9/1/1504233648838.jpeg','150383670510593','D:\\images\\passets\\2017\\9\\1\\1504233648838.jpeg',NULL,'150383670510593',NULL),('150424449387618',NULL,NULL,NULL,'2017-09-01 05:41:33','2017-09-08 09:01:18',0,NULL,NULL,39,1,NULL,'1504244493872.jpeg',NULL,'passets/2017/9/1/1504244493872.jpeg','150383670510593','D:\\images\\passets\\2017\\9\\1\\1504244493872.jpeg',NULL,'150383670510593',NULL),('150424536785236',NULL,NULL,NULL,'2017-09-01 05:56:07','2017-09-08 09:01:18',0,NULL,NULL,40,1,NULL,'1504245367848.jpeg',NULL,'passets/2017/9/1/1504245367848.jpeg','150383670510593','D:\\images\\passets\\2017\\9\\1\\1504245367848.jpeg',NULL,'150383670510593',NULL),('150424593796963',NULL,NULL,NULL,'2017-09-01 06:05:37','2017-09-08 09:01:18',0,NULL,NULL,41,1,NULL,'1504245937964.jpeg',NULL,'passets/2017/9/1/1504245937964.jpeg','150383670510593','D:\\images\\passets\\2017\\9\\1\\1504245937964.jpeg',NULL,'150383670510593',NULL),('150467050339986',NULL,NULL,NULL,'2017-09-06 04:01:43','2017-09-08 09:01:18',0,NULL,NULL,42,0,NULL,'1504670503364.jpeg',NULL,'passets/150383670510593/2017/9/6/1504670503364.jpeg','150383670510593','D:\\images\\passets\\150383670510593\\2017\\9\\6\\1504670503364.jpeg',NULL,'150383670510593',NULL),('150484777619055',NULL,NULL,NULL,'2017-09-08 05:16:16','2017-09-08 09:01:18',0,NULL,NULL,43,1,NULL,'1504847776170.jpeg',NULL,'passets/2017/9/8/1504847776170.jpeg','150383670510593','D:\\images\\passets\\2017\\9\\8\\1504847776170.jpeg',NULL,'150383670510593',NULL),('150484778385640',NULL,NULL,NULL,'2017-09-08 05:16:23','2017-09-08 09:01:18',0,NULL,NULL,44,1,NULL,'1504847783852.jpeg',NULL,'passets/2017/9/8/1504847783852.jpeg','150383670510593','D:\\images\\passets\\2017\\9\\8\\1504847783852.jpeg',NULL,'150383670510593',NULL),('150484779067213',NULL,NULL,NULL,'2017-09-08 05:16:30','2017-09-08 09:01:18',0,NULL,NULL,45,1,NULL,'1504847790668.jpeg',NULL,'passets/2017/9/8/1504847790668.jpeg','150383670510593','D:\\images\\passets\\2017\\9\\8\\1504847790668.jpeg',NULL,'150383670510593',NULL),('150484780401840',NULL,NULL,NULL,'2017-09-08 05:16:44','2017-09-08 09:01:18',0,NULL,NULL,46,1,NULL,'1504847804013.jpeg',NULL,'passets/2017/9/8/1504847804013.jpeg','150383670510593','D:\\images\\passets\\2017\\9\\8\\1504847804013.jpeg',NULL,'150383670510593',NULL),('15048478133844',NULL,NULL,NULL,'2017-09-08 05:16:53','2017-09-08 09:01:18',0,NULL,NULL,47,1,NULL,'1504847813334.jpeg',NULL,'passets/2017/9/8/1504847813334.jpeg','150383670510593','D:\\images\\passets\\2017\\9\\8\\1504847813334.jpeg',NULL,'150383670510593',NULL),('150485864766669',NULL,NULL,NULL,'2017-09-08 08:17:27','2017-09-08 09:01:18',0,NULL,NULL,48,1,NULL,'1504858647631.jpeg',NULL,'passets/2017/9/8/1504858647631.jpeg','150383670510593','D:\\images\\passets\\2017\\9\\8\\1504858647631.jpeg',NULL,'150383670510593','swiper'),('150485865868646',NULL,NULL,NULL,'2017-09-08 08:17:38','2017-09-08 09:01:18',0,NULL,NULL,49,1,NULL,'1504858658682.jpeg',NULL,'passets/2017/9/8/1504858658682.jpeg','150383670510593','D:\\images\\passets\\2017\\9\\8\\1504858658682.jpeg',NULL,'150383670510593','swiper'),('150485878864591',NULL,NULL,NULL,'2017-09-08 08:19:48','2017-09-08 09:01:18',0,NULL,NULL,50,1,NULL,'1504858788586.jpeg',NULL,'passets/2017/9/8/1504858788586.jpeg','150383670510593','D:\\images\\passets\\2017\\9\\8\\1504858788586.jpeg',NULL,'150383670510593','swiper'),('150485913757645',NULL,NULL,NULL,'2017-09-08 08:25:37','2017-09-08 09:01:18',0,NULL,NULL,51,1,NULL,'1504859137572.jpeg',NULL,'passets/2017/9/8/1504859137572.jpeg','150383670510593','D:\\images\\passets\\2017\\9\\8\\1504859137572.jpeg',NULL,'150383670510593','swiper'),('150486123287959',NULL,NULL,NULL,'2017-09-08 09:00:32','2017-09-08 09:01:18',0,NULL,NULL,52,1,NULL,'1504861232875.jpeg',NULL,'passets/2017/9/8/1504861232875.jpeg','150383670510593','D:\\images\\passets\\2017\\9\\8\\1504861232875.jpeg',NULL,'150383670510593','swiper'),('150486367892615',NULL,NULL,NULL,'2017-09-08 09:41:19','2017-09-08 09:41:19',0,NULL,NULL,53,0,NULL,'1504863678899.jpeg',NULL,'passets/150486349379157/2017/9/8/1504863678899.jpeg','150486349379157','D:\\images\\passets\\150486349379157\\2017\\9\\8\\1504863678899.jpeg',NULL,NULL,'thumbnail'),('150486369138730',NULL,NULL,NULL,'2017-09-08 09:41:31','2017-09-08 09:41:31',0,NULL,NULL,54,1,NULL,'1504863691334.jpeg',NULL,'passets/2017/9/8/1504863691334.jpeg','150486349379157','D:\\images\\passets\\2017\\9\\8\\1504863691334.jpeg',NULL,NULL,'swiper'),('150486369784218',NULL,NULL,NULL,'2017-09-08 09:41:37','2017-09-08 09:41:37',0,NULL,NULL,55,1,NULL,'1504863697838.jpeg',NULL,'passets/2017/9/8/1504863697838.jpeg','150486349379157','D:\\images\\passets\\2017\\9\\8\\1504863697838.jpeg',NULL,NULL,'swiper'),('15048637034309',NULL,NULL,NULL,'2017-09-08 09:41:43','2017-09-08 09:41:43',0,NULL,NULL,56,1,NULL,'1504863703426.jpeg',NULL,'passets/2017/9/8/1504863703426.jpeg','150486349379157','D:\\images\\passets\\2017\\9\\8\\1504863703426.jpeg',NULL,NULL,'swiper'),('15048637281043',NULL,NULL,NULL,'2017-09-08 09:42:08','2017-09-08 09:42:08',0,NULL,NULL,57,1,NULL,'1504863728100.jpeg',NULL,'passets/2017/9/8/1504863728100.jpeg','150486349379157','D:\\images\\passets\\2017\\9\\8\\1504863728100.jpeg',NULL,NULL,'swiper'),('150492529069258',NULL,NULL,NULL,'2017-09-09 02:48:11','2017-09-09 02:48:51',0,NULL,NULL,58,1,NULL,'1504925290643.jpeg',NULL,'passets/2017/9/9/1504925290643.jpeg','c6dd09184e7d4f8ab7b9d96edbaf3595','D:\\images\\passets\\2017\\9\\9\\1504925290643.jpeg',NULL,'c6dd09184e7d4f8ab7b9d96edbaf3595','swiper'),('15049253160559',NULL,NULL,NULL,'2017-09-09 02:48:36','2017-09-09 02:48:51',0,NULL,NULL,59,1,NULL,'1504925316050.jpeg',NULL,'passets/2017/9/9/1504925316050.jpeg','c6dd09184e7d4f8ab7b9d96edbaf3595','D:\\images\\passets\\2017\\9\\9\\1504925316050.jpeg',NULL,'c6dd09184e7d4f8ab7b9d96edbaf3595','swiper'),('150492532379126',NULL,NULL,NULL,'2017-09-09 02:48:43','2017-09-09 02:48:51',0,NULL,NULL,60,1,NULL,'1504925323783.jpeg',NULL,'passets/2017/9/9/1504925323783.jpeg','c6dd09184e7d4f8ab7b9d96edbaf3595','D:\\images\\passets\\2017\\9\\9\\1504925323783.jpeg',NULL,'c6dd09184e7d4f8ab7b9d96edbaf3595','swiper'),('150513117879887',NULL,NULL,NULL,'2017-09-11 11:59:38','2017-09-11 12:03:05',0,NULL,NULL,61,0,NULL,'1505131178787.jpeg@750w_1l_50Q.webp',NULL,'passets/99fda1d4bd0f4b7ebc596cc393688590/2017/9/11/1505131178787.jpeg@750w_1l_50Q.webp','99fda1d4bd0f4b7ebc596cc393688590','D:\\images\\passets\\99fda1d4bd0f4b7ebc596cc393688590\\2017\\9\\11\\1505131178787.jpeg@750w_1l_50Q.webp',NULL,'99fda1d4bd0f4b7ebc596cc393688590','thumbnail'),('150520245439186',NULL,NULL,NULL,'2017-09-12 07:47:34','2017-09-12 07:48:07',0,NULL,NULL,82,1,NULL,'1505202454385.jpg',NULL,'passets/2017/9/12/1505202454385.jpg','150383670510593','D:\\images\\passets\\2017\\9\\12\\1505202454385.jpg',NULL,'150383670510593','detail'),('150535921558234',NULL,NULL,NULL,'2017-09-14 03:20:15','2017-09-14 03:20:39',0,NULL,NULL,96,0,NULL,'1505359215571.jpeg',NULL,'passets/c6dd09184e7d4f8ab7b9d96edbaf3595/2017/9/14/1505359215571.jpeg','c6dd09184e7d4f8ab7b9d96edbaf3595','D:\\images\\passets\\c6dd09184e7d4f8ab7b9d96edbaf3595\\2017\\9\\14\\1505359215571.jpeg',NULL,'c6dd09184e7d4f8ab7b9d96edbaf3595','thumbnail'),('150539453538291',NULL,NULL,NULL,'2017-09-14 13:08:55','2017-09-14 13:09:41',0,NULL,NULL,103,1,NULL,'1505394535350.jpeg',NULL,'passets/2017/9/14/1505394535350.jpeg','99fda1d4bd0f4b7ebc596cc393688590','D:\\images\\passets\\2017\\9\\14\\1505394535350.jpeg',NULL,'99fda1d4bd0f4b7ebc596cc393688590','detail'),('150539454763678',NULL,NULL,NULL,'2017-09-14 13:09:07','2017-09-14 13:09:41',0,NULL,NULL,104,1,NULL,'1505394547630.jpeg',NULL,'passets/2017/9/14/1505394547630.jpeg','99fda1d4bd0f4b7ebc596cc393688590','D:\\images\\passets\\2017\\9\\14\\1505394547630.jpeg',NULL,'99fda1d4bd0f4b7ebc596cc393688590','detail'),('150539456420789',NULL,NULL,NULL,'2017-09-14 13:09:24','2017-09-14 13:09:41',0,NULL,NULL,105,1,NULL,'1505394564158.jpeg',NULL,'passets/2017/9/14/1505394564158.jpeg','99fda1d4bd0f4b7ebc596cc393688590','D:\\images\\passets\\2017\\9\\14\\1505394564158.jpeg',NULL,'99fda1d4bd0f4b7ebc596cc393688590','detail'),('150539457458197',NULL,NULL,NULL,'2017-09-14 13:09:34','2017-09-14 13:09:41',0,NULL,NULL,106,1,NULL,'1505394574576.jpeg',NULL,'passets/2017/9/14/1505394574576.jpeg','99fda1d4bd0f4b7ebc596cc393688590','D:\\images\\passets\\2017\\9\\14\\1505394574576.jpeg',NULL,'99fda1d4bd0f4b7ebc596cc393688590','detail'),('150572160258296',NULL,NULL,NULL,'2017-09-18 08:00:02','2017-09-18 08:46:56',0,NULL,NULL,120,0,NULL,'1505721602577.jpeg',NULL,'passets/c6dd09184e7d4f8ab7b9d96edbaf3595/2017/9/18/1505721602577.jpeg','c6dd09184e7d4f8ab7b9d96edbaf3595','D:\\images\\passets\\c6dd09184e7d4f8ab7b9d96edbaf3595\\2017\\9\\18\\1505721602577.jpeg',NULL,'c6dd09184e7d4f8ab7b9d96edbaf3595','prop'),('150572175776657',NULL,NULL,NULL,'2017-09-18 08:02:37','2017-09-18 08:46:56',0,NULL,NULL,121,0,NULL,'1505721757766.jpeg',NULL,'passets/c6dd09184e7d4f8ab7b9d96edbaf3595/2017/9/18/1505721757766.jpeg','c6dd09184e7d4f8ab7b9d96edbaf3595','D:\\images\\passets\\c6dd09184e7d4f8ab7b9d96edbaf3595\\2017\\9\\18\\1505721757766.jpeg',NULL,'c6dd09184e7d4f8ab7b9d96edbaf3595','prop'),('150572176496514',NULL,NULL,NULL,'2017-09-18 08:02:44','2017-09-18 08:46:56',0,NULL,NULL,122,0,NULL,'1505721764961.jpeg',NULL,'passets/c6dd09184e7d4f8ab7b9d96edbaf3595/2017/9/18/1505721764961.jpeg','c6dd09184e7d4f8ab7b9d96edbaf3595','D:\\images\\passets\\c6dd09184e7d4f8ab7b9d96edbaf3595\\2017\\9\\18\\1505721764961.jpeg',NULL,'c6dd09184e7d4f8ab7b9d96edbaf3595','prop'),('150572250199732',NULL,NULL,NULL,'2017-09-18 08:15:02','2017-09-18 08:46:56',0,NULL,NULL,123,0,NULL,'1505722501993.jpeg',NULL,'passets/c6dd09184e7d4f8ab7b9d96edbaf3595/2017/9/18/1505722501993.jpeg','c6dd09184e7d4f8ab7b9d96edbaf3595','D:\\images\\passets\\c6dd09184e7d4f8ab7b9d96edbaf3595\\2017\\9\\18\\1505722501993.jpeg',NULL,'c6dd09184e7d4f8ab7b9d96edbaf3595','prop'),('150572582675749',NULL,NULL,NULL,'2017-09-18 09:10:26','2017-09-18 10:58:35',0,NULL,NULL,125,0,NULL,'1505725826751.jpeg',NULL,'passets/c6dd09184e7d4f8ab7b9d96edbaf3595/2017/9/18/1505725826751.jpeg','c6dd09184e7d4f8ab7b9d96edbaf3595','D:\\images\\passets\\c6dd09184e7d4f8ab7b9d96edbaf3595\\2017\\9\\18\\1505725826751.jpeg',NULL,'c6dd09184e7d4f8ab7b9d96edbaf3595','thumbnail'),('150572583343341',NULL,NULL,NULL,'2017-09-18 09:10:33','2017-09-18 10:58:35',0,NULL,NULL,126,0,NULL,'1505725833427.jpeg',NULL,'passets/c6dd09184e7d4f8ab7b9d96edbaf3595/2017/9/18/1505725833427.jpeg','c6dd09184e7d4f8ab7b9d96edbaf3595','D:\\images\\passets\\c6dd09184e7d4f8ab7b9d96edbaf3595\\2017\\9\\18\\1505725833427.jpeg',NULL,'c6dd09184e7d4f8ab7b9d96edbaf3595','thumbnail'),('150572588107276',NULL,NULL,NULL,'2017-09-18 09:11:21','2017-09-18 10:58:35',0,NULL,NULL,127,0,NULL,'1505725881068.jpeg',NULL,'passets/c6dd09184e7d4f8ab7b9d96edbaf3595/2017/9/18/1505725881068.jpeg','c6dd09184e7d4f8ab7b9d96edbaf3595','D:\\images\\passets\\c6dd09184e7d4f8ab7b9d96edbaf3595\\2017\\9\\18\\1505725881068.jpeg',NULL,'c6dd09184e7d4f8ab7b9d96edbaf3595','thumbnail'),('150572836395357',NULL,NULL,NULL,'2017-09-18 09:52:43','2017-09-18 10:58:35',0,NULL,NULL,132,0,NULL,'1505728363949.jpeg',NULL,'passets/c6dd09184e7d4f8ab7b9d96edbaf3595/2017/9/18/1505728363949.jpeg','c6dd09184e7d4f8ab7b9d96edbaf3595','D:\\images\\passets\\c6dd09184e7d4f8ab7b9d96edbaf3595\\2017\\9\\18\\1505728363949.jpeg',NULL,'c6dd09184e7d4f8ab7b9d96edbaf3595','thumbnail'),('150572836993091',NULL,NULL,NULL,'2017-09-18 09:52:49','2017-09-18 10:58:35',0,NULL,NULL,133,0,NULL,'1505728369911.jpeg',NULL,'passets/c6dd09184e7d4f8ab7b9d96edbaf3595/2017/9/18/1505728369911.jpeg','c6dd09184e7d4f8ab7b9d96edbaf3595','D:\\images\\passets\\c6dd09184e7d4f8ab7b9d96edbaf3595\\2017\\9\\18\\1505728369911.jpeg',NULL,'c6dd09184e7d4f8ab7b9d96edbaf3595','thumbnail'),('150572838648723',NULL,NULL,NULL,'2017-09-18 09:53:06','2017-09-18 10:58:35',0,NULL,NULL,134,0,NULL,'1505728386482.jpeg',NULL,'passets/c6dd09184e7d4f8ab7b9d96edbaf3595/2017/9/18/1505728386482.jpeg','c6dd09184e7d4f8ab7b9d96edbaf3595','D:\\images\\passets\\c6dd09184e7d4f8ab7b9d96edbaf3595\\2017\\9\\18\\1505728386482.jpeg',NULL,'c6dd09184e7d4f8ab7b9d96edbaf3595','swiper'),('150578762949118',NULL,NULL,NULL,'2017-09-19 02:20:29','2017-09-19 02:24:50',0,NULL,NULL,137,0,NULL,'1505787629486.jpeg',NULL,'passets/99fda1d4bd0f4b7ebc596cc393688590/2017/9/19/1505787629486.jpeg','99fda1d4bd0f4b7ebc596cc393688590','D:\\images\\passets\\99fda1d4bd0f4b7ebc596cc393688590\\2017\\9\\19\\1505787629486.jpeg',NULL,'99fda1d4bd0f4b7ebc596cc393688590','swiper'),('150578763440568',NULL,NULL,NULL,'2017-09-19 02:20:34','2017-09-19 02:24:50',0,NULL,NULL,138,0,NULL,'1505787634401.jpeg',NULL,'passets/99fda1d4bd0f4b7ebc596cc393688590/2017/9/19/1505787634401.jpeg','99fda1d4bd0f4b7ebc596cc393688590','D:\\images\\passets\\99fda1d4bd0f4b7ebc596cc393688590\\2017\\9\\19\\1505787634401.jpeg',NULL,'99fda1d4bd0f4b7ebc596cc393688590','swiper'),('150578763952393',NULL,NULL,NULL,'2017-09-19 02:20:39','2017-09-19 02:24:50',0,NULL,NULL,139,0,NULL,'1505787639467.jpeg',NULL,'passets/99fda1d4bd0f4b7ebc596cc393688590/2017/9/19/1505787639467.jpeg','99fda1d4bd0f4b7ebc596cc393688590','D:\\images\\passets\\99fda1d4bd0f4b7ebc596cc393688590\\2017\\9\\19\\1505787639467.jpeg',NULL,'99fda1d4bd0f4b7ebc596cc393688590','swiper'),('150578764426675',NULL,NULL,NULL,'2017-09-19 02:20:44','2017-09-19 02:24:50',0,NULL,NULL,140,0,NULL,'1505787644261.jpeg',NULL,'passets/99fda1d4bd0f4b7ebc596cc393688590/2017/9/19/1505787644261.jpeg','99fda1d4bd0f4b7ebc596cc393688590','D:\\images\\passets\\99fda1d4bd0f4b7ebc596cc393688590\\2017\\9\\19\\1505787644261.jpeg',NULL,'99fda1d4bd0f4b7ebc596cc393688590','swiper'),('150578765029146',NULL,NULL,NULL,'2017-09-19 02:20:50','2017-09-19 02:24:50',0,NULL,NULL,141,0,NULL,'1505787650288.jpeg',NULL,'passets/99fda1d4bd0f4b7ebc596cc393688590/2017/9/19/1505787650288.jpeg','99fda1d4bd0f4b7ebc596cc393688590','D:\\images\\passets\\99fda1d4bd0f4b7ebc596cc393688590\\2017\\9\\19\\1505787650288.jpeg',NULL,'99fda1d4bd0f4b7ebc596cc393688590','swiper'),('150578775127096',NULL,NULL,NULL,'2017-09-19 02:22:31','2017-09-19 02:24:50',0,NULL,NULL,144,0,NULL,'1505787751266.jpeg',NULL,'passets/99fda1d4bd0f4b7ebc596cc393688590/2017/9/19/1505787751266.jpeg','99fda1d4bd0f4b7ebc596cc393688590','D:\\images\\passets\\99fda1d4bd0f4b7ebc596cc393688590\\2017\\9\\19\\1505787751266.jpeg',NULL,'99fda1d4bd0f4b7ebc596cc393688590','prop'),('152f4fc8ec3f4a74b8918b393afb7348',NULL,NULL,NULL,'2017-10-30 04:29:56',NULL,0,NULL,NULL,614,0,NULL,'1509337795900.jpg',NULL,'passets/335792e6f955482ba3f9376902c6c203/2017/10/30/1509337795900.jpg','335792e6f955482ba3f9376902c6c203','D:\\images\\passets\\335792e6f955482ba3f9376902c6c203\\2017\\10\\30\\1509337795900.jpg',NULL,NULL,'detail'),('1538821c5dd04ec1b71e51bf1a920523',NULL,NULL,NULL,'2017-10-30 01:40:07',NULL,0,NULL,NULL,328,0,NULL,'1509327607563.jpg',NULL,'passets/1902d78c88654580ba0b61fb842f3acc/2017/10/30/1509327607563.jpg','1902d78c88654580ba0b61fb842f3acc','D:\\images\\passets\\1902d78c88654580ba0b61fb842f3acc\\2017\\10\\30\\1509327607563.jpg',NULL,NULL,'detail'),('154021fa221c44308bd851a2332e778c',NULL,NULL,NULL,'2017-10-30 01:40:10',NULL,0,NULL,NULL,344,0,NULL,'1509327610303.jpg',NULL,'passets/1902d78c88654580ba0b61fb842f3acc/2017/10/30/1509327610303.jpg','1902d78c88654580ba0b61fb842f3acc','D:\\images\\passets\\1902d78c88654580ba0b61fb842f3acc\\2017\\10\\30\\1509327610303.jpg',NULL,NULL,'detail'),('16d525bc9c3d4b3bb3384760347b39bb',NULL,NULL,NULL,'2017-10-30 01:40:10',NULL,0,NULL,NULL,345,0,NULL,'1509327610489.jpg',NULL,'passets/1902d78c88654580ba0b61fb842f3acc/2017/10/30/1509327610489.jpg','1902d78c88654580ba0b61fb842f3acc','D:\\images\\passets\\1902d78c88654580ba0b61fb842f3acc\\2017\\10\\30\\1509327610489.jpg',NULL,NULL,'detail'),('1746ba9b055e44cd9ea9ac456e5fc63b',NULL,NULL,NULL,'2017-10-30 00:55:08',NULL,0,NULL,NULL,222,0,NULL,'1509324908102.jpg',NULL,'passets/856797c8a0ec40459de96563130f4395/2017/10/30/1509324908102.jpg','856797c8a0ec40459de96563130f4395','D:\\images\\passets\\856797c8a0ec40459de96563130f4395\\2017\\10\\30\\1509324908102.jpg',NULL,NULL,'detail'),('17477fd747a74b8dab7ed575d49571cf',NULL,NULL,NULL,'2017-10-30 02:51:48',NULL,0,NULL,NULL,470,0,NULL,'1509331908209.jpg',NULL,'passets/f601a70fccef4e57a92e6ecd1f8c44b9/2017/10/30/1509331908209.jpg','f601a70fccef4e57a92e6ecd1f8c44b9','D:\\images\\passets\\f601a70fccef4e57a92e6ecd1f8c44b9\\2017\\10\\30\\1509331908209.jpg',NULL,NULL,'detail'),('17bf7d3ee6264d86b0a7c338cccaac19',NULL,NULL,NULL,'2017-10-30 02:51:54',NULL,0,NULL,NULL,492,0,NULL,'1509331914211.jpg',NULL,'passets/f601a70fccef4e57a92e6ecd1f8c44b9/2017/10/30/1509331914211.jpg','f601a70fccef4e57a92e6ecd1f8c44b9','D:\\images\\passets\\f601a70fccef4e57a92e6ecd1f8c44b9\\2017\\10\\30\\1509331914211.jpg',NULL,NULL,'detail'),('17c36b2bf9ca4eaf98a7d619dbf3d1ae',NULL,NULL,NULL,'2017-10-30 01:50:00',NULL,0,NULL,NULL,363,0,NULL,'1509328200702.jpg',NULL,'passets/66ff3df6bec14d2bb3a7a53b8bac76fb/2017/10/30/1509328200702.jpg','66ff3df6bec14d2bb3a7a53b8bac76fb','D:\\images\\passets\\66ff3df6bec14d2bb3a7a53b8bac76fb\\2017\\10\\30\\1509328200702.jpg',NULL,NULL,'detail'),('19b19fba99cd46419f073e8aa33dccd2',NULL,NULL,NULL,'2017-10-30 01:49:58',NULL,0,NULL,NULL,355,0,NULL,'1509328197791.jpg',NULL,'passets/66ff3df6bec14d2bb3a7a53b8bac76fb/2017/10/30/1509328197791.jpg','66ff3df6bec14d2bb3a7a53b8bac76fb','D:\\images\\passets\\66ff3df6bec14d2bb3a7a53b8bac76fb\\2017\\10\\30\\1509328197791.jpg',NULL,NULL,'detail'),('19e4877139f347208a67130cb885f786',NULL,NULL,NULL,'2017-10-30 01:52:52',NULL,0,NULL,NULL,396,0,NULL,'1509328371785.jpg',NULL,'passets/fee41cc3601b4c2c89247a32018bc65b/2017/10/30/1509328371785.jpg','fee41cc3601b4c2c89247a32018bc65b','D:\\images\\passets\\fee41cc3601b4c2c89247a32018bc65b\\2017\\10\\30\\1509328371785.jpg',NULL,NULL,'detail'),('1bd67c129c2442898f4b591235a3d2aa',NULL,NULL,NULL,'2017-10-29 13:35:28',NULL,0,NULL,NULL,164,0,NULL,'1509284128316.jpg',NULL,'passets/6dc0efe40a7147a1ab3bf055d9e32f88/2017/10/29/1509284128316.jpg','6dc0efe40a7147a1ab3bf055d9e32f88','D:\\images\\passets\\6dc0efe40a7147a1ab3bf055d9e32f88\\2017\\10\\29\\1509284128316.jpg',NULL,NULL,'detail'),('1c76c0e88ff54684821490a588aab8c4',NULL,NULL,NULL,'2017-10-30 02:51:55',NULL,0,NULL,NULL,498,0,NULL,'1509331915131.jpg',NULL,'passets/f601a70fccef4e57a92e6ecd1f8c44b9/2017/10/30/1509331915131.jpg','f601a70fccef4e57a92e6ecd1f8c44b9','D:\\images\\passets\\f601a70fccef4e57a92e6ecd1f8c44b9\\2017\\10\\30\\1509331915131.jpg',NULL,NULL,'detail'),('1c824339b84249268898e4503c2e9016',NULL,NULL,NULL,'2017-10-29 13:35:39',NULL,0,NULL,NULL,183,0,NULL,'1509284139450.jpg',NULL,'passets/ffc50c6468734d51a7719c36e581e932/2017/10/29/1509284139450.jpg','ffc50c6468734d51a7719c36e581e932','D:\\images\\passets\\ffc50c6468734d51a7719c36e581e932\\2017\\10\\29\\1509284139450.jpg',NULL,NULL,'detail'),('1cbebedc7e094b72a29082ed513f9d73',NULL,NULL,NULL,'2017-10-29 13:35:28',NULL,0,NULL,NULL,165,0,NULL,'1509284128562.jpg',NULL,'passets/6dc0efe40a7147a1ab3bf055d9e32f88/2017/10/29/1509284128562.jpg','6dc0efe40a7147a1ab3bf055d9e32f88','D:\\images\\passets\\6dc0efe40a7147a1ab3bf055d9e32f88\\2017\\10\\29\\1509284128562.jpg',NULL,NULL,'detail'),('1ccb5b65df6941e09a9f8641cbae30c6',NULL,NULL,NULL,'2017-10-29 13:42:51',NULL,0,NULL,NULL,201,0,NULL,'1509284571078.jpg',NULL,'passets/2a98b034e5184e88bbb7b03bf19087ca/2017/10/29/1509284571078.jpg','2a98b034e5184e88bbb7b03bf19087ca','D:\\images\\passets\\2a98b034e5184e88bbb7b03bf19087ca\\2017\\10\\29\\1509284571078.jpg',NULL,NULL,'detail'),('1cd3bc4e2cdf4703923007052d865a0a',NULL,NULL,NULL,'2017-10-30 01:58:39',NULL,0,NULL,NULL,417,0,NULL,'1509328719794.jpg',NULL,'passets/c361b1f813934de1abec22875e503e5e/2017/10/30/1509328719794.jpg','c361b1f813934de1abec22875e503e5e','D:\\images\\passets\\c361b1f813934de1abec22875e503e5e\\2017\\10\\30\\1509328719794.jpg',NULL,NULL,'detail'),('1d840a0e175542688c115e729d259b95',NULL,NULL,NULL,'2017-10-30 01:49:57',NULL,0,NULL,NULL,353,0,NULL,'1509328196579.jpg',NULL,'passets/66ff3df6bec14d2bb3a7a53b8bac76fb/2017/10/30/1509328196579.jpg','66ff3df6bec14d2bb3a7a53b8bac76fb','D:\\images\\passets\\66ff3df6bec14d2bb3a7a53b8bac76fb\\2017\\10\\30\\1509328196579.jpg',NULL,NULL,'detail'),('1d9dcdef33054f34af50c4ec61494dbe',NULL,NULL,NULL,'2017-10-30 04:26:22',NULL,0,NULL,NULL,541,0,NULL,'1509337582311.jpg',NULL,'passets/804b0718ee144baab6f4e5174144ddbb/2017/10/30/1509337582311.jpg','804b0718ee144baab6f4e5174144ddbb','D:\\images\\passets\\804b0718ee144baab6f4e5174144ddbb\\2017\\10\\30\\1509337582311.jpg',NULL,NULL,'detail'),('1da05176616e409cb5aa64d6b595f971',NULL,NULL,NULL,'2017-10-30 04:29:52',NULL,0,NULL,NULL,602,0,NULL,'1509337792627.jpg',NULL,'passets/335792e6f955482ba3f9376902c6c203/2017/10/30/1509337792627.jpg','335792e6f955482ba3f9376902c6c203','D:\\images\\passets\\335792e6f955482ba3f9376902c6c203\\2017\\10\\30\\1509337792627.jpg',NULL,NULL,'detail'),('1da0899d7a9d44778e26aeb1529983fe',NULL,NULL,NULL,'2017-10-30 01:52:53',NULL,0,NULL,NULL,402,0,NULL,'1509328372933.jpg',NULL,'passets/fee41cc3601b4c2c89247a32018bc65b/2017/10/30/1509328372933.jpg','fee41cc3601b4c2c89247a32018bc65b','D:\\images\\passets\\fee41cc3601b4c2c89247a32018bc65b\\2017\\10\\30\\1509328372933.jpg',NULL,NULL,'detail'),('1ebc639e9e904e5f90dcbb18181ceaf9',NULL,NULL,NULL,'2017-10-30 01:58:43',NULL,0,NULL,NULL,442,0,NULL,'1509328723718.jpg',NULL,'passets/c361b1f813934de1abec22875e503e5e/2017/10/30/1509328723718.jpg','c361b1f813934de1abec22875e503e5e','D:\\images\\passets\\c361b1f813934de1abec22875e503e5e\\2017\\10\\30\\1509328723718.jpg',NULL,NULL,'detail'),('1ec92aa7839b40f2882907b3cf391387',NULL,NULL,NULL,'2017-10-30 02:51:54',NULL,0,NULL,NULL,494,0,NULL,'1509331914492.jpg',NULL,'passets/f601a70fccef4e57a92e6ecd1f8c44b9/2017/10/30/1509331914492.jpg','f601a70fccef4e57a92e6ecd1f8c44b9','D:\\images\\passets\\f601a70fccef4e57a92e6ecd1f8c44b9\\2017\\10\\30\\1509331914492.jpg',NULL,NULL,'detail'),('1ee64b7f49ee40a4a8dea47a4266eeb7',NULL,NULL,NULL,'2017-10-30 01:52:42',NULL,0,NULL,NULL,376,0,NULL,'1509328362071.jpg',NULL,'passets/fee41cc3601b4c2c89247a32018bc65b/2017/10/30/1509328362071.jpg','fee41cc3601b4c2c89247a32018bc65b','D:\\images\\passets\\fee41cc3601b4c2c89247a32018bc65b\\2017\\10\\30\\1509328362071.jpg',NULL,NULL,'detail'),('1f0f5947b6134c039e6b88c0ec001f8f',NULL,NULL,NULL,'2017-10-30 01:52:44',NULL,0,NULL,NULL,389,0,NULL,'1509328364699.jpg',NULL,'passets/fee41cc3601b4c2c89247a32018bc65b/2017/10/30/1509328364699.jpg','fee41cc3601b4c2c89247a32018bc65b','D:\\images\\passets\\fee41cc3601b4c2c89247a32018bc65b\\2017\\10\\30\\1509328364699.jpg',NULL,NULL,'detail'),('1f1d192ff8104580b4d7d3f8c19db201',NULL,NULL,NULL,'2017-10-30 01:52:41',NULL,0,NULL,NULL,373,0,NULL,'1509328361550.jpg',NULL,'passets/fee41cc3601b4c2c89247a32018bc65b/2017/10/30/1509328361550.jpg','fee41cc3601b4c2c89247a32018bc65b','D:\\images\\passets\\fee41cc3601b4c2c89247a32018bc65b\\2017\\10\\30\\1509328361550.jpg',NULL,NULL,'detail'),('1f331141837149479ea3338afd4d6eae',NULL,NULL,NULL,'2017-10-30 04:29:56',NULL,0,NULL,NULL,620,0,NULL,'1509337796732.jpg',NULL,'passets/335792e6f955482ba3f9376902c6c203/2017/10/30/1509337796732.jpg','335792e6f955482ba3f9376902c6c203','D:\\images\\passets\\335792e6f955482ba3f9376902c6c203\\2017\\10\\30\\1509337796732.jpg',NULL,NULL,'detail'),('1f9484ba40d44e45958fd6e13624682e',NULL,NULL,NULL,'2017-10-30 01:38:20',NULL,0,NULL,NULL,296,0,NULL,'1509327500385.jpg',NULL,'passets/74c2c1344a6443c8935d46c11009f0b9/2017/10/30/1509327500385.jpg','74c2c1344a6443c8935d46c11009f0b9','D:\\images\\passets\\74c2c1344a6443c8935d46c11009f0b9\\2017\\10\\30\\1509327500385.jpg',NULL,NULL,'detail'),('1fbd9f95e07547dc9e5d01f29da0324f',NULL,NULL,NULL,'2017-10-30 04:26:20',NULL,0,NULL,NULL,534,0,NULL,'1509337580546.jpg',NULL,'passets/804b0718ee144baab6f4e5174144ddbb/2017/10/30/1509337580546.jpg','804b0718ee144baab6f4e5174144ddbb','D:\\images\\passets\\804b0718ee144baab6f4e5174144ddbb\\2017\\10\\30\\1509337580546.jpg',NULL,NULL,'detail'),('1fd6e7f22b55447eb899dac66d1db9e7',NULL,NULL,NULL,'2017-10-29 13:35:38',NULL,0,NULL,NULL,176,0,NULL,'1509284137886.jpg',NULL,'passets/ffc50c6468734d51a7719c36e581e932/2017/10/29/1509284137886.jpg','ffc50c6468734d51a7719c36e581e932','D:\\images\\passets\\ffc50c6468734d51a7719c36e581e932\\2017\\10\\29\\1509284137886.jpg',NULL,NULL,'detail'),('2068d319c6cb4558a2b93afdd468b5bb',NULL,NULL,NULL,'2017-10-30 02:51:53',NULL,0,NULL,NULL,488,0,NULL,'1509331913366.jpg',NULL,'passets/f601a70fccef4e57a92e6ecd1f8c44b9/2017/10/30/1509331913366.jpg','f601a70fccef4e57a92e6ecd1f8c44b9','D:\\images\\passets\\f601a70fccef4e57a92e6ecd1f8c44b9\\2017\\10\\30\\1509331913366.jpg',NULL,NULL,'detail'),('20d42433d5794dc3a4974a0c5cb8be35',NULL,NULL,NULL,'2017-10-29 13:35:39',NULL,0,NULL,NULL,180,0,NULL,'1509284138881.jpg',NULL,'passets/ffc50c6468734d51a7719c36e581e932/2017/10/29/1509284138881.jpg','ffc50c6468734d51a7719c36e581e932','D:\\images\\passets\\ffc50c6468734d51a7719c36e581e932\\2017\\10\\29\\1509284138881.jpg',NULL,NULL,'detail'),('20d72cc5a25b4bb385d57060bb684640',NULL,NULL,NULL,'2017-10-30 02:51:52',NULL,0,NULL,NULL,483,0,NULL,'1509331912653.jpg',NULL,'passets/f601a70fccef4e57a92e6ecd1f8c44b9/2017/10/30/1509331912653.jpg','f601a70fccef4e57a92e6ecd1f8c44b9','D:\\images\\passets\\f601a70fccef4e57a92e6ecd1f8c44b9\\2017\\10\\30\\1509331912653.jpg',NULL,NULL,'detail'),('214721faacd44dd5a46004af79c2ed86',NULL,NULL,NULL,'2017-10-30 04:26:21',NULL,0,NULL,NULL,536,0,NULL,'1509337580882.jpg',NULL,'passets/804b0718ee144baab6f4e5174144ddbb/2017/10/30/1509337580882.jpg','804b0718ee144baab6f4e5174144ddbb','D:\\images\\passets\\804b0718ee144baab6f4e5174144ddbb\\2017\\10\\30\\1509337580882.jpg',NULL,NULL,'detail'),('2179605768014a22b72d1dd145d8bdf1',NULL,NULL,NULL,'2017-10-30 04:26:23',NULL,0,NULL,NULL,543,0,NULL,'1509337582896.jpg',NULL,'passets/804b0718ee144baab6f4e5174144ddbb/2017/10/30/1509337582896.jpg','804b0718ee144baab6f4e5174144ddbb','D:\\images\\passets\\804b0718ee144baab6f4e5174144ddbb\\2017\\10\\30\\1509337582896.jpg',NULL,NULL,'detail'),('2271ec84cdd444f094c9741e2dd3c6fe',NULL,NULL,NULL,'2017-10-30 01:40:05',NULL,0,NULL,NULL,318,0,NULL,'1509327605405.jpg',NULL,'passets/1902d78c88654580ba0b61fb842f3acc/2017/10/30/1509327605405.jpg','1902d78c88654580ba0b61fb842f3acc','D:\\images\\passets\\1902d78c88654580ba0b61fb842f3acc\\2017\\10\\30\\1509327605405.jpg',NULL,NULL,'detail'),('22794cee287c46b190c82fa5ef5cdc7a',NULL,NULL,NULL,'2017-10-30 01:52:42',NULL,0,NULL,NULL,379,0,NULL,'1509328362718.jpg',NULL,'passets/fee41cc3601b4c2c89247a32018bc65b/2017/10/30/1509328362718.jpg','fee41cc3601b4c2c89247a32018bc65b','D:\\images\\passets\\fee41cc3601b4c2c89247a32018bc65b\\2017\\10\\30\\1509328362718.jpg',NULL,NULL,'detail'),('22bf4d81ee2e4bebb13015930dbee716',NULL,NULL,NULL,'2017-10-30 04:29:56',NULL,0,NULL,NULL,616,0,NULL,'1509337796155.jpg',NULL,'passets/335792e6f955482ba3f9376902c6c203/2017/10/30/1509337796155.jpg','335792e6f955482ba3f9376902c6c203','D:\\images\\passets\\335792e6f955482ba3f9376902c6c203\\2017\\10\\30\\1509337796155.jpg',NULL,NULL,'detail'),('22f0aab9879a432fba44835f5d7f45a4',NULL,NULL,NULL,'2017-10-29 13:42:49',NULL,0,NULL,NULL,194,0,NULL,'1509284568885.jpg',NULL,'passets/2a98b034e5184e88bbb7b03bf19087ca/2017/10/29/1509284568885.jpg','2a98b034e5184e88bbb7b03bf19087ca','D:\\images\\passets\\2a98b034e5184e88bbb7b03bf19087ca\\2017\\10\\29\\1509284568885.jpg',NULL,NULL,'detail'),('231afc90b9da4a10bd87f215a9e1234d',NULL,NULL,NULL,'2017-10-30 01:40:08',NULL,0,NULL,NULL,335,0,NULL,'1509327608873.jpg',NULL,'passets/1902d78c88654580ba0b61fb842f3acc/2017/10/30/1509327608873.jpg','1902d78c88654580ba0b61fb842f3acc','D:\\images\\passets\\1902d78c88654580ba0b61fb842f3acc\\2017\\10\\30\\1509327608873.jpg',NULL,NULL,'detail'),('2428c6b8e9c34664920d27f8737c3325',NULL,NULL,NULL,'2017-10-30 01:38:20',NULL,0,NULL,NULL,294,0,NULL,'1509327499697.jpg',NULL,'passets/74c2c1344a6443c8935d46c11009f0b9/2017/10/30/1509327499697.jpg','74c2c1344a6443c8935d46c11009f0b9','D:\\images\\passets\\74c2c1344a6443c8935d46c11009f0b9\\2017\\10\\30\\1509327499697.jpg',NULL,NULL,'detail'),('24c2c9b6a2ee4b6b9abf086a116ac4e8',NULL,NULL,NULL,'2017-10-30 04:29:53',NULL,0,NULL,NULL,607,0,NULL,'1509337793616.jpg',NULL,'passets/335792e6f955482ba3f9376902c6c203/2017/10/30/1509337793616.jpg','335792e6f955482ba3f9376902c6c203','D:\\images\\passets\\335792e6f955482ba3f9376902c6c203\\2017\\10\\30\\1509337793616.jpg',NULL,NULL,'detail'),('251f5d98d8d849b795d1f0a9ac1c7702',NULL,NULL,NULL,'2017-10-30 01:52:44',NULL,0,NULL,NULL,387,0,NULL,'1509328364208.jpg',NULL,'passets/fee41cc3601b4c2c89247a32018bc65b/2017/10/30/1509328364208.jpg','fee41cc3601b4c2c89247a32018bc65b','D:\\images\\passets\\fee41cc3601b4c2c89247a32018bc65b\\2017\\10\\30\\1509328364208.jpg',NULL,NULL,'detail'),('25d9502019c04c328c48be14a699012e',NULL,NULL,NULL,'2017-10-30 04:26:25',NULL,0,NULL,NULL,552,0,NULL,'1509337585411.jpg',NULL,'passets/804b0718ee144baab6f4e5174144ddbb/2017/10/30/1509337585411.jpg','804b0718ee144baab6f4e5174144ddbb','D:\\images\\passets\\804b0718ee144baab6f4e5174144ddbb\\2017\\10\\30\\1509337585411.jpg',NULL,NULL,'swiper'),('26529158317344dfa5501ec2c1736310',NULL,NULL,NULL,'2017-10-30 00:55:08',NULL,0,NULL,NULL,225,0,NULL,'1509324908555.jpg',NULL,'passets/856797c8a0ec40459de96563130f4395/2017/10/30/1509324908555.jpg','856797c8a0ec40459de96563130f4395','D:\\images\\passets\\856797c8a0ec40459de96563130f4395\\2017\\10\\30\\1509324908555.jpg',NULL,NULL,'detail'),('26548046ff054a898dc72d5d9e1b80c0',NULL,NULL,NULL,'2017-10-30 01:38:18',NULL,0,NULL,NULL,287,0,NULL,'1509327498318.jpg',NULL,'passets/74c2c1344a6443c8935d46c11009f0b9/2017/10/30/1509327498318.jpg','74c2c1344a6443c8935d46c11009f0b9','D:\\images\\passets\\74c2c1344a6443c8935d46c11009f0b9\\2017\\10\\30\\1509327498318.jpg',NULL,NULL,'detail'),('2727716d34704c50b56aa3addb51fc9b',NULL,NULL,NULL,'2017-10-30 04:27:36',NULL,0,NULL,NULL,582,0,NULL,'1509337656264.jpg',NULL,'passets/0a18fdf641d0477a810444385ad43337/2017/10/30/1509337656264.jpg','0a18fdf641d0477a810444385ad43337','D:\\images\\passets\\0a18fdf641d0477a810444385ad43337\\2017\\10\\30\\1509337656264.jpg',NULL,NULL,'detail'),('290707e618fb4e00a4ffe4bc86d0819b',NULL,NULL,NULL,'2017-10-30 04:26:22',NULL,0,NULL,NULL,540,0,NULL,'1509337582101.jpg',NULL,'passets/804b0718ee144baab6f4e5174144ddbb/2017/10/30/1509337582101.jpg','804b0718ee144baab6f4e5174144ddbb','D:\\images\\passets\\804b0718ee144baab6f4e5174144ddbb\\2017\\10\\30\\1509337582101.jpg',NULL,NULL,'detail'),('292af5715a2e4b3f94d9cffc6adf804c',NULL,NULL,NULL,'2017-10-30 02:51:51',NULL,0,NULL,NULL,478,0,NULL,'1509331911771.jpg',NULL,'passets/f601a70fccef4e57a92e6ecd1f8c44b9/2017/10/30/1509331911771.jpg','f601a70fccef4e57a92e6ecd1f8c44b9','D:\\images\\passets\\f601a70fccef4e57a92e6ecd1f8c44b9\\2017\\10\\30\\1509331911771.jpg',NULL,NULL,'detail'),('2a374ad343314bf788262a06d924837a',NULL,NULL,NULL,'2017-10-30 04:26:17',NULL,0,NULL,NULL,515,0,NULL,'1509337576869.jpg',NULL,'passets/804b0718ee144baab6f4e5174144ddbb/2017/10/30/1509337576869.jpg','804b0718ee144baab6f4e5174144ddbb','D:\\images\\passets\\804b0718ee144baab6f4e5174144ddbb\\2017\\10\\30\\1509337576869.jpg',NULL,NULL,'detail'),('2a5bd8684bd1400bb61fa195e16ca6e3',NULL,NULL,NULL,'2017-10-30 01:49:57',NULL,0,NULL,NULL,354,0,NULL,'1509328197399.jpg',NULL,'passets/66ff3df6bec14d2bb3a7a53b8bac76fb/2017/10/30/1509328197399.jpg','66ff3df6bec14d2bb3a7a53b8bac76fb','D:\\images\\passets\\66ff3df6bec14d2bb3a7a53b8bac76fb\\2017\\10\\30\\1509328197399.jpg',NULL,NULL,'detail'),('2aa10c03823042d0b9da3440ebf1146e',NULL,NULL,NULL,'2017-10-30 04:27:41',NULL,0,NULL,NULL,594,0,NULL,'1509337661164.jpg',NULL,'passets/0a18fdf641d0477a810444385ad43337/2017/10/30/1509337661164.jpg','0a18fdf641d0477a810444385ad43337','D:\\images\\passets\\0a18fdf641d0477a810444385ad43337\\2017\\10\\30\\1509337661164.jpg',NULL,NULL,'swiper'),('2abe1ac728634d5ca9ebb32c595cb33c',NULL,NULL,NULL,'2017-10-30 02:11:38',NULL,0,NULL,NULL,458,0,NULL,'1509329498198.jpg',NULL,'passets/d5d4a73895154388bd68953e8054ae37/2017/10/30/1509329498198.jpg','d5d4a73895154388bd68953e8054ae37','D:\\images\\passets\\d5d4a73895154388bd68953e8054ae37\\2017\\10\\30\\1509329498198.jpg',NULL,NULL,'detail'),('2b96391658ca4f50a65eb3dfeed271f1',NULL,NULL,NULL,'2017-10-30 01:58:40',NULL,0,NULL,NULL,420,0,NULL,'1509328720373.jpg',NULL,'passets/c361b1f813934de1abec22875e503e5e/2017/10/30/1509328720373.jpg','c361b1f813934de1abec22875e503e5e','D:\\images\\passets\\c361b1f813934de1abec22875e503e5e\\2017\\10\\30\\1509328720373.jpg',NULL,NULL,'detail'),('2ba8732bd1e54f5a99330e69bb8c743c',NULL,NULL,NULL,'2017-10-30 04:29:58',NULL,0,NULL,NULL,629,0,NULL,'1509337798375.jpg',NULL,'passets/335792e6f955482ba3f9376902c6c203/2017/10/30/1509337798375.jpg','335792e6f955482ba3f9376902c6c203','D:\\images\\passets\\335792e6f955482ba3f9376902c6c203\\2017\\10\\30\\1509337798375.jpg',NULL,NULL,'detail'),('2c398715ed6547fd8750bb2fd041b620',NULL,NULL,NULL,'2017-10-30 02:51:53',NULL,0,NULL,NULL,486,0,NULL,'1509331913080.jpg',NULL,'passets/f601a70fccef4e57a92e6ecd1f8c44b9/2017/10/30/1509331913080.jpg','f601a70fccef4e57a92e6ecd1f8c44b9','D:\\images\\passets\\f601a70fccef4e57a92e6ecd1f8c44b9\\2017\\10\\30\\1509331913080.jpg',NULL,NULL,'detail'),('2cbd83e10bd64308a179afff53469c98',NULL,NULL,NULL,'2017-10-30 02:51:47',NULL,0,NULL,NULL,468,0,NULL,'1509331906851.jpg',NULL,'passets/f601a70fccef4e57a92e6ecd1f8c44b9/2017/10/30/1509331906851.jpg','f601a70fccef4e57a92e6ecd1f8c44b9','D:\\images\\passets\\f601a70fccef4e57a92e6ecd1f8c44b9\\2017\\10\\30\\1509331906851.jpg',NULL,NULL,'detail'),('2d4eec61129848f895c165ea16db2ff8',NULL,NULL,NULL,'2017-10-30 02:51:50',NULL,0,NULL,NULL,473,0,NULL,'1509331910823.jpg',NULL,'passets/f601a70fccef4e57a92e6ecd1f8c44b9/2017/10/30/1509331910823.jpg','f601a70fccef4e57a92e6ecd1f8c44b9','D:\\images\\passets\\f601a70fccef4e57a92e6ecd1f8c44b9\\2017\\10\\30\\1509331910823.jpg',NULL,NULL,'detail'),('2d9c54164daa41f7a54302c49d82fa2c',NULL,NULL,NULL,'2017-10-30 01:37:37',NULL,0,NULL,NULL,270,0,NULL,'1509327450254.jpg',NULL,'passets/74c2c1344a6443c8935d46c11009f0b9/2017/10/30/1509327450254.jpg','74c2c1344a6443c8935d46c11009f0b9','D:\\images\\passets\\74c2c1344a6443c8935d46c11009f0b9\\2017\\10\\30\\1509327450254.jpg',NULL,NULL,'detail'),('2e7bac7b8cf543ee85f9996aef946ce8',NULL,NULL,NULL,'2017-10-29 13:35:27',NULL,0,NULL,NULL,157,0,NULL,'1509284126937.jpg',NULL,'passets/6dc0efe40a7147a1ab3bf055d9e32f88/2017/10/29/1509284126937.jpg','6dc0efe40a7147a1ab3bf055d9e32f88','D:\\images\\passets\\6dc0efe40a7147a1ab3bf055d9e32f88\\2017\\10\\29\\1509284126937.jpg',NULL,NULL,'detail'),('2f1dbb1c86384177b1a6c0b8780465a8',NULL,NULL,NULL,'2017-10-30 01:52:41',NULL,0,NULL,NULL,370,0,NULL,'1509328360808.jpg',NULL,'passets/fee41cc3601b4c2c89247a32018bc65b/2017/10/30/1509328360808.jpg','fee41cc3601b4c2c89247a32018bc65b','D:\\images\\passets\\fee41cc3601b4c2c89247a32018bc65b\\2017\\10\\30\\1509328360808.jpg',NULL,NULL,'detail'),('2f42a72b55984e788358ff39f23ccaab',NULL,NULL,NULL,'2017-10-30 01:38:21',NULL,0,NULL,NULL,298,0,NULL,'1509327500839.jpg',NULL,'passets/74c2c1344a6443c8935d46c11009f0b9/2017/10/30/1509327500839.jpg','74c2c1344a6443c8935d46c11009f0b9','D:\\images\\passets\\74c2c1344a6443c8935d46c11009f0b9\\2017\\10\\30\\1509327500839.jpg',NULL,NULL,'detail'),('2f7d89e7e3e04ff78db795796f1bb5a0',NULL,NULL,NULL,'2017-10-30 01:40:04',NULL,0,NULL,NULL,314,0,NULL,'1509327604520.jpg',NULL,'passets/1902d78c88654580ba0b61fb842f3acc/2017/10/30/1509327604520.jpg','1902d78c88654580ba0b61fb842f3acc','D:\\images\\passets\\1902d78c88654580ba0b61fb842f3acc\\2017\\10\\30\\1509327604520.jpg',NULL,NULL,'detail'),('2f9db90be4b4409b8c606b9ee7df7820',NULL,NULL,NULL,'2017-10-30 02:11:38',NULL,0,NULL,NULL,457,0,NULL,'1509329497041.jpg',NULL,'passets/d5d4a73895154388bd68953e8054ae37/2017/10/30/1509329497041.jpg','d5d4a73895154388bd68953e8054ae37','D:\\images\\passets\\d5d4a73895154388bd68953e8054ae37\\2017\\10\\30\\1509329497041.jpg',NULL,NULL,'detail'),('302344b06a39454f9826cfccb4561203',NULL,NULL,NULL,'2017-10-29 13:35:24',NULL,0,NULL,NULL,149,0,NULL,'1509284123817.jpg',NULL,'passets/6dc0efe40a7147a1ab3bf055d9e32f88/2017/10/29/1509284123817.jpg','6dc0efe40a7147a1ab3bf055d9e32f88','D:\\images\\passets\\6dc0efe40a7147a1ab3bf055d9e32f88\\2017\\10\\29\\1509284123817.jpg',NULL,NULL,'detail'),('304b2760272f4e69a239398855108c4b',NULL,NULL,NULL,'2017-10-30 04:29:52',NULL,0,NULL,NULL,599,0,NULL,'1509337792009.jpg',NULL,'passets/335792e6f955482ba3f9376902c6c203/2017/10/30/1509337792009.jpg','335792e6f955482ba3f9376902c6c203','D:\\images\\passets\\335792e6f955482ba3f9376902c6c203\\2017\\10\\30\\1509337792009.jpg',NULL,NULL,'detail'),('30e4c601abff427fadc2d1733cae91fc',NULL,NULL,NULL,'2017-10-30 04:26:15',NULL,0,NULL,NULL,510,0,NULL,'1509337574867.jpg',NULL,'passets/804b0718ee144baab6f4e5174144ddbb/2017/10/30/1509337574867.jpg','804b0718ee144baab6f4e5174144ddbb','D:\\images\\passets\\804b0718ee144baab6f4e5174144ddbb\\2017\\10\\30\\1509337574867.jpg',NULL,NULL,'detail'),('311a710debc841a0aec19ecd52beb093',NULL,NULL,NULL,'2017-10-30 02:11:30',NULL,0,NULL,NULL,446,0,NULL,'1509329490417.jpg',NULL,'passets/d5d4a73895154388bd68953e8054ae37/2017/10/30/1509329490417.jpg','d5d4a73895154388bd68953e8054ae37','D:\\images\\passets\\d5d4a73895154388bd68953e8054ae37\\2017\\10\\30\\1509329490417.jpg',NULL,NULL,'detail'),('32e30f0bc47d4014a9ed7bf8213b75a2',NULL,NULL,NULL,'2017-10-29 13:35:27',NULL,0,NULL,NULL,161,0,NULL,'1509284127682.jpg',NULL,'passets/6dc0efe40a7147a1ab3bf055d9e32f88/2017/10/29/1509284127682.jpg','6dc0efe40a7147a1ab3bf055d9e32f88','D:\\images\\passets\\6dc0efe40a7147a1ab3bf055d9e32f88\\2017\\10\\29\\1509284127682.jpg',NULL,NULL,'detail'),('334e8d4078c5431a8c71cbb6b08e08c7',NULL,NULL,NULL,'2017-10-30 01:38:18',NULL,0,NULL,NULL,286,0,NULL,'1509327498170.jpg',NULL,'passets/74c2c1344a6443c8935d46c11009f0b9/2017/10/30/1509327498170.jpg','74c2c1344a6443c8935d46c11009f0b9','D:\\images\\passets\\74c2c1344a6443c8935d46c11009f0b9\\2017\\10\\30\\1509327498170.jpg',NULL,NULL,'detail'),('335f37cf28234d87ac0fa2ae6e311912',NULL,NULL,NULL,'2017-10-30 04:27:41',NULL,0,NULL,NULL,593,0,NULL,'1509337661061.jpg',NULL,'passets/0a18fdf641d0477a810444385ad43337/2017/10/30/1509337661061.jpg','0a18fdf641d0477a810444385ad43337','D:\\images\\passets\\0a18fdf641d0477a810444385ad43337\\2017\\10\\30\\1509337661061.jpg',NULL,NULL,'swiper'),('338c693f92d24fb59c58c619da1bcf5f',NULL,NULL,NULL,'2017-10-30 04:26:24',NULL,0,NULL,NULL,548,0,NULL,'1509337584759.jpg',NULL,'passets/804b0718ee144baab6f4e5174144ddbb/2017/10/30/1509337584759.jpg','804b0718ee144baab6f4e5174144ddbb','D:\\images\\passets\\804b0718ee144baab6f4e5174144ddbb\\2017\\10\\30\\1509337584759.jpg',NULL,NULL,'swiper'),('341c8304f88a47209131cb080e29f30f',NULL,NULL,NULL,'2017-10-30 04:26:20',NULL,0,NULL,NULL,532,0,NULL,'1509337580114.jpg',NULL,'passets/804b0718ee144baab6f4e5174144ddbb/2017/10/30/1509337580114.jpg','804b0718ee144baab6f4e5174144ddbb','D:\\images\\passets\\804b0718ee144baab6f4e5174144ddbb\\2017\\10\\30\\1509337580114.jpg',NULL,NULL,'detail'),('34bacb2b59ca47ed8d5ee87fb8c877b5',NULL,NULL,NULL,'2017-10-29 13:35:26',NULL,0,NULL,NULL,153,0,NULL,'1509284125572.jpg',NULL,'passets/6dc0efe40a7147a1ab3bf055d9e32f88/2017/10/29/1509284125572.jpg','6dc0efe40a7147a1ab3bf055d9e32f88','D:\\images\\passets\\6dc0efe40a7147a1ab3bf055d9e32f88\\2017\\10\\29\\1509284125572.jpg',NULL,NULL,'detail'),('34cbd46a235846f9939ed88f68a1c115',NULL,NULL,NULL,'2017-10-30 01:49:59',NULL,0,NULL,NULL,359,0,NULL,'1509328199354.jpg',NULL,'passets/66ff3df6bec14d2bb3a7a53b8bac76fb/2017/10/30/1509328199354.jpg','66ff3df6bec14d2bb3a7a53b8bac76fb','D:\\images\\passets\\66ff3df6bec14d2bb3a7a53b8bac76fb\\2017\\10\\30\\1509328199354.jpg',NULL,NULL,'detail'),('361d1e8d205042c6837addcf8b8c1046',NULL,NULL,NULL,'2017-10-30 04:26:22',NULL,0,NULL,NULL,539,0,NULL,'1509337581683.jpg',NULL,'passets/804b0718ee144baab6f4e5174144ddbb/2017/10/30/1509337581683.jpg','804b0718ee144baab6f4e5174144ddbb','D:\\images\\passets\\804b0718ee144baab6f4e5174144ddbb\\2017\\10\\30\\1509337581683.jpg',NULL,NULL,'detail'),('367e8c4e3c154afd998c1b8dcc25c8cb',NULL,NULL,NULL,'2017-10-30 04:29:58',NULL,0,NULL,NULL,631,0,NULL,'1509337798747.jpg',NULL,'passets/335792e6f955482ba3f9376902c6c203/2017/10/30/1509337798747.jpg','335792e6f955482ba3f9376902c6c203','D:\\images\\passets\\335792e6f955482ba3f9376902c6c203\\2017\\10\\30\\1509337798747.jpg',NULL,NULL,'detail'),('375b59c1bea442138af92b972c3706b7',NULL,NULL,NULL,'2017-10-30 01:40:07',NULL,0,NULL,NULL,329,0,NULL,'1509327607693.jpg',NULL,'passets/1902d78c88654580ba0b61fb842f3acc/2017/10/30/1509327607693.jpg','1902d78c88654580ba0b61fb842f3acc','D:\\images\\passets\\1902d78c88654580ba0b61fb842f3acc\\2017\\10\\30\\1509327607693.jpg',NULL,NULL,'detail'),('381620e9bd4549d09bd98d29109b7f23',NULL,NULL,NULL,'2017-10-30 04:27:40',NULL,0,NULL,NULL,588,0,NULL,'1509337660111.jpg',NULL,'passets/0a18fdf641d0477a810444385ad43337/2017/10/30/1509337660111.jpg','0a18fdf641d0477a810444385ad43337','D:\\images\\passets\\0a18fdf641d0477a810444385ad43337\\2017\\10\\30\\1509337660111.jpg',NULL,NULL,'detail'),('383b5cdcb88647eb9a18c3f761931386',NULL,NULL,NULL,'2017-10-30 00:55:06',NULL,0,NULL,NULL,216,0,NULL,'1509324905881.jpg',NULL,'passets/856797c8a0ec40459de96563130f4395/2017/10/30/1509324905881.jpg','856797c8a0ec40459de96563130f4395','D:\\images\\passets\\856797c8a0ec40459de96563130f4395\\2017\\10\\30\\1509324905881.jpg',NULL,NULL,'detail'),('385294d99f914f989d5c02f7a8a96665',NULL,NULL,NULL,'2017-10-30 01:58:40',NULL,0,NULL,NULL,421,0,NULL,'1509328720514.jpg',NULL,'passets/c361b1f813934de1abec22875e503e5e/2017/10/30/1509328720514.jpg','c361b1f813934de1abec22875e503e5e','D:\\images\\passets\\c361b1f813934de1abec22875e503e5e\\2017\\10\\30\\1509328720514.jpg',NULL,NULL,'detail'),('38bcbe2ec3f94a65a614f1ce95b91852',NULL,NULL,NULL,'2017-10-30 01:40:05',NULL,0,NULL,NULL,316,0,NULL,'1509327605060.jpg',NULL,'passets/1902d78c88654580ba0b61fb842f3acc/2017/10/30/1509327605060.jpg','1902d78c88654580ba0b61fb842f3acc','D:\\images\\passets\\1902d78c88654580ba0b61fb842f3acc\\2017\\10\\30\\1509327605060.jpg',NULL,NULL,'detail'),('39ae788edbd94314bea9786022b5a0b8',NULL,NULL,NULL,'2017-10-30 01:52:44',NULL,0,NULL,NULL,388,0,NULL,'1509328364453.jpg',NULL,'passets/fee41cc3601b4c2c89247a32018bc65b/2017/10/30/1509328364453.jpg','fee41cc3601b4c2c89247a32018bc65b','D:\\images\\passets\\fee41cc3601b4c2c89247a32018bc65b\\2017\\10\\30\\1509328364453.jpg',NULL,NULL,'detail'),('39c75bd913cd4d16b3a3347144023343',NULL,NULL,NULL,'2017-10-30 04:29:59',NULL,0,NULL,NULL,634,0,NULL,'1509337799315.jpg',NULL,'passets/335792e6f955482ba3f9376902c6c203/2017/10/30/1509337799315.jpg','335792e6f955482ba3f9376902c6c203','D:\\images\\passets\\335792e6f955482ba3f9376902c6c203\\2017\\10\\30\\1509337799315.jpg',NULL,NULL,'detail'),('39ec2a7cb3db446eb06c130c2f1dc436',NULL,NULL,NULL,'2017-10-30 04:27:38',NULL,0,NULL,NULL,586,0,NULL,'1509337658250.jpg',NULL,'passets/0a18fdf641d0477a810444385ad43337/2017/10/30/1509337658250.jpg','0a18fdf641d0477a810444385ad43337','D:\\images\\passets\\0a18fdf641d0477a810444385ad43337\\2017\\10\\30\\1509337658250.jpg',NULL,NULL,'detail'),('39f648e02d8048f9907f4dc327c14eae',NULL,NULL,NULL,'2017-10-30 01:52:40',NULL,0,NULL,NULL,367,0,NULL,'1509328359940.jpg',NULL,'passets/fee41cc3601b4c2c89247a32018bc65b/2017/10/30/1509328359940.jpg','fee41cc3601b4c2c89247a32018bc65b','D:\\images\\passets\\fee41cc3601b4c2c89247a32018bc65b\\2017\\10\\30\\1509328359940.jpg',NULL,NULL,'detail'),('3a0b6159d75945d98a1e8c23d15ac838',NULL,NULL,NULL,'2017-10-30 04:27:34',NULL,0,NULL,NULL,573,0,NULL,'1509337654739.jpg',NULL,'passets/0a18fdf641d0477a810444385ad43337/2017/10/30/1509337654739.jpg','0a18fdf641d0477a810444385ad43337','D:\\images\\passets\\0a18fdf641d0477a810444385ad43337\\2017\\10\\30\\1509337654739.jpg',NULL,NULL,'detail'),('3aa237964e1c47f9b4486c501791af17',NULL,NULL,NULL,'2017-10-30 04:29:52',NULL,0,NULL,NULL,601,0,NULL,'1509337792382.jpg',NULL,'passets/335792e6f955482ba3f9376902c6c203/2017/10/30/1509337792382.jpg','335792e6f955482ba3f9376902c6c203','D:\\images\\passets\\335792e6f955482ba3f9376902c6c203\\2017\\10\\30\\1509337792382.jpg',NULL,NULL,'detail'),('3b2f74c4eee74847a05b7b4c51b674e3',NULL,NULL,NULL,'2017-10-30 04:26:18',NULL,0,NULL,NULL,520,0,NULL,'1509337577844.jpg',NULL,'passets/804b0718ee144baab6f4e5174144ddbb/2017/10/30/1509337577844.jpg','804b0718ee144baab6f4e5174144ddbb','D:\\images\\passets\\804b0718ee144baab6f4e5174144ddbb\\2017\\10\\30\\1509337577844.jpg',NULL,NULL,'detail'),('3c6f6a814c074893b256be455beed9e0',NULL,NULL,NULL,'2017-10-30 01:52:53',NULL,0,NULL,NULL,403,0,NULL,'1509328373108.jpg',NULL,'passets/fee41cc3601b4c2c89247a32018bc65b/2017/10/30/1509328373108.jpg','fee41cc3601b4c2c89247a32018bc65b','D:\\images\\passets\\fee41cc3601b4c2c89247a32018bc65b\\2017\\10\\30\\1509328373108.jpg',NULL,NULL,'detail'),('3d316c1695a74718b1bdffc706e2c169',NULL,NULL,NULL,'2017-10-29 13:42:47',NULL,0,NULL,NULL,191,0,NULL,'1509284567116.jpg',NULL,'passets/2a98b034e5184e88bbb7b03bf19087ca/2017/10/29/1509284567116.jpg','2a98b034e5184e88bbb7b03bf19087ca','D:\\images\\passets\\2a98b034e5184e88bbb7b03bf19087ca\\2017\\10\\29\\1509284567116.jpg',NULL,NULL,'detail'),('3d746b3006314235b2df5dd167519dcb',NULL,NULL,NULL,'2017-10-30 04:26:16',NULL,0,NULL,NULL,514,0,NULL,'1509337575987.jpg',NULL,'passets/804b0718ee144baab6f4e5174144ddbb/2017/10/30/1509337575987.jpg','804b0718ee144baab6f4e5174144ddbb','D:\\images\\passets\\804b0718ee144baab6f4e5174144ddbb\\2017\\10\\30\\1509337575987.jpg',NULL,NULL,'detail'),('3e981b2ba342431184c964207283b3db',NULL,NULL,NULL,'2017-10-30 02:51:42',NULL,0,NULL,NULL,465,0,NULL,'1509331902210.jpg',NULL,'passets/f601a70fccef4e57a92e6ecd1f8c44b9/2017/10/30/1509331902210.jpg','f601a70fccef4e57a92e6ecd1f8c44b9','D:\\images\\passets\\f601a70fccef4e57a92e6ecd1f8c44b9\\2017\\10\\30\\1509331902210.jpg',NULL,NULL,'prop'),('3eeec9beb193432292e113053e72d855',NULL,NULL,NULL,'2017-10-30 02:11:36',NULL,0,NULL,NULL,454,0,NULL,'1509329496305.jpg',NULL,'passets/d5d4a73895154388bd68953e8054ae37/2017/10/30/1509329496305.jpg','d5d4a73895154388bd68953e8054ae37','D:\\images\\passets\\d5d4a73895154388bd68953e8054ae37\\2017\\10\\30\\1509329496305.jpg',NULL,NULL,'detail'),('3f11c7c52308471a8fa2224f8168dab7',NULL,NULL,NULL,'2017-10-30 04:26:22',NULL,0,NULL,NULL,542,0,NULL,'1509337582536.jpg',NULL,'passets/804b0718ee144baab6f4e5174144ddbb/2017/10/30/1509337582536.jpg','804b0718ee144baab6f4e5174144ddbb','D:\\images\\passets\\804b0718ee144baab6f4e5174144ddbb\\2017\\10\\30\\1509337582536.jpg',NULL,NULL,'detail'),('3f38727a2c2a4c79bbb52dc90ca54cd7',NULL,NULL,NULL,'2017-10-30 00:55:08',NULL,0,NULL,NULL,223,0,NULL,'1509324908305.jpg',NULL,'passets/856797c8a0ec40459de96563130f4395/2017/10/30/1509324908305.jpg','856797c8a0ec40459de96563130f4395','D:\\images\\passets\\856797c8a0ec40459de96563130f4395\\2017\\10\\30\\1509324908305.jpg',NULL,NULL,'detail'),('3f73509e4e694fd8b2f4e7e0d5621cca',NULL,NULL,NULL,'2017-10-30 01:49:59',NULL,0,NULL,NULL,357,0,NULL,'1509328198728.jpg',NULL,'passets/66ff3df6bec14d2bb3a7a53b8bac76fb/2017/10/30/1509328198728.jpg','66ff3df6bec14d2bb3a7a53b8bac76fb','D:\\images\\passets\\66ff3df6bec14d2bb3a7a53b8bac76fb\\2017\\10\\30\\1509328198728.jpg',NULL,NULL,'detail'),('40aa119426194fbab57145841e0da8d0',NULL,NULL,NULL,'2017-10-30 00:55:10',NULL,0,NULL,NULL,227,0,NULL,'1509324908766.jpg',NULL,'passets/856797c8a0ec40459de96563130f4395/2017/10/30/1509324908766.jpg','856797c8a0ec40459de96563130f4395','D:\\images\\passets\\856797c8a0ec40459de96563130f4395\\2017\\10\\30\\1509324908766.jpg',NULL,NULL,'detail'),('40d6fd622ac24ee984d936d20732d585',NULL,NULL,NULL,'2017-10-30 04:26:25',NULL,0,NULL,NULL,551,0,NULL,'1509337585243.jpg',NULL,'passets/804b0718ee144baab6f4e5174144ddbb/2017/10/30/1509337585243.jpg','804b0718ee144baab6f4e5174144ddbb','D:\\images\\passets\\804b0718ee144baab6f4e5174144ddbb\\2017\\10\\30\\1509337585243.jpg',NULL,NULL,'swiper'),('4122795192104077bdb3504b7ba2f100',NULL,NULL,NULL,'2017-10-30 04:27:30',NULL,0,NULL,NULL,558,0,NULL,'1509337649987.jpg',NULL,'passets/0a18fdf641d0477a810444385ad43337/2017/10/30/1509337649987.jpg','0a18fdf641d0477a810444385ad43337','D:\\images\\passets\\0a18fdf641d0477a810444385ad43337\\2017\\10\\30\\1509337649987.jpg',NULL,NULL,'detail'),('413af1ff8ea8459ea0d79e5a46271086',NULL,NULL,NULL,'2017-10-30 00:55:05',NULL,0,NULL,NULL,214,0,NULL,'1509324903585.jpg',NULL,'passets/856797c8a0ec40459de96563130f4395/2017/10/30/1509324903585.jpg','856797c8a0ec40459de96563130f4395','D:\\images\\passets\\856797c8a0ec40459de96563130f4395\\2017\\10\\30\\1509324903585.jpg',NULL,NULL,'detail'),('421d791c5ae847dc9825b9d475753466',NULL,NULL,NULL,'2017-10-30 01:38:11',NULL,0,NULL,NULL,280,0,NULL,'1509327491593.jpg',NULL,'passets/74c2c1344a6443c8935d46c11009f0b9/2017/10/30/1509327491593.jpg','74c2c1344a6443c8935d46c11009f0b9','D:\\images\\passets\\74c2c1344a6443c8935d46c11009f0b9\\2017\\10\\30\\1509327491593.jpg',NULL,NULL,'detail'),('429ebea99c6140058e89ec4314011c3e',NULL,NULL,NULL,'2017-10-30 01:58:36',NULL,0,NULL,NULL,405,0,NULL,'1509328716314.jpg',NULL,'passets/c361b1f813934de1abec22875e503e5e/2017/10/30/1509328716314.jpg','c361b1f813934de1abec22875e503e5e','D:\\images\\passets\\c361b1f813934de1abec22875e503e5e\\2017\\10\\30\\1509328716314.jpg',NULL,NULL,'prop'),('42c56f7b86a64ae1ad9eefdb292c817a',NULL,NULL,NULL,'2017-10-30 04:26:23',NULL,0,NULL,NULL,544,0,NULL,'1509337583198.jpg',NULL,'passets/804b0718ee144baab6f4e5174144ddbb/2017/10/30/1509337583198.jpg','804b0718ee144baab6f4e5174144ddbb','D:\\images\\passets\\804b0718ee144baab6f4e5174144ddbb\\2017\\10\\30\\1509337583198.jpg',NULL,NULL,'detail'),('42fabeac7d604346b89e9a010bab5b42',NULL,NULL,NULL,'2017-10-30 04:27:34',NULL,0,NULL,NULL,574,0,NULL,'1509337654860.jpg',NULL,'passets/0a18fdf641d0477a810444385ad43337/2017/10/30/1509337654860.jpg','0a18fdf641d0477a810444385ad43337','D:\\images\\passets\\0a18fdf641d0477a810444385ad43337\\2017\\10\\30\\1509337654860.jpg',NULL,NULL,'detail'),('42fb3f2d5a444b7eaf4c7478c5c54c35',NULL,NULL,NULL,'2017-10-30 04:27:29',NULL,0,NULL,NULL,557,0,NULL,'1509337649640.jpg',NULL,'passets/0a18fdf641d0477a810444385ad43337/2017/10/30/1509337649640.jpg','0a18fdf641d0477a810444385ad43337','D:\\images\\passets\\0a18fdf641d0477a810444385ad43337\\2017\\10\\30\\1509337649640.jpg',NULL,NULL,'detail'),('433b810bf092474fae6d00558e10fe21',NULL,NULL,NULL,'2017-10-30 04:29:59',NULL,0,NULL,NULL,633,0,NULL,'1509337799132.jpg',NULL,'passets/335792e6f955482ba3f9376902c6c203/2017/10/30/1509337799132.jpg','335792e6f955482ba3f9376902c6c203','D:\\images\\passets\\335792e6f955482ba3f9376902c6c203\\2017\\10\\30\\1509337799132.jpg',NULL,NULL,'detail'),('4353ac793201472dbeadb80ed4738e94',NULL,NULL,NULL,'2017-10-30 02:11:34',NULL,0,NULL,NULL,450,0,NULL,'1509329494469.jpg',NULL,'passets/d5d4a73895154388bd68953e8054ae37/2017/10/30/1509329494469.jpg','d5d4a73895154388bd68953e8054ae37','D:\\images\\passets\\d5d4a73895154388bd68953e8054ae37\\2017\\10\\30\\1509329494469.jpg',NULL,NULL,'detail'),('44e89176097e436083c4172b9cc6fefb',NULL,NULL,NULL,'2017-10-30 04:26:20',NULL,0,NULL,NULL,533,0,NULL,'1509337580345.jpg',NULL,'passets/804b0718ee144baab6f4e5174144ddbb/2017/10/30/1509337580345.jpg','804b0718ee144baab6f4e5174144ddbb','D:\\images\\passets\\804b0718ee144baab6f4e5174144ddbb\\2017\\10\\30\\1509337580345.jpg',NULL,NULL,'detail'),('44ecff6e64d64a39bc12defb335775b5',NULL,NULL,NULL,'2017-10-30 00:55:05',NULL,0,NULL,NULL,215,0,NULL,'1509324905414.jpg',NULL,'passets/856797c8a0ec40459de96563130f4395/2017/10/30/1509324905414.jpg','856797c8a0ec40459de96563130f4395','D:\\images\\passets\\856797c8a0ec40459de96563130f4395\\2017\\10\\30\\1509324905414.jpg',NULL,NULL,'detail'),('455115bd329e480cb5e104ef5f4a7112',NULL,NULL,NULL,'2017-10-30 02:51:48',NULL,0,NULL,NULL,469,0,NULL,'1509331907137.jpg',NULL,'passets/f601a70fccef4e57a92e6ecd1f8c44b9/2017/10/30/1509331907137.jpg','f601a70fccef4e57a92e6ecd1f8c44b9','D:\\images\\passets\\f601a70fccef4e57a92e6ecd1f8c44b9\\2017\\10\\30\\1509331907137.jpg',NULL,NULL,'detail'),('45a62c4b5fc0498dbb88526e61052d85',NULL,NULL,NULL,'2017-10-30 04:29:55',NULL,0,NULL,NULL,611,0,NULL,'1509337794957.jpg',NULL,'passets/335792e6f955482ba3f9376902c6c203/2017/10/30/1509337794957.jpg','335792e6f955482ba3f9376902c6c203','D:\\images\\passets\\335792e6f955482ba3f9376902c6c203\\2017\\10\\30\\1509337794957.jpg',NULL,NULL,'detail'),('45dfde285495405d85619951eaea93aa',NULL,NULL,NULL,'2017-10-30 04:29:51',NULL,0,NULL,NULL,598,0,NULL,'1509337791756.jpg',NULL,'passets/335792e6f955482ba3f9376902c6c203/2017/10/30/1509337791756.jpg','335792e6f955482ba3f9376902c6c203','D:\\images\\passets\\335792e6f955482ba3f9376902c6c203\\2017\\10\\30\\1509337791756.jpg',NULL,NULL,'detail'),('461ad13ac7144c34bed1f2eefe0343c1',NULL,NULL,NULL,'2017-10-30 04:26:20',NULL,0,NULL,NULL,535,0,NULL,'1509337580692.jpg',NULL,'passets/804b0718ee144baab6f4e5174144ddbb/2017/10/30/1509337580692.jpg','804b0718ee144baab6f4e5174144ddbb','D:\\images\\passets\\804b0718ee144baab6f4e5174144ddbb\\2017\\10\\30\\1509337580692.jpg',NULL,NULL,'detail'),('468f5d9cf2f040ddbc2fdfed2a3716cd',NULL,NULL,NULL,'2017-10-30 04:27:37',NULL,0,NULL,NULL,584,0,NULL,'1509337657422.jpg',NULL,'passets/0a18fdf641d0477a810444385ad43337/2017/10/30/1509337657422.jpg','0a18fdf641d0477a810444385ad43337','D:\\images\\passets\\0a18fdf641d0477a810444385ad43337\\2017\\10\\30\\1509337657422.jpg',NULL,NULL,'detail'),('46f71eddce89442f97db2cd6e7667dc2',NULL,NULL,NULL,'2017-10-29 13:35:27',NULL,0,NULL,NULL,162,0,NULL,'1509284127851.jpg',NULL,'passets/6dc0efe40a7147a1ab3bf055d9e32f88/2017/10/29/1509284127851.jpg','6dc0efe40a7147a1ab3bf055d9e32f88','D:\\images\\passets\\6dc0efe40a7147a1ab3bf055d9e32f88\\2017\\10\\29\\1509284127851.jpg',NULL,NULL,'detail'),('4727a0a316fa4d58b9f8fa8779815c11',NULL,NULL,NULL,'2017-10-29 13:35:38',NULL,0,NULL,NULL,179,0,NULL,'1509284138558.jpg',NULL,'passets/ffc50c6468734d51a7719c36e581e932/2017/10/29/1509284138558.jpg','ffc50c6468734d51a7719c36e581e932','D:\\images\\passets\\ffc50c6468734d51a7719c36e581e932\\2017\\10\\29\\1509284138558.jpg',NULL,NULL,'detail'),('474da20841cc4e9d8bd0bb88f16f0810',NULL,NULL,NULL,'2017-10-30 04:26:17',NULL,0,NULL,NULL,516,0,NULL,'1509337577173.jpg',NULL,'passets/804b0718ee144baab6f4e5174144ddbb/2017/10/30/1509337577173.jpg','804b0718ee144baab6f4e5174144ddbb','D:\\images\\passets\\804b0718ee144baab6f4e5174144ddbb\\2017\\10\\30\\1509337577173.jpg',NULL,NULL,'detail'),('485b02aaa74648dd8c78639d80793f3a',NULL,NULL,NULL,'2017-10-30 01:38:11',NULL,0,NULL,NULL,278,0,NULL,'1509327491047.jpg',NULL,'passets/74c2c1344a6443c8935d46c11009f0b9/2017/10/30/1509327491047.jpg','74c2c1344a6443c8935d46c11009f0b9','D:\\images\\passets\\74c2c1344a6443c8935d46c11009f0b9\\2017\\10\\30\\1509327491047.jpg',NULL,NULL,'detail'),('4903101a2d824b738ffa6307aee75e3a',NULL,NULL,NULL,'2017-10-30 01:58:38',NULL,0,NULL,NULL,412,0,NULL,'1509328718695.jpg',NULL,'passets/c361b1f813934de1abec22875e503e5e/2017/10/30/1509328718695.jpg','c361b1f813934de1abec22875e503e5e','D:\\images\\passets\\c361b1f813934de1abec22875e503e5e\\2017\\10\\30\\1509328718695.jpg',NULL,NULL,'detail'),('49785ef2d22b4c028d342f3a8fdebeda',NULL,NULL,NULL,'2017-10-30 01:58:37',NULL,0,NULL,NULL,408,0,NULL,'1509328716970.jpg',NULL,'passets/c361b1f813934de1abec22875e503e5e/2017/10/30/1509328716970.jpg','c361b1f813934de1abec22875e503e5e','D:\\images\\passets\\c361b1f813934de1abec22875e503e5e\\2017\\10\\30\\1509328716970.jpg',NULL,NULL,'detail'),('4aba867b59be403f82a8d5f2fd09dfc6',NULL,NULL,NULL,'2017-10-30 01:49:58',NULL,0,NULL,NULL,356,0,NULL,'1509328198337.jpg',NULL,'passets/66ff3df6bec14d2bb3a7a53b8bac76fb/2017/10/30/1509328198337.jpg','66ff3df6bec14d2bb3a7a53b8bac76fb','D:\\images\\passets\\66ff3df6bec14d2bb3a7a53b8bac76fb\\2017\\10\\30\\1509328198337.jpg',NULL,NULL,'detail'),('4ad15a8b5465443e9a25e6bd1daaaf38',NULL,NULL,NULL,'2017-10-29 13:35:26',NULL,0,NULL,NULL,156,0,NULL,'1509284126670.jpg',NULL,'passets/6dc0efe40a7147a1ab3bf055d9e32f88/2017/10/29/1509284126670.jpg','6dc0efe40a7147a1ab3bf055d9e32f88','D:\\images\\passets\\6dc0efe40a7147a1ab3bf055d9e32f88\\2017\\10\\29\\1509284126670.jpg',NULL,NULL,'detail'),('4b037651642f469c83cc2caa8f19711e',NULL,NULL,NULL,'2017-10-30 04:27:34',NULL,0,NULL,NULL,568,0,NULL,'1509337653962.jpg',NULL,'passets/0a18fdf641d0477a810444385ad43337/2017/10/30/1509337653962.jpg','0a18fdf641d0477a810444385ad43337','D:\\images\\passets\\0a18fdf641d0477a810444385ad43337\\2017\\10\\30\\1509337653962.jpg',NULL,NULL,'detail'),('4d0966e12f6f400db5611f606a44244b',NULL,NULL,NULL,'2017-10-30 02:52:10',NULL,0,NULL,NULL,504,0,NULL,'1509331930311.jpg',NULL,'passets/f601a70fccef4e57a92e6ecd1f8c44b9/2017/10/30/1509331930311.jpg','f601a70fccef4e57a92e6ecd1f8c44b9','D:\\images\\passets\\f601a70fccef4e57a92e6ecd1f8c44b9\\2017\\10\\30\\1509331930311.jpg',NULL,NULL,'swiper'),('4d1e9a9a1aec48c5bb778479607f3227',NULL,NULL,NULL,'2017-10-30 00:55:07',NULL,0,NULL,NULL,217,0,NULL,'1509324906861.jpg',NULL,'passets/856797c8a0ec40459de96563130f4395/2017/10/30/1509324906861.jpg','856797c8a0ec40459de96563130f4395','D:\\images\\passets\\856797c8a0ec40459de96563130f4395\\2017\\10\\30\\1509324906861.jpg',NULL,NULL,'detail'),('4ee4c862fc2443a3b53cac5b4225fee4',NULL,NULL,NULL,'2017-10-30 01:38:21',NULL,0,NULL,NULL,300,0,NULL,'1509327501338.jpg',NULL,'passets/74c2c1344a6443c8935d46c11009f0b9/2017/10/30/1509327501338.jpg','74c2c1344a6443c8935d46c11009f0b9','D:\\images\\passets\\74c2c1344a6443c8935d46c11009f0b9\\2017\\10\\30\\1509327501338.jpg',NULL,NULL,'detail'),('4f5dcfb976734a828799b0787b06c00b',NULL,NULL,NULL,'2017-10-30 01:40:06',NULL,0,NULL,NULL,319,0,NULL,'1509327605868.jpg',NULL,'passets/1902d78c88654580ba0b61fb842f3acc/2017/10/30/1509327605868.jpg','1902d78c88654580ba0b61fb842f3acc','D:\\images\\passets\\1902d78c88654580ba0b61fb842f3acc\\2017\\10\\30\\1509327605868.jpg',NULL,NULL,'detail'),('4fe12dc3155941aea08a72500402f4f5',NULL,NULL,NULL,'2017-10-30 01:52:51',NULL,0,NULL,NULL,395,0,NULL,'1509328371422.jpg',NULL,'passets/fee41cc3601b4c2c89247a32018bc65b/2017/10/30/1509328371422.jpg','fee41cc3601b4c2c89247a32018bc65b','D:\\images\\passets\\fee41cc3601b4c2c89247a32018bc65b\\2017\\10\\30\\1509328371422.jpg',NULL,NULL,'detail'),('5069ebd9c2a0479ca231a2ec050b20ac',NULL,NULL,NULL,'2017-10-29 13:35:23',NULL,0,NULL,NULL,146,0,NULL,'1509284122876.jpg',NULL,'passets/6dc0efe40a7147a1ab3bf055d9e32f88/2017/10/29/1509284122876.jpg','6dc0efe40a7147a1ab3bf055d9e32f88','D:\\images\\passets\\6dc0efe40a7147a1ab3bf055d9e32f88\\2017\\10\\29\\1509284122876.jpg',NULL,NULL,'detail'),('50f06563304c4ea69f2b6cc77783c584',NULL,NULL,NULL,'2017-10-30 04:27:41',NULL,0,NULL,NULL,596,0,NULL,'1509337661414.jpg',NULL,'passets/0a18fdf641d0477a810444385ad43337/2017/10/30/1509337661414.jpg','0a18fdf641d0477a810444385ad43337','D:\\images\\passets\\0a18fdf641d0477a810444385ad43337\\2017\\10\\30\\1509337661414.jpg',NULL,NULL,'swiper'),('52135447c47340a591003e248daedec1',NULL,NULL,NULL,'2017-10-30 04:27:33',NULL,0,NULL,NULL,565,0,NULL,'1509337652522.jpg',NULL,'passets/0a18fdf641d0477a810444385ad43337/2017/10/30/1509337652522.jpg','0a18fdf641d0477a810444385ad43337','D:\\images\\passets\\0a18fdf641d0477a810444385ad43337\\2017\\10\\30\\1509337652522.jpg',NULL,NULL,'detail'),('526861cc83134ce0a1033dcfb0acc4ab',NULL,NULL,NULL,'2017-10-30 04:29:52',NULL,0,NULL,NULL,600,0,NULL,'1509337792134.jpg',NULL,'passets/335792e6f955482ba3f9376902c6c203/2017/10/30/1509337792134.jpg','335792e6f955482ba3f9376902c6c203','D:\\images\\passets\\335792e6f955482ba3f9376902c6c203\\2017\\10\\30\\1509337792134.jpg',NULL,NULL,'detail'),('530108b7f559426288e3d5f8c39d1cf6',NULL,NULL,NULL,'2017-10-30 04:29:56',NULL,0,NULL,NULL,615,0,NULL,'1509337796031.jpg',NULL,'passets/335792e6f955482ba3f9376902c6c203/2017/10/30/1509337796031.jpg','335792e6f955482ba3f9376902c6c203','D:\\images\\passets\\335792e6f955482ba3f9376902c6c203\\2017\\10\\30\\1509337796031.jpg',NULL,NULL,'detail'),('545f93e44e9441459521d7769e6a79c5',NULL,NULL,NULL,'2017-10-30 01:40:06',NULL,0,NULL,NULL,321,0,NULL,'1509327606485.jpg',NULL,'passets/1902d78c88654580ba0b61fb842f3acc/2017/10/30/1509327606485.jpg','1902d78c88654580ba0b61fb842f3acc','D:\\images\\passets\\1902d78c88654580ba0b61fb842f3acc\\2017\\10\\30\\1509327606485.jpg',NULL,NULL,'detail'),('546bdecd0ad44f4a8b757bede6f63032',NULL,NULL,NULL,'2017-10-30 02:52:12',NULL,0,NULL,NULL,505,0,NULL,'1509331930572.jpg',NULL,'passets/f601a70fccef4e57a92e6ecd1f8c44b9/2017/10/30/1509331930572.jpg','f601a70fccef4e57a92e6ecd1f8c44b9','D:\\images\\passets\\f601a70fccef4e57a92e6ecd1f8c44b9\\2017\\10\\30\\1509331930572.jpg',NULL,NULL,'swiper'),('54dd7efeb39c4e4fb3b1767ac8cf8244',NULL,NULL,NULL,'2017-10-30 02:51:52',NULL,0,NULL,NULL,480,0,NULL,'1509331912100.jpg',NULL,'passets/f601a70fccef4e57a92e6ecd1f8c44b9/2017/10/30/1509331912100.jpg','f601a70fccef4e57a92e6ecd1f8c44b9','D:\\images\\passets\\f601a70fccef4e57a92e6ecd1f8c44b9\\2017\\10\\30\\1509331912100.jpg',NULL,NULL,'detail'),('557c5173490f4c649fea79e9156b6702',NULL,NULL,NULL,'2017-10-30 01:38:09',NULL,0,NULL,NULL,272,0,NULL,'1509327488992.jpg',NULL,'passets/74c2c1344a6443c8935d46c11009f0b9/2017/10/30/1509327488992.jpg','74c2c1344a6443c8935d46c11009f0b9','D:\\images\\passets\\74c2c1344a6443c8935d46c11009f0b9\\2017\\10\\30\\1509327488992.jpg',NULL,NULL,'detail'),('55fdf5979b1744d686705196e266b854',NULL,NULL,NULL,'2017-10-30 04:27:40',NULL,0,NULL,NULL,587,0,NULL,'1509337658607.jpg',NULL,'passets/0a18fdf641d0477a810444385ad43337/2017/10/30/1509337658607.jpg','0a18fdf641d0477a810444385ad43337','D:\\images\\passets\\0a18fdf641d0477a810444385ad43337\\2017\\10\\30\\1509337658607.jpg',NULL,NULL,'detail'),('5662a8023fd844f392e264fe235b7aa0',NULL,NULL,NULL,'2017-10-30 04:27:40',NULL,0,NULL,NULL,590,0,NULL,'1509337660528.jpg',NULL,'passets/0a18fdf641d0477a810444385ad43337/2017/10/30/1509337660528.jpg','0a18fdf641d0477a810444385ad43337','D:\\images\\passets\\0a18fdf641d0477a810444385ad43337\\2017\\10\\30\\1509337660528.jpg',NULL,NULL,'detail'),('56705144baf04a09a77d5e808bd02374',NULL,NULL,NULL,'2017-10-29 13:35:40',NULL,0,NULL,NULL,186,0,NULL,'1509284139921.jpg',NULL,'passets/ffc50c6468734d51a7719c36e581e932/2017/10/29/1509284139921.jpg','ffc50c6468734d51a7719c36e581e932','D:\\images\\passets\\ffc50c6468734d51a7719c36e581e932\\2017\\10\\29\\1509284139921.jpg',NULL,NULL,'detail'),('574d8c01785d416caa3326c058835011',NULL,NULL,NULL,'2017-10-30 02:51:55',NULL,0,NULL,NULL,497,0,NULL,'1509331914973.jpg',NULL,'passets/f601a70fccef4e57a92e6ecd1f8c44b9/2017/10/30/1509331914973.jpg','f601a70fccef4e57a92e6ecd1f8c44b9','D:\\images\\passets\\f601a70fccef4e57a92e6ecd1f8c44b9\\2017\\10\\30\\1509331914973.jpg',NULL,NULL,'detail'),('582d5de5274a46b995dd45f17b9be482',NULL,NULL,NULL,'2017-10-29 13:42:50',NULL,0,NULL,NULL,197,0,NULL,'1509284570208.jpg',NULL,'passets/2a98b034e5184e88bbb7b03bf19087ca/2017/10/29/1509284570208.jpg','2a98b034e5184e88bbb7b03bf19087ca','D:\\images\\passets\\2a98b034e5184e88bbb7b03bf19087ca\\2017\\10\\29\\1509284570208.jpg',NULL,NULL,'detail'),('59302c6a8bed47d5aac2dc42f028d90b',NULL,NULL,NULL,'2017-10-30 01:58:41',NULL,0,NULL,NULL,425,0,NULL,'1509328721083.jpg',NULL,'passets/c361b1f813934de1abec22875e503e5e/2017/10/30/1509328721083.jpg','c361b1f813934de1abec22875e503e5e','D:\\images\\passets\\c361b1f813934de1abec22875e503e5e\\2017\\10\\30\\1509328721083.jpg',NULL,NULL,'detail'),('597b042a76eb406ba10b978f59f8931e',NULL,NULL,NULL,'2017-10-30 01:40:09',NULL,0,NULL,NULL,339,0,NULL,'1509327609384.jpg',NULL,'passets/1902d78c88654580ba0b61fb842f3acc/2017/10/30/1509327609384.jpg','1902d78c88654580ba0b61fb842f3acc','D:\\images\\passets\\1902d78c88654580ba0b61fb842f3acc\\2017\\10\\30\\1509327609384.jpg',NULL,NULL,'detail'),('5a2840f913004d6a9f12c45540b6751f',NULL,NULL,NULL,'2017-10-30 04:26:18',NULL,0,NULL,NULL,524,0,NULL,'1509337578732.jpg',NULL,'passets/804b0718ee144baab6f4e5174144ddbb/2017/10/30/1509337578732.jpg','804b0718ee144baab6f4e5174144ddbb','D:\\images\\passets\\804b0718ee144baab6f4e5174144ddbb\\2017\\10\\30\\1509337578732.jpg',NULL,NULL,'detail'),('5a39522d79974b1cbb61e3e6eb496890',NULL,NULL,NULL,'2017-10-30 02:11:32',NULL,0,NULL,NULL,448,0,NULL,'1509329491608.jpg',NULL,'passets/d5d4a73895154388bd68953e8054ae37/2017/10/30/1509329491608.jpg','d5d4a73895154388bd68953e8054ae37','D:\\images\\passets\\d5d4a73895154388bd68953e8054ae37\\2017\\10\\30\\1509329491608.jpg',NULL,NULL,'detail'),('5a53672461b64dbca871665e018d7941',NULL,NULL,NULL,'2017-10-29 13:35:33',NULL,0,NULL,NULL,168,0,NULL,'1509284133736.jpg',NULL,'passets/ffc50c6468734d51a7719c36e581e932/2017/10/29/1509284133736.jpg','ffc50c6468734d51a7719c36e581e932','D:\\images\\passets\\ffc50c6468734d51a7719c36e581e932\\2017\\10\\29\\1509284133736.jpg',NULL,NULL,'detail'),('5a5ccdbf23ab4f6e9db4fb74b2ee7ea2',NULL,NULL,NULL,'2017-10-30 04:27:31',NULL,0,NULL,NULL,563,0,NULL,'1509337651247.jpg',NULL,'passets/0a18fdf641d0477a810444385ad43337/2017/10/30/1509337651247.jpg','0a18fdf641d0477a810444385ad43337','D:\\images\\passets\\0a18fdf641d0477a810444385ad43337\\2017\\10\\30\\1509337651247.jpg',NULL,NULL,'detail'),('5a9f8ab00d7d4f60bc0db1e09049d5ce',NULL,NULL,NULL,'2017-10-30 04:27:41',NULL,0,NULL,NULL,592,0,NULL,'1509337660962.jpg',NULL,'passets/0a18fdf641d0477a810444385ad43337/2017/10/30/1509337660962.jpg','0a18fdf641d0477a810444385ad43337','D:\\images\\passets\\0a18fdf641d0477a810444385ad43337\\2017\\10\\30\\1509337660962.jpg',NULL,NULL,'swiper'),('5aa44d2c26694d2f8e8e44123dde70f1',NULL,NULL,NULL,'2017-10-30 04:26:15',NULL,0,NULL,NULL,512,0,NULL,'1509337575326.jpg',NULL,'passets/804b0718ee144baab6f4e5174144ddbb/2017/10/30/1509337575326.jpg','804b0718ee144baab6f4e5174144ddbb','D:\\images\\passets\\804b0718ee144baab6f4e5174144ddbb\\2017\\10\\30\\1509337575326.jpg',NULL,NULL,'detail'),('5b522f70d8984b4c97647f3b00769e28',NULL,NULL,NULL,'2017-10-30 04:27:31',NULL,0,NULL,NULL,562,0,NULL,'1509337651116.jpg',NULL,'passets/0a18fdf641d0477a810444385ad43337/2017/10/30/1509337651116.jpg','0a18fdf641d0477a810444385ad43337','D:\\images\\passets\\0a18fdf641d0477a810444385ad43337\\2017\\10\\30\\1509337651116.jpg',NULL,NULL,'detail'),('5bdec11873ac47ee981dc50c36ffe67d',NULL,NULL,NULL,'2017-10-30 04:29:53',NULL,0,NULL,NULL,604,0,NULL,'1509337793070.jpg',NULL,'passets/335792e6f955482ba3f9376902c6c203/2017/10/30/1509337793070.jpg','335792e6f955482ba3f9376902c6c203','D:\\images\\passets\\335792e6f955482ba3f9376902c6c203\\2017\\10\\30\\1509337793070.jpg',NULL,NULL,'detail'),('5caaabc4892c49e3b1a7dd24dca06f0e',NULL,NULL,NULL,'2017-10-29 13:42:48',NULL,0,NULL,NULL,192,0,NULL,'1509284567617.jpg',NULL,'passets/2a98b034e5184e88bbb7b03bf19087ca/2017/10/29/1509284567617.jpg','2a98b034e5184e88bbb7b03bf19087ca','D:\\images\\passets\\2a98b034e5184e88bbb7b03bf19087ca\\2017\\10\\29\\1509284567617.jpg',NULL,NULL,'detail'),('5d29e0dd0186404eac923db1052b14d4',NULL,NULL,NULL,'2017-10-30 01:52:44',NULL,0,NULL,NULL,386,0,NULL,'1509328363859.jpg',NULL,'passets/fee41cc3601b4c2c89247a32018bc65b/2017/10/30/1509328363859.jpg','fee41cc3601b4c2c89247a32018bc65b','D:\\images\\passets\\fee41cc3601b4c2c89247a32018bc65b\\2017\\10\\30\\1509328363859.jpg',NULL,NULL,'detail'),('5d66edc61a93440e936df1a67234ab12',NULL,NULL,NULL,'2017-10-30 04:26:19',NULL,0,NULL,NULL,526,0,NULL,'1509337579114.jpg',NULL,'passets/804b0718ee144baab6f4e5174144ddbb/2017/10/30/1509337579114.jpg','804b0718ee144baab6f4e5174144ddbb','D:\\images\\passets\\804b0718ee144baab6f4e5174144ddbb\\2017\\10\\30\\1509337579114.jpg',NULL,NULL,'detail'),('5e0d290a7d23439189d910e4ad443f54',NULL,NULL,NULL,'2017-10-30 01:58:42',NULL,0,NULL,NULL,437,0,NULL,'1509328722813.jpg',NULL,'passets/c361b1f813934de1abec22875e503e5e/2017/10/30/1509328722813.jpg','c361b1f813934de1abec22875e503e5e','D:\\images\\passets\\c361b1f813934de1abec22875e503e5e\\2017\\10\\30\\1509328722813.jpg',NULL,NULL,'detail'),('5e1bffded39a4730a941ec024c2c7b89',NULL,NULL,NULL,'2017-10-29 13:35:28',NULL,0,NULL,NULL,163,0,NULL,'1509284127969.jpg',NULL,'passets/6dc0efe40a7147a1ab3bf055d9e32f88/2017/10/29/1509284127969.jpg','6dc0efe40a7147a1ab3bf055d9e32f88','D:\\images\\passets\\6dc0efe40a7147a1ab3bf055d9e32f88\\2017\\10\\29\\1509284127969.jpg',NULL,NULL,'detail'),('5e53c2ee06734ea0a8c7deda4e0752e7',NULL,NULL,NULL,'2017-10-30 04:29:58',NULL,0,NULL,NULL,630,0,NULL,'1509337798523.jpg',NULL,'passets/335792e6f955482ba3f9376902c6c203/2017/10/30/1509337798523.jpg','335792e6f955482ba3f9376902c6c203','D:\\images\\passets\\335792e6f955482ba3f9376902c6c203\\2017\\10\\30\\1509337798523.jpg',NULL,NULL,'detail'),('5e585f62584b44c096489b38b639b5b6',NULL,NULL,NULL,'2017-10-30 01:52:40',NULL,0,NULL,NULL,369,0,NULL,'1509328360379.jpg',NULL,'passets/fee41cc3601b4c2c89247a32018bc65b/2017/10/30/1509328360379.jpg','fee41cc3601b4c2c89247a32018bc65b','D:\\images\\passets\\fee41cc3601b4c2c89247a32018bc65b\\2017\\10\\30\\1509328360379.jpg',NULL,NULL,'detail'),('5f4a7dbd37554d08a9428b71fe0c0d80',NULL,NULL,NULL,'2017-10-30 01:40:09',NULL,0,NULL,NULL,340,0,NULL,'1509327609535.jpg',NULL,'passets/1902d78c88654580ba0b61fb842f3acc/2017/10/30/1509327609535.jpg','1902d78c88654580ba0b61fb842f3acc','D:\\images\\passets\\1902d78c88654580ba0b61fb842f3acc\\2017\\10\\30\\1509327609535.jpg',NULL,NULL,'detail'),('602c77bf784b41fcbd4376cdef0cbbc1',NULL,NULL,NULL,'2017-10-30 04:29:57',NULL,0,NULL,NULL,621,0,NULL,'1509337796937.jpg',NULL,'passets/335792e6f955482ba3f9376902c6c203/2017/10/30/1509337796937.jpg','335792e6f955482ba3f9376902c6c203','D:\\images\\passets\\335792e6f955482ba3f9376902c6c203\\2017\\10\\30\\1509337796937.jpg',NULL,NULL,'detail'),('6041503cd78a4a728915df742b32865e',NULL,NULL,NULL,'2017-10-30 04:26:19',NULL,0,NULL,NULL,530,0,NULL,'1509337579811.jpg',NULL,'passets/804b0718ee144baab6f4e5174144ddbb/2017/10/30/1509337579811.jpg','804b0718ee144baab6f4e5174144ddbb','D:\\images\\passets\\804b0718ee144baab6f4e5174144ddbb\\2017\\10\\30\\1509337579811.jpg',NULL,NULL,'detail'),('605ffd52bc474e98b054e593b44c448a',NULL,NULL,NULL,'2017-10-30 01:58:44',NULL,0,NULL,NULL,443,0,NULL,'1509328723891.jpg',NULL,'passets/c361b1f813934de1abec22875e503e5e/2017/10/30/1509328723891.jpg','c361b1f813934de1abec22875e503e5e','D:\\images\\passets\\c361b1f813934de1abec22875e503e5e\\2017\\10\\30\\1509328723891.jpg',NULL,NULL,'detail'),('6067282c29f14cb78ce224fd861652ae',NULL,NULL,NULL,'2017-10-29 13:42:46',NULL,0,NULL,NULL,187,0,NULL,'1509284565128.jpg',NULL,'passets/2a98b034e5184e88bbb7b03bf19087ca/2017/10/29/1509284565128.jpg','2a98b034e5184e88bbb7b03bf19087ca','D:\\images\\passets\\2a98b034e5184e88bbb7b03bf19087ca\\2017\\10\\29\\1509284565128.jpg',NULL,NULL,'detail'),('60853e2c48be48758669db94d4ba6cbe',NULL,NULL,NULL,'2017-10-29 13:42:52',NULL,0,NULL,NULL,206,0,NULL,'1509284572127.jpg',NULL,'passets/2a98b034e5184e88bbb7b03bf19087ca/2017/10/29/1509284572127.jpg','2a98b034e5184e88bbb7b03bf19087ca','D:\\images\\passets\\2a98b034e5184e88bbb7b03bf19087ca\\2017\\10\\29\\1509284572127.jpg',NULL,NULL,'detail'),('609d0892c73e40b9ad16d5ca3d328cd6',NULL,NULL,NULL,'2017-10-30 04:27:37',NULL,0,NULL,NULL,583,0,NULL,'1509337656386.jpg',NULL,'passets/0a18fdf641d0477a810444385ad43337/2017/10/30/1509337656386.jpg','0a18fdf641d0477a810444385ad43337','D:\\images\\passets\\0a18fdf641d0477a810444385ad43337\\2017\\10\\30\\1509337656386.jpg',NULL,NULL,'detail'),('6182a2e0967248938eb5f31ad8684997',NULL,NULL,NULL,'2017-10-29 13:35:39',NULL,0,NULL,NULL,184,0,NULL,'1509284139579.jpg',NULL,'passets/ffc50c6468734d51a7719c36e581e932/2017/10/29/1509284139579.jpg','ffc50c6468734d51a7719c36e581e932','D:\\images\\passets\\ffc50c6468734d51a7719c36e581e932\\2017\\10\\29\\1509284139579.jpg',NULL,NULL,'detail'),('61cdd19570d74b299f06cfda49ca2888',NULL,NULL,NULL,'2017-10-30 01:58:38',NULL,0,NULL,NULL,411,0,NULL,'1509328718471.jpg',NULL,'passets/c361b1f813934de1abec22875e503e5e/2017/10/30/1509328718471.jpg','c361b1f813934de1abec22875e503e5e','D:\\images\\passets\\c361b1f813934de1abec22875e503e5e\\2017\\10\\30\\1509328718471.jpg',NULL,NULL,'detail'),('61fb14194e2a4bb3b64376ba8b5e4c1a',NULL,NULL,NULL,'2017-10-30 04:27:30',NULL,0,NULL,NULL,560,0,NULL,'1509337650535.jpg',NULL,'passets/0a18fdf641d0477a810444385ad43337/2017/10/30/1509337650535.jpg','0a18fdf641d0477a810444385ad43337','D:\\images\\passets\\0a18fdf641d0477a810444385ad43337\\2017\\10\\30\\1509337650535.jpg',NULL,NULL,'detail'),('621c5c054f414b7f81bc42f681b5a431',NULL,NULL,NULL,'2017-10-30 04:29:56',NULL,0,NULL,NULL,619,0,NULL,'1509337796538.jpg',NULL,'passets/335792e6f955482ba3f9376902c6c203/2017/10/30/1509337796538.jpg','335792e6f955482ba3f9376902c6c203','D:\\images\\passets\\335792e6f955482ba3f9376902c6c203\\2017\\10\\30\\1509337796538.jpg',NULL,NULL,'detail'),('63137c02055042bf9ce6a6fa62b76d46',NULL,NULL,NULL,'2017-10-30 04:26:15',NULL,0,NULL,NULL,511,0,NULL,'1509337575160.jpg',NULL,'passets/804b0718ee144baab6f4e5174144ddbb/2017/10/30/1509337575160.jpg','804b0718ee144baab6f4e5174144ddbb','D:\\images\\passets\\804b0718ee144baab6f4e5174144ddbb\\2017\\10\\30\\1509337575160.jpg',NULL,NULL,'detail'),('6571f1482934485183d34f1eb0849d73',NULL,NULL,NULL,'2017-10-30 04:30:00',NULL,0,NULL,NULL,638,0,NULL,'1509337799870.jpg',NULL,'passets/335792e6f955482ba3f9376902c6c203/2017/10/30/1509337799870.jpg','335792e6f955482ba3f9376902c6c203','D:\\images\\passets\\335792e6f955482ba3f9376902c6c203\\2017\\10\\30\\1509337799870.jpg',NULL,NULL,'swiper'),('65c6e1675f74484495131ecc8ba23669',NULL,NULL,NULL,'2017-10-30 02:51:54',NULL,0,NULL,NULL,496,0,NULL,'1509331914837.jpg',NULL,'passets/f601a70fccef4e57a92e6ecd1f8c44b9/2017/10/30/1509331914837.jpg','f601a70fccef4e57a92e6ecd1f8c44b9','D:\\images\\passets\\f601a70fccef4e57a92e6ecd1f8c44b9\\2017\\10\\30\\1509331914837.jpg',NULL,NULL,'detail'),('65ea499bd395429d83dcf98a70ff486e',NULL,NULL,NULL,'2017-10-30 04:29:58',NULL,0,NULL,NULL,627,0,NULL,'1509337797998.jpg',NULL,'passets/335792e6f955482ba3f9376902c6c203/2017/10/30/1509337797998.jpg','335792e6f955482ba3f9376902c6c203','D:\\images\\passets\\335792e6f955482ba3f9376902c6c203\\2017\\10\\30\\1509337797998.jpg',NULL,NULL,'detail'),('66dd32655b394788912364bc6759b269',NULL,NULL,NULL,'2017-10-30 01:58:40',NULL,0,NULL,NULL,419,0,NULL,'1509328720198.jpg',NULL,'passets/c361b1f813934de1abec22875e503e5e/2017/10/30/1509328720198.jpg','c361b1f813934de1abec22875e503e5e','D:\\images\\passets\\c361b1f813934de1abec22875e503e5e\\2017\\10\\30\\1509328720198.jpg',NULL,NULL,'detail'),('67c815f0855f41fb828d1cc96b8d9875',NULL,NULL,NULL,'2017-10-30 01:40:03',NULL,0,NULL,NULL,309,0,NULL,'1509327603306.jpg',NULL,'passets/1902d78c88654580ba0b61fb842f3acc/2017/10/30/1509327603306.jpg','1902d78c88654580ba0b61fb842f3acc','D:\\images\\passets\\1902d78c88654580ba0b61fb842f3acc\\2017\\10\\30\\1509327603306.jpg',NULL,NULL,'detail'),('68e2cbfbdb674526aefbdb5e1948e592',NULL,NULL,NULL,'2017-10-30 01:40:06',NULL,0,NULL,NULL,322,0,NULL,'1509327606657.jpg',NULL,'passets/1902d78c88654580ba0b61fb842f3acc/2017/10/30/1509327606657.jpg','1902d78c88654580ba0b61fb842f3acc','D:\\images\\passets\\1902d78c88654580ba0b61fb842f3acc\\2017\\10\\30\\1509327606657.jpg',NULL,NULL,'detail'),('69c6a8b7b23147c1a2ed4177e3fd70f9',NULL,NULL,NULL,'2017-10-30 02:51:55',NULL,0,NULL,NULL,500,0,NULL,'1509331915678.jpg',NULL,'passets/f601a70fccef4e57a92e6ecd1f8c44b9/2017/10/30/1509331915678.jpg','f601a70fccef4e57a92e6ecd1f8c44b9','D:\\images\\passets\\f601a70fccef4e57a92e6ecd1f8c44b9\\2017\\10\\30\\1509331915678.jpg',NULL,NULL,'detail'),('69f6fb3399824908b2ebb0e08cbb3ff7',NULL,NULL,NULL,'2017-10-30 01:38:19',NULL,0,NULL,NULL,293,0,NULL,'1509327499449.jpg',NULL,'passets/74c2c1344a6443c8935d46c11009f0b9/2017/10/30/1509327499449.jpg','74c2c1344a6443c8935d46c11009f0b9','D:\\images\\passets\\74c2c1344a6443c8935d46c11009f0b9\\2017\\10\\30\\1509327499449.jpg',NULL,NULL,'detail'),('6a866841f59e4dacbad43ba7a79ea694',NULL,NULL,NULL,'2017-10-30 02:51:54',NULL,0,NULL,NULL,495,0,NULL,'1509331914646.jpg',NULL,'passets/f601a70fccef4e57a92e6ecd1f8c44b9/2017/10/30/1509331914646.jpg','f601a70fccef4e57a92e6ecd1f8c44b9','D:\\images\\passets\\f601a70fccef4e57a92e6ecd1f8c44b9\\2017\\10\\30\\1509331914646.jpg',NULL,NULL,'detail'),('6b43d51110054ec8998698668bd6d07e',NULL,NULL,NULL,'2017-10-30 04:27:40',NULL,0,NULL,NULL,591,0,NULL,'1509337660718.jpg',NULL,'passets/0a18fdf641d0477a810444385ad43337/2017/10/30/1509337660718.jpg','0a18fdf641d0477a810444385ad43337','D:\\images\\passets\\0a18fdf641d0477a810444385ad43337\\2017\\10\\30\\1509337660718.jpg',NULL,NULL,'detail'),('6bbf2c9a3c484a6bbdec18b2cc3b8eec',NULL,NULL,NULL,'2017-10-30 04:26:17',NULL,0,NULL,NULL,518,0,NULL,'1509337577555.jpg',NULL,'passets/804b0718ee144baab6f4e5174144ddbb/2017/10/30/1509337577555.jpg','804b0718ee144baab6f4e5174144ddbb','D:\\images\\passets\\804b0718ee144baab6f4e5174144ddbb\\2017\\10\\30\\1509337577555.jpg',NULL,NULL,'detail'),('6be19079555845868ce3e011dcb80672',NULL,NULL,NULL,'2017-10-30 02:51:54',NULL,0,NULL,NULL,491,0,NULL,'1509331913999.jpg',NULL,'passets/f601a70fccef4e57a92e6ecd1f8c44b9/2017/10/30/1509331913999.jpg','f601a70fccef4e57a92e6ecd1f8c44b9','D:\\images\\passets\\f601a70fccef4e57a92e6ecd1f8c44b9\\2017\\10\\30\\1509331913999.jpg',NULL,NULL,'detail'),('6c4807b9a1f14016ba9d5565ecf1a12d',NULL,NULL,NULL,'2017-10-30 01:38:18',NULL,0,NULL,NULL,284,0,NULL,'1509327497755.jpg',NULL,'passets/74c2c1344a6443c8935d46c11009f0b9/2017/10/30/1509327497755.jpg','74c2c1344a6443c8935d46c11009f0b9','D:\\images\\passets\\74c2c1344a6443c8935d46c11009f0b9\\2017\\10\\30\\1509327497755.jpg',NULL,NULL,'detail'),('6c79280414264733808e74f47f16951f',NULL,NULL,NULL,'2017-10-30 01:58:36',NULL,0,NULL,NULL,406,0,NULL,'1509328716762.jpg',NULL,'passets/c361b1f813934de1abec22875e503e5e/2017/10/30/1509328716762.jpg','c361b1f813934de1abec22875e503e5e','D:\\images\\passets\\c361b1f813934de1abec22875e503e5e\\2017\\10\\30\\1509328716762.jpg',NULL,NULL,'detail'),('6ca95e47921c4e93b12576b316442849',NULL,NULL,NULL,'2017-10-30 04:26:18',NULL,0,NULL,NULL,521,0,NULL,'1509337578211.jpg',NULL,'passets/804b0718ee144baab6f4e5174144ddbb/2017/10/30/1509337578211.jpg','804b0718ee144baab6f4e5174144ddbb','D:\\images\\passets\\804b0718ee144baab6f4e5174144ddbb\\2017\\10\\30\\1509337578211.jpg',NULL,NULL,'detail'),('6d8d626a6fe141b5b506308e4e475863',NULL,NULL,NULL,'2017-10-30 01:38:17',NULL,0,NULL,NULL,282,0,NULL,'1509327493067.jpg',NULL,'passets/74c2c1344a6443c8935d46c11009f0b9/2017/10/30/1509327493067.jpg','74c2c1344a6443c8935d46c11009f0b9','D:\\images\\passets\\74c2c1344a6443c8935d46c11009f0b9\\2017\\10\\30\\1509327493067.jpg',NULL,NULL,'detail'),('6ed61331af4341e4be892061e0bdc025',NULL,NULL,NULL,'2017-10-30 01:35:58',NULL,0,NULL,NULL,268,0,NULL,'1509327358545.jpg',NULL,'passets/74c2c1344a6443c8935d46c11009f0b9/2017/10/30/1509327358545.jpg','74c2c1344a6443c8935d46c11009f0b9','D:\\images\\passets\\74c2c1344a6443c8935d46c11009f0b9\\2017\\10\\30\\1509327358545.jpg',NULL,NULL,'prop'),('6fe7328895984e7794c59650bef62fbc',NULL,NULL,NULL,'2017-10-30 00:55:01',NULL,0,NULL,NULL,210,0,NULL,'1509324901555.jpg',NULL,'passets/856797c8a0ec40459de96563130f4395/2017/10/30/1509324901555.jpg','856797c8a0ec40459de96563130f4395','D:\\images\\passets\\856797c8a0ec40459de96563130f4395\\2017\\10\\30\\1509324901555.jpg',NULL,NULL,'detail'),('711325555f6c4549bdf928c69b9d174b',NULL,NULL,NULL,'2017-10-30 04:29:55',NULL,0,NULL,NULL,612,0,NULL,'1509337795292.jpg',NULL,'passets/335792e6f955482ba3f9376902c6c203/2017/10/30/1509337795292.jpg','335792e6f955482ba3f9376902c6c203','D:\\images\\passets\\335792e6f955482ba3f9376902c6c203\\2017\\10\\30\\1509337795292.jpg',NULL,NULL,'detail'),('712466f65c4a455cbacaf60c836d90b5',NULL,NULL,NULL,'2017-10-29 13:35:26',NULL,0,NULL,NULL,154,0,NULL,'1509284126020.jpg',NULL,'passets/6dc0efe40a7147a1ab3bf055d9e32f88/2017/10/29/1509284126020.jpg','6dc0efe40a7147a1ab3bf055d9e32f88','D:\\images\\passets\\6dc0efe40a7147a1ab3bf055d9e32f88\\2017\\10\\29\\1509284126020.jpg',NULL,NULL,'detail'),('72852b1b27914549a38f6c07fe8c56db',NULL,NULL,NULL,'2017-10-30 01:40:09',NULL,0,NULL,NULL,341,0,NULL,'1509327609746.jpg',NULL,'passets/1902d78c88654580ba0b61fb842f3acc/2017/10/30/1509327609746.jpg','1902d78c88654580ba0b61fb842f3acc','D:\\images\\passets\\1902d78c88654580ba0b61fb842f3acc\\2017\\10\\30\\1509327609746.jpg',NULL,NULL,'detail'),('72b32bb1d5c84ab4a3cea6e11a0b28bb',NULL,NULL,NULL,'2017-10-30 01:52:41',NULL,0,NULL,NULL,372,0,NULL,'1509328361365.jpg',NULL,'passets/fee41cc3601b4c2c89247a32018bc65b/2017/10/30/1509328361365.jpg','fee41cc3601b4c2c89247a32018bc65b','D:\\images\\passets\\fee41cc3601b4c2c89247a32018bc65b\\2017\\10\\30\\1509328361365.jpg',NULL,NULL,'detail'),('7359dba2c8014ed6a0a7704b35b6806e',NULL,NULL,NULL,'2017-10-30 04:29:56',NULL,0,NULL,NULL,618,0,NULL,'1509337796413.jpg',NULL,'passets/335792e6f955482ba3f9376902c6c203/2017/10/30/1509337796413.jpg','335792e6f955482ba3f9376902c6c203','D:\\images\\passets\\335792e6f955482ba3f9376902c6c203\\2017\\10\\30\\1509337796413.jpg',NULL,NULL,'detail'),('739470ef2b3549f69208dbb733f1257f',NULL,NULL,NULL,'2017-10-30 04:27:30',NULL,0,NULL,NULL,559,0,NULL,'1509337650170.jpg',NULL,'passets/0a18fdf641d0477a810444385ad43337/2017/10/30/1509337650170.jpg','0a18fdf641d0477a810444385ad43337','D:\\images\\passets\\0a18fdf641d0477a810444385ad43337\\2017\\10\\30\\1509337650170.jpg',NULL,NULL,'detail'),('73a8661bed01430ab28d3b23581be8e2',NULL,NULL,NULL,'2017-10-30 01:40:09',NULL,0,NULL,NULL,338,0,NULL,'1509327609255.jpg',NULL,'passets/1902d78c88654580ba0b61fb842f3acc/2017/10/30/1509327609255.jpg','1902d78c88654580ba0b61fb842f3acc','D:\\images\\passets\\1902d78c88654580ba0b61fb842f3acc\\2017\\10\\30\\1509327609255.jpg',NULL,NULL,'detail'),('73fbbfbfbdd1430db432b61e409bdd20',NULL,NULL,NULL,'2017-10-30 01:52:43',NULL,0,NULL,NULL,381,0,NULL,'1509328363048.jpg',NULL,'passets/fee41cc3601b4c2c89247a32018bc65b/2017/10/30/1509328363048.jpg','fee41cc3601b4c2c89247a32018bc65b','D:\\images\\passets\\fee41cc3601b4c2c89247a32018bc65b\\2017\\10\\30\\1509328363048.jpg',NULL,NULL,'detail'),('74666115969741b7a8f8a802714f9da5',NULL,NULL,NULL,'2017-10-30 04:30:00',NULL,0,NULL,NULL,640,0,NULL,'1509337800168.jpg',NULL,'passets/335792e6f955482ba3f9376902c6c203/2017/10/30/1509337800168.jpg','335792e6f955482ba3f9376902c6c203','D:\\images\\passets\\335792e6f955482ba3f9376902c6c203\\2017\\10\\30\\1509337800168.jpg',NULL,NULL,'swiper'),('74f43d8b797f40389f0c7fab640cdafb',NULL,NULL,NULL,'2017-10-30 02:52:12',NULL,0,NULL,NULL,506,0,NULL,'1509331932262.jpg',NULL,'passets/f601a70fccef4e57a92e6ecd1f8c44b9/2017/10/30/1509331932262.jpg','f601a70fccef4e57a92e6ecd1f8c44b9','D:\\images\\passets\\f601a70fccef4e57a92e6ecd1f8c44b9\\2017\\10\\30\\1509331932262.jpg',NULL,NULL,'swiper'),('75ea940e068047f1af6a810d670a6acb',NULL,NULL,NULL,'2017-10-30 01:38:18',NULL,0,NULL,NULL,288,0,NULL,'1509327498448.jpg',NULL,'passets/74c2c1344a6443c8935d46c11009f0b9/2017/10/30/1509327498448.jpg','74c2c1344a6443c8935d46c11009f0b9','D:\\images\\passets\\74c2c1344a6443c8935d46c11009f0b9\\2017\\10\\30\\1509327498448.jpg',NULL,NULL,'detail'),('766fbef928ed48458be279dab74ff5e4',NULL,NULL,NULL,'2017-10-29 13:35:23',NULL,0,NULL,NULL,147,0,NULL,'1509284123110.jpg',NULL,'passets/6dc0efe40a7147a1ab3bf055d9e32f88/2017/10/29/1509284123110.jpg','6dc0efe40a7147a1ab3bf055d9e32f88','D:\\images\\passets\\6dc0efe40a7147a1ab3bf055d9e32f88\\2017\\10\\29\\1509284123110.jpg',NULL,NULL,'detail'),('77b7a314ccc34412937306fc966d1c3a',NULL,NULL,NULL,'2017-10-30 01:52:42',NULL,0,NULL,NULL,377,0,NULL,'1509328362302.jpg',NULL,'passets/fee41cc3601b4c2c89247a32018bc65b/2017/10/30/1509328362302.jpg','fee41cc3601b4c2c89247a32018bc65b','D:\\images\\passets\\fee41cc3601b4c2c89247a32018bc65b\\2017\\10\\30\\1509328362302.jpg',NULL,NULL,'detail'),('78a036da163f4c25b35ea9ec62d6333f',NULL,NULL,NULL,'2017-10-30 04:27:35',NULL,0,NULL,NULL,579,0,NULL,'1509337655834.jpg',NULL,'passets/0a18fdf641d0477a810444385ad43337/2017/10/30/1509337655834.jpg','0a18fdf641d0477a810444385ad43337','D:\\images\\passets\\0a18fdf641d0477a810444385ad43337\\2017\\10\\30\\1509337655834.jpg',NULL,NULL,'detail'),('7a1b68e8b3af431192d4e9f70c3c21b8',NULL,NULL,NULL,'2017-10-30 01:40:04',NULL,0,NULL,NULL,313,0,NULL,'1509327604330.jpg',NULL,'passets/1902d78c88654580ba0b61fb842f3acc/2017/10/30/1509327604330.jpg','1902d78c88654580ba0b61fb842f3acc','D:\\images\\passets\\1902d78c88654580ba0b61fb842f3acc\\2017\\10\\30\\1509327604330.jpg',NULL,NULL,'detail'),('7a2c3e85cb0b4ac59519fba37ee0d478',NULL,NULL,NULL,'2017-10-30 04:29:54',NULL,0,NULL,NULL,610,0,NULL,'1509337794469.jpg',NULL,'passets/335792e6f955482ba3f9376902c6c203/2017/10/30/1509337794469.jpg','335792e6f955482ba3f9376902c6c203','D:\\images\\passets\\335792e6f955482ba3f9376902c6c203\\2017\\10\\30\\1509337794469.jpg',NULL,NULL,'detail'),('7b43b3bd400442b09ef32a6fae86b5fb',NULL,NULL,NULL,'2017-10-30 01:40:05',NULL,0,NULL,NULL,317,0,NULL,'1509327605247.jpg',NULL,'passets/1902d78c88654580ba0b61fb842f3acc/2017/10/30/1509327605247.jpg','1902d78c88654580ba0b61fb842f3acc','D:\\images\\passets\\1902d78c88654580ba0b61fb842f3acc\\2017\\10\\30\\1509327605247.jpg',NULL,NULL,'detail'),('7bdf6108ede24c6382258c690d134927',NULL,NULL,NULL,'2017-10-30 01:38:18',NULL,0,NULL,NULL,285,0,NULL,'1509327498034.jpg',NULL,'passets/74c2c1344a6443c8935d46c11009f0b9/2017/10/30/1509327498034.jpg','74c2c1344a6443c8935d46c11009f0b9','D:\\images\\passets\\74c2c1344a6443c8935d46c11009f0b9\\2017\\10\\30\\1509327498034.jpg',NULL,NULL,'detail'),('7bfc73932e5f4e3b81f9f4bfcebfd88d',NULL,NULL,NULL,'2017-10-30 01:58:39',NULL,0,NULL,NULL,415,0,NULL,'1509328719311.jpg',NULL,'passets/c361b1f813934de1abec22875e503e5e/2017/10/30/1509328719311.jpg','c361b1f813934de1abec22875e503e5e','D:\\images\\passets\\c361b1f813934de1abec22875e503e5e\\2017\\10\\30\\1509328719311.jpg',NULL,NULL,'detail'),('7c55998ebe2b41d9a446a8283b5049bc',NULL,NULL,NULL,'2017-10-29 13:35:36',NULL,0,NULL,NULL,172,0,NULL,'1509284135568.jpg',NULL,'passets/ffc50c6468734d51a7719c36e581e932/2017/10/29/1509284135568.jpg','ffc50c6468734d51a7719c36e581e932','D:\\images\\passets\\ffc50c6468734d51a7719c36e581e932\\2017\\10\\29\\1509284135568.jpg',NULL,NULL,'detail'),('7c7bb22506f84d7bb4f358a2a63f2894',NULL,NULL,NULL,'2017-10-30 01:52:43',NULL,0,NULL,NULL,382,0,NULL,'1509328363203.jpg',NULL,'passets/fee41cc3601b4c2c89247a32018bc65b/2017/10/30/1509328363203.jpg','fee41cc3601b4c2c89247a32018bc65b','D:\\images\\passets\\fee41cc3601b4c2c89247a32018bc65b\\2017\\10\\30\\1509328363203.jpg',NULL,NULL,'detail'),('7d83a4e1ed6149ffb81797a95a00d36a',NULL,NULL,NULL,'2017-10-30 01:49:55',NULL,0,NULL,NULL,349,0,NULL,'1509328195393.jpg',NULL,'passets/66ff3df6bec14d2bb3a7a53b8bac76fb/2017/10/30/1509328195393.jpg','66ff3df6bec14d2bb3a7a53b8bac76fb','D:\\images\\passets\\66ff3df6bec14d2bb3a7a53b8bac76fb\\2017\\10\\30\\1509328195393.jpg',NULL,NULL,'detail'),('7da19c8d01ba4953b6fabfc03a8a2152',NULL,NULL,NULL,'2017-10-30 01:38:23',NULL,0,NULL,NULL,306,0,NULL,'1509327503177.jpg',NULL,'passets/74c2c1344a6443c8935d46c11009f0b9/2017/10/30/1509327503177.jpg','74c2c1344a6443c8935d46c11009f0b9','D:\\images\\passets\\74c2c1344a6443c8935d46c11009f0b9\\2017\\10\\30\\1509327503177.jpg',NULL,NULL,'detail'),('7e72ea10638a48cd99576fd98e7640a1',NULL,NULL,NULL,'2017-10-30 01:58:41',NULL,0,NULL,NULL,426,0,NULL,'1509328721215.jpg',NULL,'passets/c361b1f813934de1abec22875e503e5e/2017/10/30/1509328721215.jpg','c361b1f813934de1abec22875e503e5e','D:\\images\\passets\\c361b1f813934de1abec22875e503e5e\\2017\\10\\30\\1509328721215.jpg',NULL,NULL,'detail'),('7fb36028fea345c48dd9785851bf86e8',NULL,NULL,NULL,'2017-10-30 01:40:08',NULL,0,NULL,NULL,334,0,NULL,'1509327608739.jpg',NULL,'passets/1902d78c88654580ba0b61fb842f3acc/2017/10/30/1509327608739.jpg','1902d78c88654580ba0b61fb842f3acc','D:\\images\\passets\\1902d78c88654580ba0b61fb842f3acc\\2017\\10\\30\\1509327608739.jpg',NULL,NULL,'detail'),('80d4ca68bb214bd39e2b16864514c7b8',NULL,NULL,NULL,'2017-10-30 04:27:34',NULL,0,NULL,NULL,571,0,NULL,'1509337654489.jpg',NULL,'passets/0a18fdf641d0477a810444385ad43337/2017/10/30/1509337654489.jpg','0a18fdf641d0477a810444385ad43337','D:\\images\\passets\\0a18fdf641d0477a810444385ad43337\\2017\\10\\30\\1509337654489.jpg',NULL,NULL,'detail'),('82571dfcd9ce45bd9560fb03ee84098b',NULL,NULL,NULL,'2017-10-30 01:52:43',NULL,0,NULL,NULL,383,0,NULL,'1509328363383.jpg',NULL,'passets/fee41cc3601b4c2c89247a32018bc65b/2017/10/30/1509328363383.jpg','fee41cc3601b4c2c89247a32018bc65b','D:\\images\\passets\\fee41cc3601b4c2c89247a32018bc65b\\2017\\10\\30\\1509328363383.jpg',NULL,NULL,'detail'),('82a502cf57bf468eb6f37990132ae225',NULL,NULL,NULL,'2017-10-30 01:36:12',NULL,0,NULL,NULL,269,0,NULL,'1509327369589.jpg',NULL,'passets/74c2c1344a6443c8935d46c11009f0b9/2017/10/30/1509327369589.jpg','74c2c1344a6443c8935d46c11009f0b9','D:\\images\\passets\\74c2c1344a6443c8935d46c11009f0b9\\2017\\10\\30\\1509327369589.jpg',NULL,NULL,'detail'),('82a5a070740f48d18592cbdddcac3073',NULL,NULL,NULL,'2017-10-30 01:49:56',NULL,0,NULL,NULL,352,0,NULL,'1509328196217.jpg',NULL,'passets/66ff3df6bec14d2bb3a7a53b8bac76fb/2017/10/30/1509328196217.jpg','66ff3df6bec14d2bb3a7a53b8bac76fb','D:\\images\\passets\\66ff3df6bec14d2bb3a7a53b8bac76fb\\2017\\10\\30\\1509328196217.jpg',NULL,NULL,'detail'),('82fac16f850149b88df6d2af9a766ece',NULL,NULL,NULL,'2017-10-30 01:52:52',NULL,0,NULL,NULL,401,0,NULL,'1509328372771.jpg',NULL,'passets/fee41cc3601b4c2c89247a32018bc65b/2017/10/30/1509328372771.jpg','fee41cc3601b4c2c89247a32018bc65b','D:\\images\\passets\\fee41cc3601b4c2c89247a32018bc65b\\2017\\10\\30\\1509328372771.jpg',NULL,NULL,'detail'),('8498400708d9482ea410357f1cf5ad8d',NULL,NULL,NULL,'2017-10-30 02:51:52',NULL,0,NULL,NULL,479,0,NULL,'1509331911918.jpg',NULL,'passets/f601a70fccef4e57a92e6ecd1f8c44b9/2017/10/30/1509331911918.jpg','f601a70fccef4e57a92e6ecd1f8c44b9','D:\\images\\passets\\f601a70fccef4e57a92e6ecd1f8c44b9\\2017\\10\\30\\1509331911918.jpg',NULL,NULL,'detail'),('8590071e57df45b39da9d0e48c45ad23',NULL,NULL,NULL,'2017-10-30 01:50:00',NULL,0,NULL,NULL,360,0,NULL,'1509328199537.jpg',NULL,'passets/66ff3df6bec14d2bb3a7a53b8bac76fb/2017/10/30/1509328199537.jpg','66ff3df6bec14d2bb3a7a53b8bac76fb','D:\\images\\passets\\66ff3df6bec14d2bb3a7a53b8bac76fb\\2017\\10\\30\\1509328199537.jpg',NULL,NULL,'detail'),('85a91815d35b4661a75fee8ef0e132a8',NULL,NULL,NULL,'2017-10-30 02:51:56',NULL,0,NULL,NULL,502,0,NULL,'1509331916105.jpg',NULL,'passets/f601a70fccef4e57a92e6ecd1f8c44b9/2017/10/30/1509331916105.jpg','f601a70fccef4e57a92e6ecd1f8c44b9','D:\\images\\passets\\f601a70fccef4e57a92e6ecd1f8c44b9\\2017\\10\\30\\1509331916105.jpg',NULL,NULL,'detail'),('85c64cdfc4c04a17bc86ff04ffd2e59e',NULL,NULL,NULL,'2017-10-30 02:11:34',NULL,0,NULL,NULL,449,0,NULL,'1509329492842.jpg',NULL,'passets/d5d4a73895154388bd68953e8054ae37/2017/10/30/1509329492842.jpg','d5d4a73895154388bd68953e8054ae37','D:\\images\\passets\\d5d4a73895154388bd68953e8054ae37\\2017\\10\\30\\1509329492842.jpg',NULL,NULL,'detail'),('8650ea414f3a40d68093c2580363b62b',NULL,NULL,NULL,'2017-10-30 02:11:39',NULL,0,NULL,NULL,459,0,NULL,'1509329498812.jpg',NULL,'passets/d5d4a73895154388bd68953e8054ae37/2017/10/30/1509329498812.jpg','d5d4a73895154388bd68953e8054ae37','D:\\images\\passets\\d5d4a73895154388bd68953e8054ae37\\2017\\10\\30\\1509329498812.jpg',NULL,NULL,'detail'),('86e135ea787444e5828dadca609a2325',NULL,NULL,NULL,'2017-10-30 01:38:08',NULL,0,NULL,NULL,271,0,NULL,'1509327483609.jpg',NULL,'passets/74c2c1344a6443c8935d46c11009f0b9/2017/10/30/1509327483609.jpg','74c2c1344a6443c8935d46c11009f0b9','D:\\images\\passets\\74c2c1344a6443c8935d46c11009f0b9\\2017\\10\\30\\1509327483609.jpg',NULL,NULL,'detail'),('8720d2ca856948dbbbf0a2d87c63edf9',NULL,NULL,NULL,'2017-10-30 02:11:35',NULL,0,NULL,NULL,451,0,NULL,'1509329494822.jpg',NULL,'passets/d5d4a73895154388bd68953e8054ae37/2017/10/30/1509329494822.jpg','d5d4a73895154388bd68953e8054ae37','D:\\images\\passets\\d5d4a73895154388bd68953e8054ae37\\2017\\10\\30\\1509329494822.jpg',NULL,NULL,'detail'),('874fd8e551b0467d9cf6dab09abdce82',NULL,NULL,NULL,'2017-10-29 13:35:34',NULL,0,NULL,NULL,169,0,NULL,'1509284133938.jpg',NULL,'passets/ffc50c6468734d51a7719c36e581e932/2017/10/29/1509284133938.jpg','ffc50c6468734d51a7719c36e581e932','D:\\images\\passets\\ffc50c6468734d51a7719c36e581e932\\2017\\10\\29\\1509284133938.jpg',NULL,NULL,'detail'),('8768829d9ba54a249be08e2182487927',NULL,NULL,NULL,'2017-10-30 01:50:00',NULL,0,NULL,NULL,362,0,NULL,'1509328200418.jpg',NULL,'passets/66ff3df6bec14d2bb3a7a53b8bac76fb/2017/10/30/1509328200418.jpg','66ff3df6bec14d2bb3a7a53b8bac76fb','D:\\images\\passets\\66ff3df6bec14d2bb3a7a53b8bac76fb\\2017\\10\\30\\1509328200418.jpg',NULL,NULL,'detail'),('87697693c596441683b510c557cda020',NULL,NULL,NULL,'2017-10-30 01:49:55',NULL,0,NULL,NULL,348,0,NULL,'1509328195272.jpg',NULL,'passets/66ff3df6bec14d2bb3a7a53b8bac76fb/2017/10/30/1509328195272.jpg','66ff3df6bec14d2bb3a7a53b8bac76fb','D:\\images\\passets\\66ff3df6bec14d2bb3a7a53b8bac76fb\\2017\\10\\30\\1509328195272.jpg',NULL,NULL,'detail'),('8847f4ba16874e509ed5a69867ddc33f',NULL,NULL,NULL,'2017-10-30 01:58:41',NULL,0,NULL,NULL,429,0,NULL,'1509328721687.jpg',NULL,'passets/c361b1f813934de1abec22875e503e5e/2017/10/30/1509328721687.jpg','c361b1f813934de1abec22875e503e5e','D:\\images\\passets\\c361b1f813934de1abec22875e503e5e\\2017\\10\\30\\1509328721687.jpg',NULL,NULL,'detail'),('88caf7fa24e7445884b9750879889a18',NULL,NULL,NULL,'2017-10-30 04:27:35',NULL,0,NULL,NULL,577,0,NULL,'1509337655416.jpg',NULL,'passets/0a18fdf641d0477a810444385ad43337/2017/10/30/1509337655416.jpg','0a18fdf641d0477a810444385ad43337','D:\\images\\passets\\0a18fdf641d0477a810444385ad43337\\2017\\10\\30\\1509337655416.jpg',NULL,NULL,'detail'),('8a449618bf7f4cdb801db6867c0bb1a7',NULL,NULL,NULL,'2017-10-30 01:38:22',NULL,0,NULL,NULL,302,0,NULL,'1509327502081.jpg',NULL,'passets/74c2c1344a6443c8935d46c11009f0b9/2017/10/30/1509327502081.jpg','74c2c1344a6443c8935d46c11009f0b9','D:\\images\\passets\\74c2c1344a6443c8935d46c11009f0b9\\2017\\10\\30\\1509327502081.jpg',NULL,NULL,'detail'),('8a7abf13610a4ea5ad43787f18c07b96',NULL,NULL,NULL,'2017-10-30 02:51:53',NULL,0,NULL,NULL,485,0,NULL,'1509331912933.jpg',NULL,'passets/f601a70fccef4e57a92e6ecd1f8c44b9/2017/10/30/1509331912933.jpg','f601a70fccef4e57a92e6ecd1f8c44b9','D:\\images\\passets\\f601a70fccef4e57a92e6ecd1f8c44b9\\2017\\10\\30\\1509331912933.jpg',NULL,NULL,'detail'),('8ac396b9c95645e4add671f5c46bd230',NULL,NULL,NULL,'2017-10-29 13:35:25',NULL,0,NULL,NULL,152,0,NULL,'1509284125094.jpg',NULL,'passets/6dc0efe40a7147a1ab3bf055d9e32f88/2017/10/29/1509284125094.jpg','6dc0efe40a7147a1ab3bf055d9e32f88','D:\\images\\passets\\6dc0efe40a7147a1ab3bf055d9e32f88\\2017\\10\\29\\1509284125094.jpg',NULL,NULL,'detail'),('8b240eae872a4fea8f212cfc211db0ad',NULL,NULL,NULL,'2017-10-30 01:38:21',NULL,0,NULL,NULL,301,0,NULL,'1509327501593.jpg',NULL,'passets/74c2c1344a6443c8935d46c11009f0b9/2017/10/30/1509327501593.jpg','74c2c1344a6443c8935d46c11009f0b9','D:\\images\\passets\\74c2c1344a6443c8935d46c11009f0b9\\2017\\10\\30\\1509327501593.jpg',NULL,NULL,'detail'),('8c63fd16bd93496e802a6114740e12c1',NULL,NULL,NULL,'2017-10-30 01:52:39',NULL,0,NULL,NULL,366,0,NULL,'1509328359334.jpg',NULL,'passets/fee41cc3601b4c2c89247a32018bc65b/2017/10/30/1509328359334.jpg','fee41cc3601b4c2c89247a32018bc65b','D:\\images\\passets\\fee41cc3601b4c2c89247a32018bc65b\\2017\\10\\30\\1509328359334.jpg',NULL,NULL,'prop'),('8cb11b140bab4a95aaf63fd2fb783782',NULL,NULL,NULL,'2017-10-30 01:52:41',NULL,0,NULL,NULL,371,0,NULL,'1509328361102.jpg',NULL,'passets/fee41cc3601b4c2c89247a32018bc65b/2017/10/30/1509328361102.jpg','fee41cc3601b4c2c89247a32018bc65b','D:\\images\\passets\\fee41cc3601b4c2c89247a32018bc65b\\2017\\10\\30\\1509328361102.jpg',NULL,NULL,'detail'),('8cf7400d2a7747a7baa77c340f45adf8',NULL,NULL,NULL,'2017-10-30 01:58:43',NULL,0,NULL,NULL,440,0,NULL,'1509328723349.jpg',NULL,'passets/c361b1f813934de1abec22875e503e5e/2017/10/30/1509328723349.jpg','c361b1f813934de1abec22875e503e5e','D:\\images\\passets\\c361b1f813934de1abec22875e503e5e\\2017\\10\\30\\1509328723349.jpg',NULL,NULL,'detail'),('8d9a4882af9445ba8cb835cda3b7724e',NULL,NULL,NULL,'2017-10-30 01:58:42',NULL,0,NULL,NULL,436,0,NULL,'1509328722689.jpg',NULL,'passets/c361b1f813934de1abec22875e503e5e/2017/10/30/1509328722689.jpg','c361b1f813934de1abec22875e503e5e','D:\\images\\passets\\c361b1f813934de1abec22875e503e5e\\2017\\10\\30\\1509328722689.jpg',NULL,NULL,'detail'),('8da76273072640b4865ef7c81cd965c2',NULL,NULL,NULL,'2017-10-29 13:42:51',NULL,0,NULL,NULL,202,0,NULL,'1509284571251.jpg',NULL,'passets/2a98b034e5184e88bbb7b03bf19087ca/2017/10/29/1509284571251.jpg','2a98b034e5184e88bbb7b03bf19087ca','D:\\images\\passets\\2a98b034e5184e88bbb7b03bf19087ca\\2017\\10\\29\\1509284571251.jpg',NULL,NULL,'detail'),('8e64fed5b7164cd08567bc12256e5e77',NULL,NULL,NULL,'2017-10-30 01:40:08',NULL,0,NULL,NULL,331,0,NULL,'1509327608059.jpg',NULL,'passets/1902d78c88654580ba0b61fb842f3acc/2017/10/30/1509327608059.jpg','1902d78c88654580ba0b61fb842f3acc','D:\\images\\passets\\1902d78c88654580ba0b61fb842f3acc\\2017\\10\\30\\1509327608059.jpg',NULL,NULL,'detail'),('8ec76d5eae5d482193d09d635d15a3a5',NULL,NULL,NULL,'2017-10-30 04:27:31',NULL,0,NULL,NULL,561,0,NULL,'1509337650784.jpg',NULL,'passets/0a18fdf641d0477a810444385ad43337/2017/10/30/1509337650784.jpg','0a18fdf641d0477a810444385ad43337','D:\\images\\passets\\0a18fdf641d0477a810444385ad43337\\2017\\10\\30\\1509337650784.jpg',NULL,NULL,'detail'),('8eec8ae692d644fab516c1c2111858a6',NULL,NULL,NULL,'2017-10-29 13:42:52',NULL,0,NULL,NULL,205,0,NULL,'1509284571904.jpg',NULL,'passets/2a98b034e5184e88bbb7b03bf19087ca/2017/10/29/1509284571904.jpg','2a98b034e5184e88bbb7b03bf19087ca','D:\\images\\passets\\2a98b034e5184e88bbb7b03bf19087ca\\2017\\10\\29\\1509284571904.jpg',NULL,NULL,'detail'),('8f9d1b94b26b45198e1e9aeb4ecb8089',NULL,NULL,NULL,'2017-10-29 13:35:23',NULL,0,NULL,NULL,148,0,NULL,'1509284123402.jpg',NULL,'passets/6dc0efe40a7147a1ab3bf055d9e32f88/2017/10/29/1509284123402.jpg','6dc0efe40a7147a1ab3bf055d9e32f88','D:\\images\\passets\\6dc0efe40a7147a1ab3bf055d9e32f88\\2017\\10\\29\\1509284123402.jpg',NULL,NULL,'detail'),('8fed3c1211dc460e97c43e2379a05743',NULL,NULL,NULL,'2017-10-30 02:11:35',NULL,0,NULL,NULL,452,0,NULL,'1509329495354.jpg',NULL,'passets/d5d4a73895154388bd68953e8054ae37/2017/10/30/1509329495354.jpg','d5d4a73895154388bd68953e8054ae37','D:\\images\\passets\\d5d4a73895154388bd68953e8054ae37\\2017\\10\\30\\1509329495354.jpg',NULL,NULL,'detail'),('900cc9ac54d641bcbb687963762efeb1',NULL,NULL,NULL,'2017-10-30 01:58:42',NULL,0,NULL,NULL,434,0,NULL,'1509328722445.jpg',NULL,'passets/c361b1f813934de1abec22875e503e5e/2017/10/30/1509328722445.jpg','c361b1f813934de1abec22875e503e5e','D:\\images\\passets\\c361b1f813934de1abec22875e503e5e\\2017\\10\\30\\1509328722445.jpg',NULL,NULL,'detail'),('9020f0784707402db4e033dccdb9c0fe',NULL,NULL,NULL,'2017-10-30 04:26:19',NULL,0,NULL,NULL,529,0,NULL,'1509337579640.jpg',NULL,'passets/804b0718ee144baab6f4e5174144ddbb/2017/10/30/1509337579640.jpg','804b0718ee144baab6f4e5174144ddbb','D:\\images\\passets\\804b0718ee144baab6f4e5174144ddbb\\2017\\10\\30\\1509337579640.jpg',NULL,NULL,'detail'),('915e2f5e1c3649a794f7e83baf30d0ee',NULL,NULL,NULL,'2017-10-29 13:35:25',NULL,0,NULL,NULL,151,0,NULL,'1509284124714.jpg',NULL,'passets/6dc0efe40a7147a1ab3bf055d9e32f88/2017/10/29/1509284124714.jpg','6dc0efe40a7147a1ab3bf055d9e32f88','D:\\images\\passets\\6dc0efe40a7147a1ab3bf055d9e32f88\\2017\\10\\29\\1509284124714.jpg',NULL,NULL,'detail'),('91e034914ad54641a96e13e67e6ff46f',NULL,NULL,NULL,'2017-10-30 01:58:40',NULL,0,NULL,NULL,418,0,NULL,'1509328719986.jpg',NULL,'passets/c361b1f813934de1abec22875e503e5e/2017/10/30/1509328719986.jpg','c361b1f813934de1abec22875e503e5e','D:\\images\\passets\\c361b1f813934de1abec22875e503e5e\\2017\\10\\30\\1509328719986.jpg',NULL,NULL,'detail'),('91f083201c204aa88f3544a4334373ab',NULL,NULL,NULL,'2017-10-30 01:38:20',NULL,0,NULL,NULL,295,0,NULL,'1509327500068.jpg',NULL,'passets/74c2c1344a6443c8935d46c11009f0b9/2017/10/30/1509327500068.jpg','74c2c1344a6443c8935d46c11009f0b9','D:\\images\\passets\\74c2c1344a6443c8935d46c11009f0b9\\2017\\10\\30\\1509327500068.jpg',NULL,NULL,'detail'),('92c42d85050c454da38116d632c7393a',NULL,NULL,NULL,'2017-10-30 01:52:43',NULL,0,NULL,NULL,384,0,NULL,'1509328363513.jpg',NULL,'passets/fee41cc3601b4c2c89247a32018bc65b/2017/10/30/1509328363513.jpg','fee41cc3601b4c2c89247a32018bc65b','D:\\images\\passets\\fee41cc3601b4c2c89247a32018bc65b\\2017\\10\\30\\1509328363513.jpg',NULL,NULL,'detail'),('93c416d57de14749917fc2626a8ae651',NULL,NULL,NULL,'2017-10-30 02:11:39',NULL,0,NULL,NULL,464,0,NULL,'1509329499806.jpg',NULL,'passets/d5d4a73895154388bd68953e8054ae37/2017/10/30/1509329499806.jpg','d5d4a73895154388bd68953e8054ae37','D:\\images\\passets\\d5d4a73895154388bd68953e8054ae37\\2017\\10\\30\\1509329499806.jpg',NULL,NULL,'detail'),('94a88b4ae0c94a28b8074800a772d71d',NULL,NULL,NULL,'2017-10-30 02:51:53',NULL,0,NULL,NULL,487,0,NULL,'1509331913218.jpg',NULL,'passets/f601a70fccef4e57a92e6ecd1f8c44b9/2017/10/30/1509331913218.jpg','f601a70fccef4e57a92e6ecd1f8c44b9','D:\\images\\passets\\f601a70fccef4e57a92e6ecd1f8c44b9\\2017\\10\\30\\1509331913218.jpg',NULL,NULL,'detail'),('94cfce0ea0b941aca28e165023bf55b5',NULL,NULL,NULL,'2017-10-29 13:35:27',NULL,0,NULL,NULL,159,0,NULL,'1509284127345.jpg',NULL,'passets/6dc0efe40a7147a1ab3bf055d9e32f88/2017/10/29/1509284127345.jpg','6dc0efe40a7147a1ab3bf055d9e32f88','D:\\images\\passets\\6dc0efe40a7147a1ab3bf055d9e32f88\\2017\\10\\29\\1509284127345.jpg',NULL,NULL,'detail'),('958335530b9e44b1b7d2cbeab3f808bf',NULL,NULL,NULL,'2017-10-30 02:51:54',NULL,0,NULL,NULL,493,0,NULL,'1509331914356.jpg',NULL,'passets/f601a70fccef4e57a92e6ecd1f8c44b9/2017/10/30/1509331914356.jpg','f601a70fccef4e57a92e6ecd1f8c44b9','D:\\images\\passets\\f601a70fccef4e57a92e6ecd1f8c44b9\\2017\\10\\30\\1509331914356.jpg',NULL,NULL,'detail'),('96d58fb4c2f2449986f776880304528d',NULL,NULL,NULL,'2017-10-29 13:35:38',NULL,0,NULL,NULL,178,0,NULL,'1509284138353.jpg',NULL,'passets/ffc50c6468734d51a7719c36e581e932/2017/10/29/1509284138353.jpg','ffc50c6468734d51a7719c36e581e932','D:\\images\\passets\\ffc50c6468734d51a7719c36e581e932\\2017\\10\\29\\1509284138353.jpg',NULL,NULL,'detail'),('97449c9c0b794585bfd5f2d313e563a3',NULL,NULL,NULL,'2017-10-30 04:29:57',NULL,0,NULL,NULL,622,0,NULL,'1509337797172.jpg',NULL,'passets/335792e6f955482ba3f9376902c6c203/2017/10/30/1509337797172.jpg','335792e6f955482ba3f9376902c6c203','D:\\images\\passets\\335792e6f955482ba3f9376902c6c203\\2017\\10\\30\\1509337797172.jpg',NULL,NULL,'detail'),('976168ceb2e54e3b8df868b39958e0ec',NULL,NULL,NULL,'2017-10-29 13:35:37',NULL,0,NULL,NULL,174,0,NULL,'1509284136692.jpg',NULL,'passets/ffc50c6468734d51a7719c36e581e932/2017/10/29/1509284136692.jpg','ffc50c6468734d51a7719c36e581e932','D:\\images\\passets\\ffc50c6468734d51a7719c36e581e932\\2017\\10\\29\\1509284136692.jpg',NULL,NULL,'detail'),('97647af6933c4bd4b4a51502293e8002',NULL,NULL,NULL,'2017-10-30 00:55:07',NULL,0,NULL,NULL,219,0,NULL,'1509324907476.jpg',NULL,'passets/856797c8a0ec40459de96563130f4395/2017/10/30/1509324907476.jpg','856797c8a0ec40459de96563130f4395','D:\\images\\passets\\856797c8a0ec40459de96563130f4395\\2017\\10\\30\\1509324907476.jpg',NULL,NULL,'detail'),('97998ea0ad53479483618c08d75a9d3e',NULL,NULL,NULL,'2017-10-30 02:11:37',NULL,0,NULL,NULL,456,0,NULL,'1509329496816.jpg',NULL,'passets/d5d4a73895154388bd68953e8054ae37/2017/10/30/1509329496816.jpg','d5d4a73895154388bd68953e8054ae37','D:\\images\\passets\\d5d4a73895154388bd68953e8054ae37\\2017\\10\\30\\1509329496816.jpg',NULL,NULL,'detail'),('981a23d328a74053b639da4b61f68799',NULL,NULL,NULL,'2017-10-30 01:40:09',NULL,0,NULL,NULL,336,0,NULL,'1509327608997.jpg',NULL,'passets/1902d78c88654580ba0b61fb842f3acc/2017/10/30/1509327608997.jpg','1902d78c88654580ba0b61fb842f3acc','D:\\images\\passets\\1902d78c88654580ba0b61fb842f3acc\\2017\\10\\30\\1509327608997.jpg',NULL,NULL,'detail'),('986b97b1453f40ae9ae2497e6f8cb65e',NULL,NULL,NULL,'2017-10-30 00:55:07',NULL,0,NULL,NULL,218,0,NULL,'1509324907263.jpg',NULL,'passets/856797c8a0ec40459de96563130f4395/2017/10/30/1509324907263.jpg','856797c8a0ec40459de96563130f4395','D:\\images\\passets\\856797c8a0ec40459de96563130f4395\\2017\\10\\30\\1509324907263.jpg',NULL,NULL,'detail'),('98954f9e8f884b368d57405bc955758e',NULL,NULL,NULL,'2017-10-30 00:54:07',NULL,0,NULL,NULL,208,0,NULL,'1509324840781.jpg',NULL,'passets/856797c8a0ec40459de96563130f4395/2017/10/30/1509324840781.jpg','856797c8a0ec40459de96563130f4395','D:\\images\\passets\\856797c8a0ec40459de96563130f4395\\2017\\10\\30\\1509324840781.jpg',NULL,NULL,'detail'),('98badb3aa97d436ea323e19f7e1d1082',NULL,NULL,NULL,'2017-10-30 00:55:08',NULL,0,NULL,NULL,221,0,NULL,'1509324907880.jpg',NULL,'passets/856797c8a0ec40459de96563130f4395/2017/10/30/1509324907880.jpg','856797c8a0ec40459de96563130f4395','D:\\images\\passets\\856797c8a0ec40459de96563130f4395\\2017\\10\\30\\1509324907880.jpg',NULL,NULL,'detail'),('98f95696815e4c1fa502727a4cd363dc',NULL,NULL,NULL,'2017-10-30 02:51:55',NULL,0,NULL,NULL,499,0,NULL,'1509331915361.jpg',NULL,'passets/f601a70fccef4e57a92e6ecd1f8c44b9/2017/10/30/1509331915361.jpg','f601a70fccef4e57a92e6ecd1f8c44b9','D:\\images\\passets\\f601a70fccef4e57a92e6ecd1f8c44b9\\2017\\10\\30\\1509331915361.jpg',NULL,NULL,'detail'),('99088c92b5a0406bbf874201efd64eed',NULL,NULL,NULL,'2017-10-30 01:49:54',NULL,0,NULL,NULL,346,0,NULL,'1509328193778.jpg',NULL,'passets/66ff3df6bec14d2bb3a7a53b8bac76fb/2017/10/30/1509328193778.jpg','66ff3df6bec14d2bb3a7a53b8bac76fb','D:\\images\\passets\\66ff3df6bec14d2bb3a7a53b8bac76fb\\2017\\10\\30\\1509328193778.jpg',NULL,NULL,'prop'),('9ad27601f2fc44c599ef7ae117392089',NULL,NULL,NULL,'2017-10-29 13:35:37',NULL,0,NULL,NULL,175,0,NULL,'1509284137434.jpg',NULL,'passets/ffc50c6468734d51a7719c36e581e932/2017/10/29/1509284137434.jpg','ffc50c6468734d51a7719c36e581e932','D:\\images\\passets\\ffc50c6468734d51a7719c36e581e932\\2017\\10\\29\\1509284137434.jpg',NULL,NULL,'detail'),('9b146242d37f43fc88c56b16a771cda4',NULL,NULL,NULL,'2017-10-30 04:29:56',NULL,0,NULL,NULL,617,0,NULL,'1509337796291.jpg',NULL,'passets/335792e6f955482ba3f9376902c6c203/2017/10/30/1509337796291.jpg','335792e6f955482ba3f9376902c6c203','D:\\images\\passets\\335792e6f955482ba3f9376902c6c203\\2017\\10\\30\\1509337796291.jpg',NULL,NULL,'detail'),('9b51220dc25d4d789b136f5bc3af38d6',NULL,NULL,NULL,'2017-10-30 02:51:53',NULL,0,NULL,NULL,490,0,NULL,'1509331913814.jpg',NULL,'passets/f601a70fccef4e57a92e6ecd1f8c44b9/2017/10/30/1509331913814.jpg','f601a70fccef4e57a92e6ecd1f8c44b9','D:\\images\\passets\\f601a70fccef4e57a92e6ecd1f8c44b9\\2017\\10\\30\\1509331913814.jpg',NULL,NULL,'detail'),('9d54bc0cb9bd43838021859e9171a53a',NULL,NULL,NULL,'2017-10-30 04:26:19',NULL,0,NULL,NULL,528,0,NULL,'1509337579463.jpg',NULL,'passets/804b0718ee144baab6f4e5174144ddbb/2017/10/30/1509337579463.jpg','804b0718ee144baab6f4e5174144ddbb','D:\\images\\passets\\804b0718ee144baab6f4e5174144ddbb\\2017\\10\\30\\1509337579463.jpg',NULL,NULL,'detail'),('9dace3c1330f47008601904eaea840f6',NULL,NULL,NULL,'2017-10-30 02:51:46',NULL,0,NULL,NULL,467,0,NULL,'1509331905582.jpg',NULL,'passets/f601a70fccef4e57a92e6ecd1f8c44b9/2017/10/30/1509331905582.jpg','f601a70fccef4e57a92e6ecd1f8c44b9','D:\\images\\passets\\f601a70fccef4e57a92e6ecd1f8c44b9\\2017\\10\\30\\1509331905582.jpg',NULL,NULL,'detail'),('9df5bc041df34842b21e4cd2c167e442',NULL,NULL,NULL,'2017-10-30 01:38:21',NULL,0,NULL,NULL,299,0,NULL,'1509327501125.jpg',NULL,'passets/74c2c1344a6443c8935d46c11009f0b9/2017/10/30/1509327501125.jpg','74c2c1344a6443c8935d46c11009f0b9','D:\\images\\passets\\74c2c1344a6443c8935d46c11009f0b9\\2017\\10\\30\\1509327501125.jpg',NULL,NULL,'detail'),('9ee3f859901e4a1cae571573f5c5ccff',NULL,NULL,NULL,'2017-10-30 01:58:41',NULL,0,NULL,NULL,424,0,NULL,'1509328720952.jpg',NULL,'passets/c361b1f813934de1abec22875e503e5e/2017/10/30/1509328720952.jpg','c361b1f813934de1abec22875e503e5e','D:\\images\\passets\\c361b1f813934de1abec22875e503e5e\\2017\\10\\30\\1509328720952.jpg',NULL,NULL,'detail'),('9eeac4b48f20425ea0983aed9bb6fa50',NULL,NULL,NULL,'2017-10-30 04:27:29',NULL,0,NULL,NULL,555,0,NULL,'1509337649389.jpg',NULL,'passets/0a18fdf641d0477a810444385ad43337/2017/10/30/1509337649389.jpg','0a18fdf641d0477a810444385ad43337','D:\\images\\passets\\0a18fdf641d0477a810444385ad43337\\2017\\10\\30\\1509337649389.jpg',NULL,NULL,'detail'),('9f0c9e255988497a962d1e2c32d9abd5',NULL,NULL,NULL,'2017-10-30 04:26:19',NULL,0,NULL,NULL,525,0,NULL,'1509337578912.jpg',NULL,'passets/804b0718ee144baab6f4e5174144ddbb/2017/10/30/1509337578912.jpg','804b0718ee144baab6f4e5174144ddbb','D:\\images\\passets\\804b0718ee144baab6f4e5174144ddbb\\2017\\10\\30\\1509337578912.jpg',NULL,NULL,'detail'),('9f7f08de071f414ba7dd4c7910b82a05',NULL,NULL,NULL,'2017-10-29 13:35:22',NULL,0,NULL,NULL,145,0,NULL,'1509284121563.jpg',NULL,'passets/6dc0efe40a7147a1ab3bf055d9e32f88/2017/10/29/1509284121563.jpg','6dc0efe40a7147a1ab3bf055d9e32f88','D:\\images\\passets\\6dc0efe40a7147a1ab3bf055d9e32f88\\2017\\10\\29\\1509284121563.jpg',NULL,NULL,'detail'),('a1be2e9b04ee48d5a7df929e2a8bc876',NULL,NULL,NULL,'2017-10-30 04:26:21',NULL,0,NULL,NULL,538,0,NULL,'1509337581265.jpg',NULL,'passets/804b0718ee144baab6f4e5174144ddbb/2017/10/30/1509337581265.jpg','804b0718ee144baab6f4e5174144ddbb','D:\\images\\passets\\804b0718ee144baab6f4e5174144ddbb\\2017\\10\\30\\1509337581265.jpg',NULL,NULL,'detail'),('a1eea9b555d64c8e967529ab8f2bd696',NULL,NULL,NULL,'2017-10-30 02:51:51',NULL,0,NULL,NULL,476,0,NULL,'1509331911348.jpg',NULL,'passets/f601a70fccef4e57a92e6ecd1f8c44b9/2017/10/30/1509331911348.jpg','f601a70fccef4e57a92e6ecd1f8c44b9','D:\\images\\passets\\f601a70fccef4e57a92e6ecd1f8c44b9\\2017\\10\\30\\1509331911348.jpg',NULL,NULL,'detail'),('a1f35e1beb5544098f7da5ee11f84ef0',NULL,NULL,NULL,'2017-10-30 02:51:53',NULL,0,NULL,NULL,489,0,NULL,'1509331913581.jpg',NULL,'passets/f601a70fccef4e57a92e6ecd1f8c44b9/2017/10/30/1509331913581.jpg','f601a70fccef4e57a92e6ecd1f8c44b9','D:\\images\\passets\\f601a70fccef4e57a92e6ecd1f8c44b9\\2017\\10\\30\\1509331913581.jpg',NULL,NULL,'detail'),('a25a324f1e13411bbe701b2495990741',NULL,NULL,NULL,'2017-10-30 01:38:22',NULL,0,NULL,NULL,303,0,NULL,'1509327502381.jpg',NULL,'passets/74c2c1344a6443c8935d46c11009f0b9/2017/10/30/1509327502381.jpg','74c2c1344a6443c8935d46c11009f0b9','D:\\images\\passets\\74c2c1344a6443c8935d46c11009f0b9\\2017\\10\\30\\1509327502381.jpg',NULL,NULL,'detail'),('a26a39aacabe4274a2b901eb490dd95d',NULL,NULL,NULL,'2017-10-30 00:55:01',NULL,0,NULL,NULL,209,0,NULL,'1509324899163.jpg',NULL,'passets/856797c8a0ec40459de96563130f4395/2017/10/30/1509324899163.jpg','856797c8a0ec40459de96563130f4395','D:\\images\\passets\\856797c8a0ec40459de96563130f4395\\2017\\10\\30\\1509324899163.jpg',NULL,NULL,'detail'),('a2b1818549154f42a47726ad7c918e98',NULL,NULL,NULL,'2017-10-29 13:42:50',NULL,0,NULL,NULL,196,0,NULL,'1509284569793.jpg',NULL,'passets/2a98b034e5184e88bbb7b03bf19087ca/2017/10/29/1509284569793.jpg','2a98b034e5184e88bbb7b03bf19087ca','D:\\images\\passets\\2a98b034e5184e88bbb7b03bf19087ca\\2017\\10\\29\\1509284569793.jpg',NULL,NULL,'detail'),('a2c2446ba73a4c8480b3c1a9511eba9b',NULL,NULL,NULL,'2017-10-30 01:52:52',NULL,0,NULL,NULL,398,0,NULL,'1509328372174.jpg',NULL,'passets/fee41cc3601b4c2c89247a32018bc65b/2017/10/30/1509328372174.jpg','fee41cc3601b4c2c89247a32018bc65b','D:\\images\\passets\\fee41cc3601b4c2c89247a32018bc65b\\2017\\10\\30\\1509328372174.jpg',NULL,NULL,'detail'),('a2d20cf43be647e19cf3cd812ee9ba8e',NULL,NULL,NULL,'2017-10-30 01:52:45',NULL,0,NULL,NULL,391,0,NULL,'1509328365183.jpg',NULL,'passets/fee41cc3601b4c2c89247a32018bc65b/2017/10/30/1509328365183.jpg','fee41cc3601b4c2c89247a32018bc65b','D:\\images\\passets\\fee41cc3601b4c2c89247a32018bc65b\\2017\\10\\30\\1509328365183.jpg',NULL,NULL,'detail'),('a5047f68c7574df78949a4bc05ea39c5',NULL,NULL,NULL,'2017-10-30 04:27:33',NULL,0,NULL,NULL,566,0,NULL,'1509337653195.jpg',NULL,'passets/0a18fdf641d0477a810444385ad43337/2017/10/30/1509337653195.jpg','0a18fdf641d0477a810444385ad43337','D:\\images\\passets\\0a18fdf641d0477a810444385ad43337\\2017\\10\\30\\1509337653195.jpg',NULL,NULL,'detail'),('a56b97e946964fc3bfedb2c7c9062dd4',NULL,NULL,NULL,'2017-10-30 00:55:11',NULL,0,NULL,NULL,228,0,NULL,'1509324910598.jpg',NULL,'passets/856797c8a0ec40459de96563130f4395/2017/10/30/1509324910598.jpg','856797c8a0ec40459de96563130f4395','D:\\images\\passets\\856797c8a0ec40459de96563130f4395\\2017\\10\\30\\1509324910598.jpg',NULL,NULL,'detail'),('a58f2b8ee6224ada8a289c88795aae92',NULL,NULL,NULL,'2017-10-30 04:27:29',NULL,0,NULL,NULL,553,0,NULL,'1509337648814.jpg',NULL,'passets/0a18fdf641d0477a810444385ad43337/2017/10/30/1509337648814.jpg','0a18fdf641d0477a810444385ad43337','D:\\images\\passets\\0a18fdf641d0477a810444385ad43337\\2017\\10\\30\\1509337648814.jpg',NULL,NULL,'prop'),('a6298bde1fa746bfb94ecb358a08566c',NULL,NULL,NULL,'2017-10-30 01:58:36',NULL,0,NULL,NULL,407,0,NULL,'1509328716887.jpg',NULL,'passets/c361b1f813934de1abec22875e503e5e/2017/10/30/1509328716887.jpg','c361b1f813934de1abec22875e503e5e','D:\\images\\passets\\c361b1f813934de1abec22875e503e5e\\2017\\10\\30\\1509328716887.jpg',NULL,NULL,'detail'),('a65ae1c3e8f54d5489b0968feb8872fa',NULL,NULL,NULL,'2017-10-30 01:58:38',NULL,0,NULL,NULL,409,0,NULL,'1509328717127.jpg',NULL,'passets/c361b1f813934de1abec22875e503e5e/2017/10/30/1509328717127.jpg','c361b1f813934de1abec22875e503e5e','D:\\images\\passets\\c361b1f813934de1abec22875e503e5e\\2017\\10\\30\\1509328717127.jpg',NULL,NULL,'detail'),('a6a364b0653a48f19e70aed41fb6ca5b',NULL,NULL,NULL,'2017-10-30 04:27:36',NULL,0,NULL,NULL,581,0,NULL,'1509337656137.jpg',NULL,'passets/0a18fdf641d0477a810444385ad43337/2017/10/30/1509337656137.jpg','0a18fdf641d0477a810444385ad43337','D:\\images\\passets\\0a18fdf641d0477a810444385ad43337\\2017\\10\\30\\1509337656137.jpg',NULL,NULL,'detail'),('a7e29fbe173240ad9f9b270d1ba9ee73',NULL,NULL,NULL,'2017-10-30 04:27:40',NULL,0,NULL,NULL,589,0,NULL,'1509337660331.jpg',NULL,'passets/0a18fdf641d0477a810444385ad43337/2017/10/30/1509337660331.jpg','0a18fdf641d0477a810444385ad43337','D:\\images\\passets\\0a18fdf641d0477a810444385ad43337\\2017\\10\\30\\1509337660331.jpg',NULL,NULL,'detail'),('a7effbadfb45441dbd797fffe36bb6fb',NULL,NULL,NULL,'2017-10-30 00:55:02',NULL,0,NULL,NULL,212,0,NULL,'1509324902439.jpg',NULL,'passets/856797c8a0ec40459de96563130f4395/2017/10/30/1509324902439.jpg','856797c8a0ec40459de96563130f4395','D:\\images\\passets\\856797c8a0ec40459de96563130f4395\\2017\\10\\30\\1509324902439.jpg',NULL,NULL,'detail'),('a857cef4d2b5428bb8adab1435fc3f2b',NULL,NULL,NULL,'2017-10-30 04:27:29',NULL,0,NULL,NULL,554,0,NULL,'1509337649273.jpg',NULL,'passets/0a18fdf641d0477a810444385ad43337/2017/10/30/1509337649273.jpg','0a18fdf641d0477a810444385ad43337','D:\\images\\passets\\0a18fdf641d0477a810444385ad43337\\2017\\10\\30\\1509337649273.jpg',NULL,NULL,'detail'),('a920f67f42154e48b4257c273cea7326',NULL,NULL,NULL,'2017-10-30 04:26:19',NULL,0,NULL,NULL,527,0,NULL,'1509337579333.jpg',NULL,'passets/804b0718ee144baab6f4e5174144ddbb/2017/10/30/1509337579333.jpg','804b0718ee144baab6f4e5174144ddbb','D:\\images\\passets\\804b0718ee144baab6f4e5174144ddbb\\2017\\10\\30\\1509337579333.jpg',NULL,NULL,'detail'),('a92fa824be204f1da1ea6f23952d07bd',NULL,NULL,NULL,'2017-10-29 13:35:33',NULL,0,NULL,NULL,166,0,NULL,'1509284133421.jpg',NULL,'passets/ffc50c6468734d51a7719c36e581e932/2017/10/29/1509284133421.jpg','ffc50c6468734d51a7719c36e581e932','D:\\images\\passets\\ffc50c6468734d51a7719c36e581e932\\2017\\10\\29\\1509284133421.jpg',NULL,NULL,'detail'),('a930469a84e64a33a6410aa20501a7c4',NULL,NULL,NULL,'2017-10-30 01:50:01',NULL,0,NULL,NULL,364,0,NULL,'1509328200904.jpg',NULL,'passets/66ff3df6bec14d2bb3a7a53b8bac76fb/2017/10/30/1509328200904.jpg','66ff3df6bec14d2bb3a7a53b8bac76fb','D:\\images\\passets\\66ff3df6bec14d2bb3a7a53b8bac76fb\\2017\\10\\30\\1509328200904.jpg',NULL,NULL,'detail'),('a946ec4fc74a40c9a6a3c41e65abb55b',NULL,NULL,NULL,'2017-10-29 13:35:39',NULL,0,NULL,NULL,181,0,NULL,'1509284139143.jpg',NULL,'passets/ffc50c6468734d51a7719c36e581e932/2017/10/29/1509284139143.jpg','ffc50c6468734d51a7719c36e581e932','D:\\images\\passets\\ffc50c6468734d51a7719c36e581e932\\2017\\10\\29\\1509284139143.jpg',NULL,NULL,'detail'),('a99e13c2d434495f82baea7daebf6e37',NULL,NULL,NULL,'2017-10-30 04:27:29',NULL,0,NULL,NULL,556,0,NULL,'1509337649473.jpg',NULL,'passets/0a18fdf641d0477a810444385ad43337/2017/10/30/1509337649473.jpg','0a18fdf641d0477a810444385ad43337','D:\\images\\passets\\0a18fdf641d0477a810444385ad43337\\2017\\10\\30\\1509337649473.jpg',NULL,NULL,'detail'),('aa2669a751e34e07a83042a8c3979b59',NULL,NULL,NULL,'2017-10-30 04:27:33',NULL,0,NULL,NULL,567,0,NULL,'1509337653534.jpg',NULL,'passets/0a18fdf641d0477a810444385ad43337/2017/10/30/1509337653534.jpg','0a18fdf641d0477a810444385ad43337','D:\\images\\passets\\0a18fdf641d0477a810444385ad43337\\2017\\10\\30\\1509337653534.jpg',NULL,NULL,'detail'),('aa7d6ac4d2d7445891f82968fa36f989',NULL,NULL,NULL,'2017-10-30 04:29:53',NULL,0,NULL,NULL,603,0,NULL,'1509337792893.jpg',NULL,'passets/335792e6f955482ba3f9376902c6c203/2017/10/30/1509337792893.jpg','335792e6f955482ba3f9376902c6c203','D:\\images\\passets\\335792e6f955482ba3f9376902c6c203\\2017\\10\\30\\1509337792893.jpg',NULL,NULL,'detail'),('aa8dbd13ef1148eebf936bfc204ef355',NULL,NULL,NULL,'2017-10-30 01:58:42',NULL,0,NULL,NULL,431,0,NULL,'1509328722018.jpg',NULL,'passets/c361b1f813934de1abec22875e503e5e/2017/10/30/1509328722018.jpg','c361b1f813934de1abec22875e503e5e','D:\\images\\passets\\c361b1f813934de1abec22875e503e5e\\2017\\10\\30\\1509328722018.jpg',NULL,NULL,'detail'),('ab0d62443e0d46f399766fce79de848c',NULL,NULL,NULL,'2017-10-29 13:35:39',NULL,0,NULL,NULL,182,0,NULL,'1509284139304.jpg',NULL,'passets/ffc50c6468734d51a7719c36e581e932/2017/10/29/1509284139304.jpg','ffc50c6468734d51a7719c36e581e932','D:\\images\\passets\\ffc50c6468734d51a7719c36e581e932\\2017\\10\\29\\1509284139304.jpg',NULL,NULL,'detail'),('abc8119d7abc4655b03c08ffe7586bc3',NULL,NULL,NULL,'2017-10-30 04:26:20',NULL,0,NULL,NULL,531,0,NULL,'1509337579965.jpg',NULL,'passets/804b0718ee144baab6f4e5174144ddbb/2017/10/30/1509337579965.jpg','804b0718ee144baab6f4e5174144ddbb','D:\\images\\passets\\804b0718ee144baab6f4e5174144ddbb\\2017\\10\\30\\1509337579965.jpg',NULL,NULL,'detail'),('ac0393ecd33745a68ca0eabe311fa2b2',NULL,NULL,NULL,'2017-10-29 13:35:34',NULL,0,NULL,NULL,170,0,NULL,'1509284134359.jpg',NULL,'passets/ffc50c6468734d51a7719c36e581e932/2017/10/29/1509284134359.jpg','ffc50c6468734d51a7719c36e581e932','D:\\images\\passets\\ffc50c6468734d51a7719c36e581e932\\2017\\10\\29\\1509284134359.jpg',NULL,NULL,'detail'),('ae9c62fa09954af9afef948aaabfc4f2',NULL,NULL,NULL,'2017-10-30 04:26:25',NULL,0,NULL,NULL,550,0,NULL,'1509337585073.jpg',NULL,'passets/804b0718ee144baab6f4e5174144ddbb/2017/10/30/1509337585073.jpg','804b0718ee144baab6f4e5174144ddbb','D:\\images\\passets\\804b0718ee144baab6f4e5174144ddbb\\2017\\10\\30\\1509337585073.jpg',NULL,NULL,'swiper'),('aef20adcae4647c786f2fff7325a52d0',NULL,NULL,NULL,'2017-10-30 01:52:45',NULL,0,NULL,NULL,393,0,NULL,'1509328365525.jpg',NULL,'passets/fee41cc3601b4c2c89247a32018bc65b/2017/10/30/1509328365525.jpg','fee41cc3601b4c2c89247a32018bc65b','D:\\images\\passets\\fee41cc3601b4c2c89247a32018bc65b\\2017\\10\\30\\1509328365525.jpg',NULL,NULL,'detail'),('af46d874dd694231a3742fa0dc686019',NULL,NULL,NULL,'2017-10-30 04:29:59',NULL,0,NULL,NULL,635,0,NULL,'1509337799487.jpg',NULL,'passets/335792e6f955482ba3f9376902c6c203/2017/10/30/1509337799487.jpg','335792e6f955482ba3f9376902c6c203','D:\\images\\passets\\335792e6f955482ba3f9376902c6c203\\2017\\10\\30\\1509337799487.jpg',NULL,NULL,'detail'),('aff00195eb3c41afb894a11bc11b84a8',NULL,NULL,NULL,'2017-10-30 01:38:11',NULL,0,NULL,NULL,277,0,NULL,'1509327490961.jpg',NULL,'passets/74c2c1344a6443c8935d46c11009f0b9/2017/10/30/1509327490961.jpg','74c2c1344a6443c8935d46c11009f0b9','D:\\images\\passets\\74c2c1344a6443c8935d46c11009f0b9\\2017\\10\\30\\1509327490961.jpg',NULL,NULL,'detail'),('b1ac635d87ce4b929be7f864737ec396',NULL,NULL,NULL,'2017-10-30 01:38:18',NULL,0,NULL,NULL,290,0,NULL,'1509327498708.jpg',NULL,'passets/74c2c1344a6443c8935d46c11009f0b9/2017/10/30/1509327498708.jpg','74c2c1344a6443c8935d46c11009f0b9','D:\\images\\passets\\74c2c1344a6443c8935d46c11009f0b9\\2017\\10\\30\\1509327498708.jpg',NULL,NULL,'detail'),('b4c779f649124ea5abcc178b7eef3cfa',NULL,NULL,NULL,'2017-10-30 04:27:35',NULL,0,NULL,NULL,575,0,NULL,'1509337654989.jpg',NULL,'passets/0a18fdf641d0477a810444385ad43337/2017/10/30/1509337654989.jpg','0a18fdf641d0477a810444385ad43337','D:\\images\\passets\\0a18fdf641d0477a810444385ad43337\\2017\\10\\30\\1509337654989.jpg',NULL,NULL,'detail'),('b551c843678c4818822b2eb987dccb5a',NULL,NULL,NULL,'2017-10-30 00:55:02',NULL,0,NULL,NULL,211,0,NULL,'1509324901937.jpg',NULL,'passets/856797c8a0ec40459de96563130f4395/2017/10/30/1509324901937.jpg','856797c8a0ec40459de96563130f4395','D:\\images\\passets\\856797c8a0ec40459de96563130f4395\\2017\\10\\30\\1509324901937.jpg',NULL,NULL,'detail'),('b6744e15b00345b09b92404095acb122',NULL,NULL,NULL,'2017-10-30 01:38:10',NULL,0,NULL,NULL,275,0,NULL,'1509327490241.jpg',NULL,'passets/74c2c1344a6443c8935d46c11009f0b9/2017/10/30/1509327490241.jpg','74c2c1344a6443c8935d46c11009f0b9','D:\\images\\passets\\74c2c1344a6443c8935d46c11009f0b9\\2017\\10\\30\\1509327490241.jpg',NULL,NULL,'detail'),('b689c9f186dc43c383d8fb58ddd9077a',NULL,NULL,NULL,'2017-10-30 04:29:57',NULL,0,NULL,NULL,625,0,NULL,'1509337797748.jpg',NULL,'passets/335792e6f955482ba3f9376902c6c203/2017/10/30/1509337797748.jpg','335792e6f955482ba3f9376902c6c203','D:\\images\\passets\\335792e6f955482ba3f9376902c6c203\\2017\\10\\30\\1509337797748.jpg',NULL,NULL,'detail'),('b7365359540a488cb13d2d96c0ba6ffd',NULL,NULL,NULL,'2017-10-30 01:58:42',NULL,0,NULL,NULL,430,0,NULL,'1509328721881.jpg',NULL,'passets/c361b1f813934de1abec22875e503e5e/2017/10/30/1509328721881.jpg','c361b1f813934de1abec22875e503e5e','D:\\images\\passets\\c361b1f813934de1abec22875e503e5e\\2017\\10\\30\\1509328721881.jpg',NULL,NULL,'detail'),('b75080034d7a40bcb3aa4a519c6b6753',NULL,NULL,NULL,'2017-10-30 01:40:08',NULL,0,NULL,NULL,333,0,NULL,'1509327608548.jpg',NULL,'passets/1902d78c88654580ba0b61fb842f3acc/2017/10/30/1509327608548.jpg','1902d78c88654580ba0b61fb842f3acc','D:\\images\\passets\\1902d78c88654580ba0b61fb842f3acc\\2017\\10\\30\\1509327608548.jpg',NULL,NULL,'detail'),('b75d34057c84440a9229ca38ec0512ff',NULL,NULL,NULL,'2017-10-30 01:52:53',NULL,0,NULL,NULL,404,0,NULL,'1509328373362.jpg',NULL,'passets/fee41cc3601b4c2c89247a32018bc65b/2017/10/30/1509328373362.jpg','fee41cc3601b4c2c89247a32018bc65b','D:\\images\\passets\\fee41cc3601b4c2c89247a32018bc65b\\2017\\10\\30\\1509328373362.jpg',NULL,NULL,'detail'),('b767185bc71d4c04ac7c8560c1313328',NULL,NULL,NULL,'2017-10-30 01:50:01',NULL,0,NULL,NULL,365,0,NULL,'1509328201225.jpg',NULL,'passets/66ff3df6bec14d2bb3a7a53b8bac76fb/2017/10/30/1509328201225.jpg','66ff3df6bec14d2bb3a7a53b8bac76fb','D:\\images\\passets\\66ff3df6bec14d2bb3a7a53b8bac76fb\\2017\\10\\30\\1509328201225.jpg',NULL,NULL,'detail'),('b80e16a63ba74c3484c9f01d894830b8',NULL,NULL,NULL,'2017-10-30 01:40:07',NULL,0,NULL,NULL,327,0,NULL,'1509327607432.jpg',NULL,'passets/1902d78c88654580ba0b61fb842f3acc/2017/10/30/1509327607432.jpg','1902d78c88654580ba0b61fb842f3acc','D:\\images\\passets\\1902d78c88654580ba0b61fb842f3acc\\2017\\10\\30\\1509327607432.jpg',NULL,NULL,'detail'),('b903cc7a57404868b968ffa840873012',NULL,NULL,NULL,'2017-10-30 01:38:18',NULL,0,NULL,NULL,289,0,NULL,'1509327498573.jpg',NULL,'passets/74c2c1344a6443c8935d46c11009f0b9/2017/10/30/1509327498573.jpg','74c2c1344a6443c8935d46c11009f0b9','D:\\images\\passets\\74c2c1344a6443c8935d46c11009f0b9\\2017\\10\\30\\1509327498573.jpg',NULL,NULL,'detail'),('ba17234da6c54b3a80abdd888358e032',NULL,NULL,NULL,'2017-10-30 01:40:05',NULL,0,NULL,NULL,315,0,NULL,'1509327604702.jpg',NULL,'passets/1902d78c88654580ba0b61fb842f3acc/2017/10/30/1509327604702.jpg','1902d78c88654580ba0b61fb842f3acc','D:\\images\\passets\\1902d78c88654580ba0b61fb842f3acc\\2017\\10\\30\\1509327604702.jpg',NULL,NULL,'detail'),('ba422da7b0c24b9ba53bc7dd2440d294',NULL,NULL,NULL,'2017-10-30 01:40:06',NULL,0,NULL,NULL,320,0,NULL,'1509327606347.jpg',NULL,'passets/1902d78c88654580ba0b61fb842f3acc/2017/10/30/1509327606347.jpg','1902d78c88654580ba0b61fb842f3acc','D:\\images\\passets\\1902d78c88654580ba0b61fb842f3acc\\2017\\10\\30\\1509327606347.jpg',NULL,NULL,'detail'),('bbe15ff7d141490e970050dcdb9c0fa5',NULL,NULL,NULL,'2017-10-29 13:42:49',NULL,0,NULL,NULL,195,0,NULL,'1509284569338.jpg',NULL,'passets/2a98b034e5184e88bbb7b03bf19087ca/2017/10/29/1509284569338.jpg','2a98b034e5184e88bbb7b03bf19087ca','D:\\images\\passets\\2a98b034e5184e88bbb7b03bf19087ca\\2017\\10\\29\\1509284569338.jpg',NULL,NULL,'detail'),('bc37225836bf4d1c9d6d77f5d703d33e',NULL,NULL,NULL,'2017-10-30 00:55:07',NULL,0,NULL,NULL,220,0,NULL,'1509324907687.jpg',NULL,'passets/856797c8a0ec40459de96563130f4395/2017/10/30/1509324907687.jpg','856797c8a0ec40459de96563130f4395','D:\\images\\passets\\856797c8a0ec40459de96563130f4395\\2017\\10\\30\\1509324907687.jpg',NULL,NULL,'detail'),('bd0215c3326c4fec864f43a3638edf1b',NULL,NULL,NULL,'2017-10-30 01:58:43',NULL,0,NULL,NULL,439,0,NULL,'1509328723152.jpg',NULL,'passets/c361b1f813934de1abec22875e503e5e/2017/10/30/1509328723152.jpg','c361b1f813934de1abec22875e503e5e','D:\\images\\passets\\c361b1f813934de1abec22875e503e5e\\2017\\10\\30\\1509328723152.jpg',NULL,NULL,'detail'),('bd73084ac60b4467a4677f0f1f8805a0',NULL,NULL,NULL,'2017-10-30 01:58:41',NULL,0,NULL,NULL,428,0,NULL,'1509328721483.jpg',NULL,'passets/c361b1f813934de1abec22875e503e5e/2017/10/30/1509328721483.jpg','c361b1f813934de1abec22875e503e5e','D:\\images\\passets\\c361b1f813934de1abec22875e503e5e\\2017\\10\\30\\1509328721483.jpg',NULL,NULL,'detail'),('bdb6487fe1374179b2fcf722419cb225',NULL,NULL,NULL,'2017-10-30 04:27:36',NULL,0,NULL,NULL,580,0,NULL,'1509337656008.jpg',NULL,'passets/0a18fdf641d0477a810444385ad43337/2017/10/30/1509337656008.jpg','0a18fdf641d0477a810444385ad43337','D:\\images\\passets\\0a18fdf641d0477a810444385ad43337\\2017\\10\\30\\1509337656008.jpg',NULL,NULL,'detail'),('bdf9df4fd185403192b06afe72ed8fd0',NULL,NULL,NULL,'2017-10-30 01:40:07',NULL,0,NULL,NULL,324,0,NULL,'1509327606978.jpg',NULL,'passets/1902d78c88654580ba0b61fb842f3acc/2017/10/30/1509327606978.jpg','1902d78c88654580ba0b61fb842f3acc','D:\\images\\passets\\1902d78c88654580ba0b61fb842f3acc\\2017\\10\\30\\1509327606978.jpg',NULL,NULL,'detail'),('be67b0e4eadd4e0db3f74197b24e3579',NULL,NULL,NULL,'2017-10-30 04:27:34',NULL,0,NULL,NULL,572,0,NULL,'1509337654614.jpg',NULL,'passets/0a18fdf641d0477a810444385ad43337/2017/10/30/1509337654614.jpg','0a18fdf641d0477a810444385ad43337','D:\\images\\passets\\0a18fdf641d0477a810444385ad43337\\2017\\10\\30\\1509337654614.jpg',NULL,NULL,'detail'),('be8a68b3a4c742bf8a741154b4a5f033',NULL,NULL,NULL,'2017-10-29 13:42:52',NULL,0,NULL,NULL,207,0,NULL,'1509284572371.jpg',NULL,'passets/2a98b034e5184e88bbb7b03bf19087ca/2017/10/29/1509284572371.jpg','2a98b034e5184e88bbb7b03bf19087ca','D:\\images\\passets\\2a98b034e5184e88bbb7b03bf19087ca\\2017\\10\\29\\1509284572371.jpg',NULL,NULL,'detail'),('bf92dde26f104d4a9a69603604eadaaa',NULL,NULL,NULL,'2017-10-30 04:29:57',NULL,0,NULL,NULL,623,0,NULL,'1509337797362.jpg',NULL,'passets/335792e6f955482ba3f9376902c6c203/2017/10/30/1509337797362.jpg','335792e6f955482ba3f9376902c6c203','D:\\images\\passets\\335792e6f955482ba3f9376902c6c203\\2017\\10\\30\\1509337797362.jpg',NULL,NULL,'detail'),('bfc29648d84644fcbe7408a495704efb',NULL,NULL,NULL,'2017-10-30 01:40:04',NULL,0,NULL,NULL,312,0,NULL,'1509327604142.jpg',NULL,'passets/1902d78c88654580ba0b61fb842f3acc/2017/10/30/1509327604142.jpg','1902d78c88654580ba0b61fb842f3acc','D:\\images\\passets\\1902d78c88654580ba0b61fb842f3acc\\2017\\10\\30\\1509327604142.jpg',NULL,NULL,'detail'),('c0088b73eb3a4c278ebc2fd853c32f65',NULL,NULL,NULL,'2017-10-29 13:42:51',NULL,0,NULL,NULL,204,0,NULL,'1509284571653.jpg',NULL,'passets/2a98b034e5184e88bbb7b03bf19087ca/2017/10/29/1509284571653.jpg','2a98b034e5184e88bbb7b03bf19087ca','D:\\images\\passets\\2a98b034e5184e88bbb7b03bf19087ca\\2017\\10\\29\\1509284571653.jpg',NULL,NULL,'detail'),('c073d371951f471e9381f1dba04ad78b',NULL,NULL,NULL,'2017-10-30 04:26:25',NULL,0,NULL,NULL,549,0,NULL,'1509337584865.jpg',NULL,'passets/804b0718ee144baab6f4e5174144ddbb/2017/10/30/1509337584865.jpg','804b0718ee144baab6f4e5174144ddbb','D:\\images\\passets\\804b0718ee144baab6f4e5174144ddbb\\2017\\10\\30\\1509337584865.jpg',NULL,NULL,'swiper'),('c1097fdbddd34e5ebc2e0d644f1c7ee7',NULL,NULL,NULL,'2017-10-30 02:51:50',NULL,0,NULL,NULL,472,0,NULL,'1509331910105.jpg',NULL,'passets/f601a70fccef4e57a92e6ecd1f8c44b9/2017/10/30/1509331910105.jpg','f601a70fccef4e57a92e6ecd1f8c44b9','D:\\images\\passets\\f601a70fccef4e57a92e6ecd1f8c44b9\\2017\\10\\30\\1509331910105.jpg',NULL,NULL,'detail'),('c20683429c244fa3ace806e874be01fc',NULL,NULL,NULL,'2017-10-30 02:11:39',NULL,0,NULL,NULL,460,0,NULL,'1509329499127.jpg',NULL,'passets/d5d4a73895154388bd68953e8054ae37/2017/10/30/1509329499127.jpg','d5d4a73895154388bd68953e8054ae37','D:\\images\\passets\\d5d4a73895154388bd68953e8054ae37\\2017\\10\\30\\1509329499127.jpg',NULL,NULL,'detail'),('c239b0a42fe44da19db17bbd224fcc38',NULL,NULL,NULL,'2017-10-30 01:58:40',NULL,0,NULL,NULL,422,0,NULL,'1509328720692.jpg',NULL,'passets/c361b1f813934de1abec22875e503e5e/2017/10/30/1509328720692.jpg','c361b1f813934de1abec22875e503e5e','D:\\images\\passets\\c361b1f813934de1abec22875e503e5e\\2017\\10\\30\\1509328720692.jpg',NULL,NULL,'detail'),('c271256ce3504927bd875bc3f12ede36',NULL,NULL,NULL,'2017-10-30 02:51:52',NULL,0,NULL,NULL,482,0,NULL,'1509331912459.jpg',NULL,'passets/f601a70fccef4e57a92e6ecd1f8c44b9/2017/10/30/1509331912459.jpg','f601a70fccef4e57a92e6ecd1f8c44b9','D:\\images\\passets\\f601a70fccef4e57a92e6ecd1f8c44b9\\2017\\10\\30\\1509331912459.jpg',NULL,NULL,'detail'),('c295c145047a4a04ae7413c1f88d19f2',NULL,NULL,NULL,'2017-10-30 04:29:53',NULL,0,NULL,NULL,606,0,NULL,'1509337793548.jpg',NULL,'passets/335792e6f955482ba3f9376902c6c203/2017/10/30/1509337793548.jpg','335792e6f955482ba3f9376902c6c203','D:\\images\\passets\\335792e6f955482ba3f9376902c6c203\\2017\\10\\30\\1509337793548.jpg',NULL,NULL,'detail'),('c2dcbb8c644943d39ef841932b71746e',NULL,NULL,NULL,'2017-10-30 04:26:15',NULL,0,NULL,NULL,513,0,NULL,'1509337575529.jpg',NULL,'passets/804b0718ee144baab6f4e5174144ddbb/2017/10/30/1509337575529.jpg','804b0718ee144baab6f4e5174144ddbb','D:\\images\\passets\\804b0718ee144baab6f4e5174144ddbb\\2017\\10\\30\\1509337575529.jpg',NULL,NULL,'detail'),('c3213cca3d7348d598a85c19d7e4c681',NULL,NULL,NULL,'2017-10-30 01:58:39',NULL,0,NULL,NULL,414,0,NULL,'1509328719241.jpg',NULL,'passets/c361b1f813934de1abec22875e503e5e/2017/10/30/1509328719241.jpg','c361b1f813934de1abec22875e503e5e','D:\\images\\passets\\c361b1f813934de1abec22875e503e5e\\2017\\10\\30\\1509328719241.jpg',NULL,NULL,'detail'),('c37ccd1209674120bdf5ba8b67139636',NULL,NULL,NULL,'2017-10-30 04:26:17',NULL,0,NULL,NULL,519,0,NULL,'1509337577666.jpg',NULL,'passets/804b0718ee144baab6f4e5174144ddbb/2017/10/30/1509337577666.jpg','804b0718ee144baab6f4e5174144ddbb','D:\\images\\passets\\804b0718ee144baab6f4e5174144ddbb\\2017\\10\\30\\1509337577666.jpg',NULL,NULL,'detail'),('c3d13c32703b4bf8a9f57b04f0f2aa80',NULL,NULL,NULL,'2017-10-30 02:11:31',NULL,0,NULL,NULL,447,0,NULL,'1509329490761.jpg',NULL,'passets/d5d4a73895154388bd68953e8054ae37/2017/10/30/1509329490761.jpg','d5d4a73895154388bd68953e8054ae37','D:\\images\\passets\\d5d4a73895154388bd68953e8054ae37\\2017\\10\\30\\1509329490761.jpg',NULL,NULL,'detail'),('c3d450ceaeda46f58c5a55b2eb9a4705',NULL,NULL,NULL,'2017-10-29 13:42:46',NULL,0,NULL,NULL,188,0,NULL,'1509284566428.jpg',NULL,'passets/2a98b034e5184e88bbb7b03bf19087ca/2017/10/29/1509284566428.jpg','2a98b034e5184e88bbb7b03bf19087ca','D:\\images\\passets\\2a98b034e5184e88bbb7b03bf19087ca\\2017\\10\\29\\1509284566428.jpg',NULL,NULL,'detail'),('c6e6c86791434e76b97c2df7df3d2393',NULL,NULL,NULL,'2017-10-30 04:27:35',NULL,0,NULL,NULL,576,0,NULL,'1509337655136.jpg',NULL,'passets/0a18fdf641d0477a810444385ad43337/2017/10/30/1509337655136.jpg','0a18fdf641d0477a810444385ad43337','D:\\images\\passets\\0a18fdf641d0477a810444385ad43337\\2017\\10\\30\\1509337655136.jpg',NULL,NULL,'detail'),('c7c0a0b87bb348a298122cfbab9adbbc',NULL,NULL,NULL,'2017-10-30 01:40:04',NULL,0,NULL,NULL,311,0,NULL,'1509327603701.jpg',NULL,'passets/1902d78c88654580ba0b61fb842f3acc/2017/10/30/1509327603701.jpg','1902d78c88654580ba0b61fb842f3acc','D:\\images\\passets\\1902d78c88654580ba0b61fb842f3acc\\2017\\10\\30\\1509327603701.jpg',NULL,NULL,'detail'),('c9f2a92a2ec44b0c8215d080da2d239c',NULL,NULL,NULL,'2017-10-29 13:35:27',NULL,0,NULL,NULL,158,0,NULL,'1509284127138.jpg',NULL,'passets/6dc0efe40a7147a1ab3bf055d9e32f88/2017/10/29/1509284127138.jpg','6dc0efe40a7147a1ab3bf055d9e32f88','D:\\images\\passets\\6dc0efe40a7147a1ab3bf055d9e32f88\\2017\\10\\29\\1509284127138.jpg',NULL,NULL,'detail'),('c9fb270eb10541b7876037a2bea21ce0',NULL,NULL,NULL,'2017-10-30 02:11:30',NULL,0,NULL,NULL,445,0,NULL,'1509329490067.jpg',NULL,'passets/d5d4a73895154388bd68953e8054ae37/2017/10/30/1509329490067.jpg','d5d4a73895154388bd68953e8054ae37','D:\\images\\passets\\d5d4a73895154388bd68953e8054ae37\\2017\\10\\30\\1509329490067.jpg',NULL,NULL,'detail'),('cae2af8efcbd49b0a673668151ad55da',NULL,NULL,NULL,'2017-10-30 01:58:42',NULL,0,NULL,NULL,432,0,NULL,'1509328722200.jpg',NULL,'passets/c361b1f813934de1abec22875e503e5e/2017/10/30/1509328722200.jpg','c361b1f813934de1abec22875e503e5e','D:\\images\\passets\\c361b1f813934de1abec22875e503e5e\\2017\\10\\30\\1509328722200.jpg',NULL,NULL,'detail'),('cb3c47db57b747098a040e8eea443f89',NULL,NULL,NULL,'2017-10-30 02:51:50',NULL,0,NULL,NULL,471,0,NULL,'1509331908910.jpg',NULL,'passets/f601a70fccef4e57a92e6ecd1f8c44b9/2017/10/30/1509331908910.jpg','f601a70fccef4e57a92e6ecd1f8c44b9','D:\\images\\passets\\f601a70fccef4e57a92e6ecd1f8c44b9\\2017\\10\\30\\1509331908910.jpg',NULL,NULL,'detail'),('cc2888b924f54da0a5d36c2f98e9a3b1',NULL,NULL,NULL,'2017-10-30 01:40:10',NULL,0,NULL,NULL,343,0,NULL,'1509327610122.jpg',NULL,'passets/1902d78c88654580ba0b61fb842f3acc/2017/10/30/1509327610122.jpg','1902d78c88654580ba0b61fb842f3acc','D:\\images\\passets\\1902d78c88654580ba0b61fb842f3acc\\2017\\10\\30\\1509327610122.jpg',NULL,NULL,'detail'),('cf0d46986bd14b88ada5b199699acaab',NULL,NULL,NULL,'2017-10-30 02:11:39',NULL,0,NULL,NULL,462,0,NULL,'1509329499537.jpg',NULL,'passets/d5d4a73895154388bd68953e8054ae37/2017/10/30/1509329499537.jpg','d5d4a73895154388bd68953e8054ae37','D:\\images\\passets\\d5d4a73895154388bd68953e8054ae37\\2017\\10\\30\\1509329499537.jpg',NULL,NULL,'detail'),('d118c6626df2441693e95de1379624d0',NULL,NULL,NULL,'2017-10-29 13:42:50',NULL,0,NULL,NULL,198,0,NULL,'1509284570431.jpg',NULL,'passets/2a98b034e5184e88bbb7b03bf19087ca/2017/10/29/1509284570431.jpg','2a98b034e5184e88bbb7b03bf19087ca','D:\\images\\passets\\2a98b034e5184e88bbb7b03bf19087ca\\2017\\10\\29\\1509284570431.jpg',NULL,NULL,'detail'),('d122b186d7f14559b86521f4a8cae4ea',NULL,NULL,NULL,'2017-10-30 01:40:03',NULL,0,NULL,NULL,310,0,NULL,'1509327603455.jpg',NULL,'passets/1902d78c88654580ba0b61fb842f3acc/2017/10/30/1509327603455.jpg','1902d78c88654580ba0b61fb842f3acc','D:\\images\\passets\\1902d78c88654580ba0b61fb842f3acc\\2017\\10\\30\\1509327603455.jpg',NULL,NULL,'detail'),('d235fecbf47747bb9e18ee5dcc0eb551',NULL,NULL,NULL,'2017-10-29 13:42:48',NULL,0,NULL,NULL,193,0,NULL,'1509284568259.jpg',NULL,'passets/2a98b034e5184e88bbb7b03bf19087ca/2017/10/29/1509284568259.jpg','2a98b034e5184e88bbb7b03bf19087ca','D:\\images\\passets\\2a98b034e5184e88bbb7b03bf19087ca\\2017\\10\\29\\1509284568259.jpg',NULL,NULL,'detail'),('d28e712baf7e4527811f74f077295e29',NULL,NULL,NULL,'2017-10-30 04:29:53',NULL,0,NULL,NULL,605,0,NULL,'1509337793327.jpg',NULL,'passets/335792e6f955482ba3f9376902c6c203/2017/10/30/1509337793327.jpg','335792e6f955482ba3f9376902c6c203','D:\\images\\passets\\335792e6f955482ba3f9376902c6c203\\2017\\10\\30\\1509337793327.jpg',NULL,NULL,'detail'),('d34a853bd8294f01ab0d16144d80dd62',NULL,NULL,NULL,'2017-10-30 01:52:42',NULL,0,NULL,NULL,378,0,NULL,'1509328362523.jpg',NULL,'passets/fee41cc3601b4c2c89247a32018bc65b/2017/10/30/1509328362523.jpg','fee41cc3601b4c2c89247a32018bc65b','D:\\images\\passets\\fee41cc3601b4c2c89247a32018bc65b\\2017\\10\\30\\1509328362523.jpg',NULL,NULL,'detail'),('d3798523b63642fe8ef19d0ec3f0b7a7',NULL,NULL,NULL,'2017-10-30 01:38:20',NULL,0,NULL,NULL,297,0,NULL,'1509327500515.jpg',NULL,'passets/74c2c1344a6443c8935d46c11009f0b9/2017/10/30/1509327500515.jpg','74c2c1344a6443c8935d46c11009f0b9','D:\\images\\passets\\74c2c1344a6443c8935d46c11009f0b9\\2017\\10\\30\\1509327500515.jpg',NULL,NULL,'detail'),('d3b40a4e93ec4023881bb4fe2b4aa0c6',NULL,NULL,NULL,'2017-10-30 01:52:45',NULL,0,NULL,NULL,390,0,NULL,'1509328364957.jpg',NULL,'passets/fee41cc3601b4c2c89247a32018bc65b/2017/10/30/1509328364957.jpg','fee41cc3601b4c2c89247a32018bc65b','D:\\images\\passets\\fee41cc3601b4c2c89247a32018bc65b\\2017\\10\\30\\1509328364957.jpg',NULL,NULL,'detail'),('d3e55549dd704f5aa989843ad759d17f',NULL,NULL,NULL,'2017-10-30 04:29:58',NULL,0,NULL,NULL,628,0,NULL,'1509337798165.jpg',NULL,'passets/335792e6f955482ba3f9376902c6c203/2017/10/30/1509337798165.jpg','335792e6f955482ba3f9376902c6c203','D:\\images\\passets\\335792e6f955482ba3f9376902c6c203\\2017\\10\\30\\1509337798165.jpg',NULL,NULL,'detail'),('d40595d493b444fc9fd8e122e13afaa5',NULL,NULL,NULL,'2017-10-30 01:40:09',NULL,0,NULL,NULL,337,0,NULL,'1509327609125.jpg',NULL,'passets/1902d78c88654580ba0b61fb842f3acc/2017/10/30/1509327609125.jpg','1902d78c88654580ba0b61fb842f3acc','D:\\images\\passets\\1902d78c88654580ba0b61fb842f3acc\\2017\\10\\30\\1509327609125.jpg',NULL,NULL,'detail'),('d42d4fce5c624c7aaccf3711d4616d30',NULL,NULL,NULL,'2017-10-30 01:58:42',NULL,0,NULL,NULL,433,0,NULL,'1509328722323.jpg',NULL,'passets/c361b1f813934de1abec22875e503e5e/2017/10/30/1509328722323.jpg','c361b1f813934de1abec22875e503e5e','D:\\images\\passets\\c361b1f813934de1abec22875e503e5e\\2017\\10\\30\\1509328722323.jpg',NULL,NULL,'detail'),('d5c650f25a334066be8236c4d72d4435',NULL,NULL,NULL,'2017-10-30 00:55:08',NULL,0,NULL,NULL,224,0,NULL,'1509324908441.jpg',NULL,'passets/856797c8a0ec40459de96563130f4395/2017/10/30/1509324908441.jpg','856797c8a0ec40459de96563130f4395','D:\\images\\passets\\856797c8a0ec40459de96563130f4395\\2017\\10\\30\\1509324908441.jpg',NULL,NULL,'detail'),('d681d44741d54745bf611345a3237722',NULL,NULL,NULL,'2017-10-30 04:29:59',NULL,0,NULL,NULL,632,0,NULL,'1509337798958.jpg',NULL,'passets/335792e6f955482ba3f9376902c6c203/2017/10/30/1509337798958.jpg','335792e6f955482ba3f9376902c6c203','D:\\images\\passets\\335792e6f955482ba3f9376902c6c203\\2017\\10\\30\\1509337798958.jpg',NULL,NULL,'detail'),('d6b8c2b535f54bdf88c534a83997b211',NULL,NULL,NULL,'2017-10-30 04:26:24',NULL,0,NULL,NULL,546,0,NULL,'1509337583736.jpg',NULL,'passets/804b0718ee144baab6f4e5174144ddbb/2017/10/30/1509337583736.jpg','804b0718ee144baab6f4e5174144ddbb','D:\\images\\passets\\804b0718ee144baab6f4e5174144ddbb\\2017\\10\\30\\1509337583736.jpg',NULL,NULL,'detail'),('d6d8b893ab4f4de98a481af49a9163d8',NULL,NULL,NULL,'2017-10-30 01:52:40',NULL,0,NULL,NULL,368,0,NULL,'1509328360178.jpg',NULL,'passets/fee41cc3601b4c2c89247a32018bc65b/2017/10/30/1509328360178.jpg','fee41cc3601b4c2c89247a32018bc65b','D:\\images\\passets\\fee41cc3601b4c2c89247a32018bc65b\\2017\\10\\30\\1509328360178.jpg',NULL,NULL,'detail'),('d6dd396c529f4b4f9020c093750cd410',NULL,NULL,NULL,'2017-10-30 04:29:54',NULL,0,NULL,NULL,609,0,NULL,'1509337794104.jpg',NULL,'passets/335792e6f955482ba3f9376902c6c203/2017/10/30/1509337794104.jpg','335792e6f955482ba3f9376902c6c203','D:\\images\\passets\\335792e6f955482ba3f9376902c6c203\\2017\\10\\30\\1509337794104.jpg',NULL,NULL,'detail'),('d8314dd99f15403eaf0484c5ac8dc027',NULL,NULL,NULL,'2017-10-30 01:40:08',NULL,0,NULL,NULL,332,0,NULL,'1509327608304.jpg',NULL,'passets/1902d78c88654580ba0b61fb842f3acc/2017/10/30/1509327608304.jpg','1902d78c88654580ba0b61fb842f3acc','D:\\images\\passets\\1902d78c88654580ba0b61fb842f3acc\\2017\\10\\30\\1509327608304.jpg',NULL,NULL,'detail'),('d86c5ac8983f4e8f8bcd00b609a51833',NULL,NULL,NULL,'2017-10-30 04:27:31',NULL,0,NULL,NULL,564,0,NULL,'1509337651539.jpg',NULL,'passets/0a18fdf641d0477a810444385ad43337/2017/10/30/1509337651539.jpg','0a18fdf641d0477a810444385ad43337','D:\\images\\passets\\0a18fdf641d0477a810444385ad43337\\2017\\10\\30\\1509337651539.jpg',NULL,NULL,'detail'),('d8c29590c76c44a4a1e20fb1c53154e2',NULL,NULL,NULL,'2017-10-30 02:51:56',NULL,0,NULL,NULL,501,0,NULL,'1509331915917.jpg',NULL,'passets/f601a70fccef4e57a92e6ecd1f8c44b9/2017/10/30/1509331915917.jpg','f601a70fccef4e57a92e6ecd1f8c44b9','D:\\images\\passets\\f601a70fccef4e57a92e6ecd1f8c44b9\\2017\\10\\30\\1509331915917.jpg',NULL,NULL,'detail'),('d9d56c999b6e471c9e062dad6b74f597',NULL,NULL,NULL,'2017-10-30 01:38:19',NULL,0,NULL,NULL,292,0,NULL,'1509327499150.jpg',NULL,'passets/74c2c1344a6443c8935d46c11009f0b9/2017/10/30/1509327499150.jpg','74c2c1344a6443c8935d46c11009f0b9','D:\\images\\passets\\74c2c1344a6443c8935d46c11009f0b9\\2017\\10\\30\\1509327499150.jpg',NULL,NULL,'detail'),('da1db4b4532540a3b27cbb3337febd23',NULL,NULL,NULL,'2017-10-29 13:35:36',NULL,0,NULL,NULL,173,0,NULL,'1509284136125.jpg',NULL,'passets/ffc50c6468734d51a7719c36e581e932/2017/10/29/1509284136125.jpg','ffc50c6468734d51a7719c36e581e932','D:\\images\\passets\\ffc50c6468734d51a7719c36e581e932\\2017\\10\\29\\1509284136125.jpg',NULL,NULL,'detail'),('db1d32a495a24d75842b275a69f29b81',NULL,NULL,NULL,'2017-10-30 01:38:11',NULL,0,NULL,NULL,279,0,NULL,'1509327491368.jpg',NULL,'passets/74c2c1344a6443c8935d46c11009f0b9/2017/10/30/1509327491368.jpg','74c2c1344a6443c8935d46c11009f0b9','D:\\images\\passets\\74c2c1344a6443c8935d46c11009f0b9\\2017\\10\\30\\1509327491368.jpg',NULL,NULL,'detail'),('dbb22d8116e14ca69ee36418ac5f7ab5',NULL,NULL,NULL,'2017-10-30 04:26:18',NULL,0,NULL,NULL,523,0,NULL,'1509337578559.jpg',NULL,'passets/804b0718ee144baab6f4e5174144ddbb/2017/10/30/1509337578559.jpg','804b0718ee144baab6f4e5174144ddbb','D:\\images\\passets\\804b0718ee144baab6f4e5174144ddbb\\2017\\10\\30\\1509337578559.jpg',NULL,NULL,'detail'),('ddac2222a3264c9199d3a44fc9a71cc2',NULL,NULL,NULL,'2017-10-30 01:58:40',NULL,0,NULL,NULL,423,0,NULL,'1509328720828.jpg',NULL,'passets/c361b1f813934de1abec22875e503e5e/2017/10/30/1509328720828.jpg','c361b1f813934de1abec22875e503e5e','D:\\images\\passets\\c361b1f813934de1abec22875e503e5e\\2017\\10\\30\\1509328720828.jpg',NULL,NULL,'detail'),('de734f2558e84c6a892e3b9dd9b29097',NULL,NULL,NULL,'2017-10-30 04:29:59',NULL,0,NULL,NULL,636,0,NULL,'1509337799683.jpg',NULL,'passets/335792e6f955482ba3f9376902c6c203/2017/10/30/1509337799683.jpg','335792e6f955482ba3f9376902c6c203','D:\\images\\passets\\335792e6f955482ba3f9376902c6c203\\2017\\10\\30\\1509337799683.jpg',NULL,NULL,'swiper'),('de85c2753ed34e8395ba39faf0fb9999',NULL,NULL,NULL,'2017-10-30 02:51:52',NULL,0,NULL,NULL,481,0,NULL,'1509331912260.jpg',NULL,'passets/f601a70fccef4e57a92e6ecd1f8c44b9/2017/10/30/1509331912260.jpg','f601a70fccef4e57a92e6ecd1f8c44b9','D:\\images\\passets\\f601a70fccef4e57a92e6ecd1f8c44b9\\2017\\10\\30\\1509331912260.jpg',NULL,NULL,'detail'),('de93f03890a04daea7f91396e59e3581',NULL,NULL,NULL,'2017-10-30 02:52:14',NULL,0,NULL,NULL,508,0,NULL,'1509331934672.jpg',NULL,'passets/f601a70fccef4e57a92e6ecd1f8c44b9/2017/10/30/1509331934672.jpg','f601a70fccef4e57a92e6ecd1f8c44b9','D:\\images\\passets\\f601a70fccef4e57a92e6ecd1f8c44b9\\2017\\10\\30\\1509331934672.jpg',NULL,NULL,'swiper'),('de9a609dd39641e1a4284d747ae45a74',NULL,NULL,NULL,'2017-10-30 04:29:59',NULL,0,NULL,NULL,637,0,NULL,'1509337799764.jpg',NULL,'passets/335792e6f955482ba3f9376902c6c203/2017/10/30/1509337799764.jpg','335792e6f955482ba3f9376902c6c203','D:\\images\\passets\\335792e6f955482ba3f9376902c6c203\\2017\\10\\30\\1509337799764.jpg',NULL,NULL,'swiper'),('deecab3c542246028ad714d807e62625',NULL,NULL,NULL,'2017-10-30 01:58:42',NULL,0,NULL,NULL,435,0,NULL,'1509328722565.jpg',NULL,'passets/c361b1f813934de1abec22875e503e5e/2017/10/30/1509328722565.jpg','c361b1f813934de1abec22875e503e5e','D:\\images\\passets\\c361b1f813934de1abec22875e503e5e\\2017\\10\\30\\1509328722565.jpg',NULL,NULL,'detail'),('df21101956a040a18f9f7aa4ad14696c',NULL,NULL,NULL,'2017-10-30 01:58:43',NULL,0,NULL,NULL,441,0,NULL,'1509328723532.jpg',NULL,'passets/c361b1f813934de1abec22875e503e5e/2017/10/30/1509328723532.jpg','c361b1f813934de1abec22875e503e5e','D:\\images\\passets\\c361b1f813934de1abec22875e503e5e\\2017\\10\\30\\1509328723532.jpg',NULL,NULL,'detail'),('dfef1b4466734a50a073913ac5d120cf',NULL,NULL,NULL,'2017-10-30 01:49:55',NULL,0,NULL,NULL,347,0,NULL,'1509328194766.jpg',NULL,'passets/66ff3df6bec14d2bb3a7a53b8bac76fb/2017/10/30/1509328194766.jpg','66ff3df6bec14d2bb3a7a53b8bac76fb','D:\\images\\passets\\66ff3df6bec14d2bb3a7a53b8bac76fb\\2017\\10\\30\\1509328194766.jpg',NULL,NULL,'detail'),('e02705e759264665a0537bf2e325303c',NULL,NULL,NULL,'2017-10-29 13:42:51',NULL,0,NULL,NULL,200,0,NULL,'1509284570869.jpg',NULL,'passets/2a98b034e5184e88bbb7b03bf19087ca/2017/10/29/1509284570869.jpg','2a98b034e5184e88bbb7b03bf19087ca','D:\\images\\passets\\2a98b034e5184e88bbb7b03bf19087ca\\2017\\10\\29\\1509284570869.jpg',NULL,NULL,'detail'),('e0a6efa1379d41f9ba7ed818eac336d6',NULL,NULL,NULL,'2017-10-30 01:40:03',NULL,0,NULL,NULL,308,0,NULL,'1509327600565.jpg',NULL,'passets/1902d78c88654580ba0b61fb842f3acc/2017/10/30/1509327600565.jpg','1902d78c88654580ba0b61fb842f3acc','D:\\images\\passets\\1902d78c88654580ba0b61fb842f3acc\\2017\\10\\30\\1509327600565.jpg',NULL,NULL,'detail'),('e0b40fb876b243a9a30c7187d59ab890',NULL,NULL,NULL,'2017-10-30 02:11:36',NULL,0,NULL,NULL,453,0,NULL,'1509329495820.jpg',NULL,'passets/d5d4a73895154388bd68953e8054ae37/2017/10/30/1509329495820.jpg','d5d4a73895154388bd68953e8054ae37','D:\\images\\passets\\d5d4a73895154388bd68953e8054ae37\\2017\\10\\30\\1509329495820.jpg',NULL,NULL,'detail'),('e0ee855ef51f4d539854ce69de8e2364',NULL,NULL,NULL,'2017-10-30 01:52:43',NULL,0,NULL,NULL,380,0,NULL,'1509328362864.jpg',NULL,'passets/fee41cc3601b4c2c89247a32018bc65b/2017/10/30/1509328362864.jpg','fee41cc3601b4c2c89247a32018bc65b','D:\\images\\passets\\fee41cc3601b4c2c89247a32018bc65b\\2017\\10\\30\\1509328362864.jpg',NULL,NULL,'detail'),('e14eecb403e04fb8aec136e76b41afd2',NULL,NULL,NULL,'2017-10-30 04:29:57',NULL,0,NULL,NULL,626,0,NULL,'1509337797874.jpg',NULL,'passets/335792e6f955482ba3f9376902c6c203/2017/10/30/1509337797874.jpg','335792e6f955482ba3f9376902c6c203','D:\\images\\passets\\335792e6f955482ba3f9376902c6c203\\2017\\10\\30\\1509337797874.jpg',NULL,NULL,'detail'),('e19af6d9e60948cfa89aa60663ddaf69',NULL,NULL,NULL,'2017-10-30 04:27:35',NULL,0,NULL,NULL,578,0,NULL,'1509337655665.jpg',NULL,'passets/0a18fdf641d0477a810444385ad43337/2017/10/30/1509337655665.jpg','0a18fdf641d0477a810444385ad43337','D:\\images\\passets\\0a18fdf641d0477a810444385ad43337\\2017\\10\\30\\1509337655665.jpg',NULL,NULL,'detail'),('e5b995c4837b4ec2b0079cf55cdce95c',NULL,NULL,NULL,'2017-10-30 01:38:19',NULL,0,NULL,NULL,291,0,NULL,'1509327498853.jpg',NULL,'passets/74c2c1344a6443c8935d46c11009f0b9/2017/10/30/1509327498853.jpg','74c2c1344a6443c8935d46c11009f0b9','D:\\images\\passets\\74c2c1344a6443c8935d46c11009f0b9\\2017\\10\\30\\1509327498853.jpg',NULL,NULL,'detail'),('e5bce06a4afa4e9f93c375ea84c8883b',NULL,NULL,NULL,'2017-10-30 04:29:54',NULL,0,NULL,NULL,608,0,NULL,'1509337793780.jpg',NULL,'passets/335792e6f955482ba3f9376902c6c203/2017/10/30/1509337793780.jpg','335792e6f955482ba3f9376902c6c203','D:\\images\\passets\\335792e6f955482ba3f9376902c6c203\\2017\\10\\30\\1509337793780.jpg',NULL,NULL,'detail'),('e89178d6f66347e287bd1527abcd2cd1',NULL,NULL,NULL,'2017-10-30 02:51:51',NULL,0,NULL,NULL,475,0,NULL,'1509331911127.jpg',NULL,'passets/f601a70fccef4e57a92e6ecd1f8c44b9/2017/10/30/1509331911127.jpg','f601a70fccef4e57a92e6ecd1f8c44b9','D:\\images\\passets\\f601a70fccef4e57a92e6ecd1f8c44b9\\2017\\10\\30\\1509331911127.jpg',NULL,NULL,'detail'),('ea5f484132784d0aa7bb8be7c2c0b830',NULL,NULL,NULL,'2017-10-29 13:35:27',NULL,0,NULL,NULL,160,0,NULL,'1509284127529.jpg',NULL,'passets/6dc0efe40a7147a1ab3bf055d9e32f88/2017/10/29/1509284127529.jpg','6dc0efe40a7147a1ab3bf055d9e32f88','D:\\images\\passets\\6dc0efe40a7147a1ab3bf055d9e32f88\\2017\\10\\29\\1509284127529.jpg',NULL,NULL,'detail'),('ec51a9ea21014adab3b2d2bda10b900a',NULL,NULL,NULL,'2017-10-30 01:50:00',NULL,0,NULL,NULL,361,0,NULL,'1509328200052.jpg',NULL,'passets/66ff3df6bec14d2bb3a7a53b8bac76fb/2017/10/30/1509328200052.jpg','66ff3df6bec14d2bb3a7a53b8bac76fb','D:\\images\\passets\\66ff3df6bec14d2bb3a7a53b8bac76fb\\2017\\10\\30\\1509328200052.jpg',NULL,NULL,'detail'),('ecac274b24934fbc98220975245979b1',NULL,NULL,NULL,'2017-10-30 02:51:56',NULL,0,NULL,NULL,503,0,NULL,'1509331916279.jpg',NULL,'passets/f601a70fccef4e57a92e6ecd1f8c44b9/2017/10/30/1509331916279.jpg','f601a70fccef4e57a92e6ecd1f8c44b9','D:\\images\\passets\\f601a70fccef4e57a92e6ecd1f8c44b9\\2017\\10\\30\\1509331916279.jpg',NULL,NULL,'detail'),('ed9cf7dc032b4369ac1b00cb218effb5',NULL,NULL,NULL,'2017-10-30 01:40:10',NULL,0,NULL,NULL,342,0,NULL,'1509327609949.jpg',NULL,'passets/1902d78c88654580ba0b61fb842f3acc/2017/10/30/1509327609949.jpg','1902d78c88654580ba0b61fb842f3acc','D:\\images\\passets\\1902d78c88654580ba0b61fb842f3acc\\2017\\10\\30\\1509327609949.jpg',NULL,NULL,'detail'),('edcfbaf017974206b9f0663228499ae5',NULL,NULL,NULL,'2017-10-30 04:29:55',NULL,0,NULL,NULL,613,0,NULL,'1509337795583.jpg',NULL,'passets/335792e6f955482ba3f9376902c6c203/2017/10/30/1509337795583.jpg','335792e6f955482ba3f9376902c6c203','D:\\images\\passets\\335792e6f955482ba3f9376902c6c203\\2017\\10\\30\\1509337795583.jpg',NULL,NULL,'detail'),('ee255b198b02494fb58bd3be8fc10b20',NULL,NULL,NULL,'2017-10-30 01:52:52',NULL,0,NULL,NULL,397,0,NULL,'1509328372010.jpg',NULL,'passets/fee41cc3601b4c2c89247a32018bc65b/2017/10/30/1509328372010.jpg','fee41cc3601b4c2c89247a32018bc65b','D:\\images\\passets\\fee41cc3601b4c2c89247a32018bc65b\\2017\\10\\30\\1509328372010.jpg',NULL,NULL,'detail'),('ee2df684bbf14149a40096b8dcfe825e',NULL,NULL,NULL,'2017-10-30 04:27:41',NULL,0,NULL,NULL,595,0,NULL,'1509337661257.jpg',NULL,'passets/0a18fdf641d0477a810444385ad43337/2017/10/30/1509337661257.jpg','0a18fdf641d0477a810444385ad43337','D:\\images\\passets\\0a18fdf641d0477a810444385ad43337\\2017\\10\\30\\1509337661257.jpg',NULL,NULL,'swiper'),('ee32b8813a704a17a1d71f66edfb0818',NULL,NULL,NULL,'2017-10-30 01:52:42',NULL,0,NULL,NULL,375,0,NULL,'1509328361889.jpg',NULL,'passets/fee41cc3601b4c2c89247a32018bc65b/2017/10/30/1509328361889.jpg','fee41cc3601b4c2c89247a32018bc65b','D:\\images\\passets\\fee41cc3601b4c2c89247a32018bc65b\\2017\\10\\30\\1509328361889.jpg',NULL,NULL,'detail'),('eeb557a2315349de9318ca7e4f7dd163',NULL,NULL,NULL,'2017-10-30 01:39:57',NULL,0,NULL,NULL,307,0,NULL,'1509327584190.jpg',NULL,'passets/1902d78c88654580ba0b61fb842f3acc/2017/10/30/1509327584190.jpg','1902d78c88654580ba0b61fb842f3acc','D:\\images\\passets\\1902d78c88654580ba0b61fb842f3acc\\2017\\10\\30\\1509327584190.jpg',NULL,NULL,'prop'),('eedfa45d714940d4a150a0659f396e0d',NULL,NULL,NULL,'2017-10-30 01:38:10',NULL,0,NULL,NULL,276,0,NULL,'1509327490716.jpg',NULL,'passets/74c2c1344a6443c8935d46c11009f0b9/2017/10/30/1509327490716.jpg','74c2c1344a6443c8935d46c11009f0b9','D:\\images\\passets\\74c2c1344a6443c8935d46c11009f0b9\\2017\\10\\30\\1509327490716.jpg',NULL,NULL,'detail'),('eeec9e0633ad4fdfa1576940b44289cc',NULL,NULL,NULL,'2017-10-30 01:49:55',NULL,0,NULL,NULL,350,0,NULL,'1509328195638.jpg',NULL,'passets/66ff3df6bec14d2bb3a7a53b8bac76fb/2017/10/30/1509328195638.jpg','66ff3df6bec14d2bb3a7a53b8bac76fb','D:\\images\\passets\\66ff3df6bec14d2bb3a7a53b8bac76fb\\2017\\10\\30\\1509328195638.jpg',NULL,NULL,'detail'),('ef76658e24774894a693ed5c74546a5a',NULL,NULL,NULL,'2017-10-30 01:52:45',NULL,0,NULL,NULL,392,0,NULL,'1509328365327.jpg',NULL,'passets/fee41cc3601b4c2c89247a32018bc65b/2017/10/30/1509328365327.jpg','fee41cc3601b4c2c89247a32018bc65b','D:\\images\\passets\\fee41cc3601b4c2c89247a32018bc65b\\2017\\10\\30\\1509328365327.jpg',NULL,NULL,'detail'),('f09364413c964afc98262bdc726c4da3',NULL,NULL,NULL,'2017-10-29 13:35:39',NULL,0,NULL,NULL,185,0,NULL,'1509284139740.jpg',NULL,'passets/ffc50c6468734d51a7719c36e581e932/2017/10/29/1509284139740.jpg','ffc50c6468734d51a7719c36e581e932','D:\\images\\passets\\ffc50c6468734d51a7719c36e581e932\\2017\\10\\29\\1509284139740.jpg',NULL,NULL,'detail'),('f15f811332674b18b3fcaa75c9a39f01',NULL,NULL,NULL,'2017-10-30 01:58:43',NULL,0,NULL,NULL,438,0,NULL,'1509328722952.jpg',NULL,'passets/c361b1f813934de1abec22875e503e5e/2017/10/30/1509328722952.jpg','c361b1f813934de1abec22875e503e5e','D:\\images\\passets\\c361b1f813934de1abec22875e503e5e\\2017\\10\\30\\1509328722952.jpg',NULL,NULL,'detail'),('f18af4c64a184870acf8e1dacf31ad81',NULL,NULL,NULL,'2017-10-29 13:42:47',NULL,0,NULL,NULL,190,0,NULL,'1509284566795.jpg',NULL,'passets/2a98b034e5184e88bbb7b03bf19087ca/2017/10/29/1509284566795.jpg','2a98b034e5184e88bbb7b03bf19087ca','D:\\images\\passets\\2a98b034e5184e88bbb7b03bf19087ca\\2017\\10\\29\\1509284566795.jpg',NULL,NULL,'detail'),('f1c38d86fc9b45469c48a423c2992020',NULL,NULL,NULL,'2017-10-30 01:52:43',NULL,0,NULL,NULL,385,0,NULL,'1509328363638.jpg',NULL,'passets/fee41cc3601b4c2c89247a32018bc65b/2017/10/30/1509328363638.jpg','fee41cc3601b4c2c89247a32018bc65b','D:\\images\\passets\\fee41cc3601b4c2c89247a32018bc65b\\2017\\10\\30\\1509328363638.jpg',NULL,NULL,'detail'),('f46f9ea095034ad29d9d71ce20a12d84',NULL,NULL,NULL,'2017-10-30 04:29:57',NULL,0,NULL,NULL,624,0,NULL,'1509337797625.jpg',NULL,'passets/335792e6f955482ba3f9376902c6c203/2017/10/30/1509337797625.jpg','335792e6f955482ba3f9376902c6c203','D:\\images\\passets\\335792e6f955482ba3f9376902c6c203\\2017\\10\\30\\1509337797625.jpg',NULL,NULL,'detail'),('f485a142b7394c0fb0d6151172793df1',NULL,NULL,NULL,'2017-10-30 01:38:13',NULL,0,NULL,NULL,281,0,NULL,'1509327491776.jpg',NULL,'passets/74c2c1344a6443c8935d46c11009f0b9/2017/10/30/1509327491776.jpg','74c2c1344a6443c8935d46c11009f0b9','D:\\images\\passets\\74c2c1344a6443c8935d46c11009f0b9\\2017\\10\\30\\1509327491776.jpg',NULL,NULL,'detail'),('f49ab4ea73ca4683a52a38ffcf3d0ad7',NULL,NULL,NULL,'2017-10-30 01:49:59',NULL,0,NULL,NULL,358,0,NULL,'1509328199162.jpg',NULL,'passets/66ff3df6bec14d2bb3a7a53b8bac76fb/2017/10/30/1509328199162.jpg','66ff3df6bec14d2bb3a7a53b8bac76fb','D:\\images\\passets\\66ff3df6bec14d2bb3a7a53b8bac76fb\\2017\\10\\30\\1509328199162.jpg',NULL,NULL,'detail'),('f4a2a645cbf14dcb993c9fe7e91e167f',NULL,NULL,NULL,'2017-10-30 04:26:13',NULL,0,NULL,NULL,509,0,NULL,'1509337573426.jpg',NULL,'passets/804b0718ee144baab6f4e5174144ddbb/2017/10/30/1509337573426.jpg','804b0718ee144baab6f4e5174144ddbb','D:\\images\\passets\\804b0718ee144baab6f4e5174144ddbb\\2017\\10\\30\\1509337573426.jpg',NULL,NULL,'prop'),('f6377a8e2fd54c929385e8a16d9cd471',NULL,NULL,NULL,'2017-10-29 13:35:26',NULL,0,NULL,NULL,155,0,NULL,'1509284126434.jpg',NULL,'passets/6dc0efe40a7147a1ab3bf055d9e32f88/2017/10/29/1509284126434.jpg','6dc0efe40a7147a1ab3bf055d9e32f88','D:\\images\\passets\\6dc0efe40a7147a1ab3bf055d9e32f88\\2017\\10\\29\\1509284126434.jpg',NULL,NULL,'detail'),('f66bdd1e7cde4a4a9717d67ab8e5b631',NULL,NULL,NULL,'2017-10-29 13:42:46',NULL,0,NULL,NULL,189,0,NULL,'1509284566592.jpg',NULL,'passets/2a98b034e5184e88bbb7b03bf19087ca/2017/10/29/1509284566592.jpg','2a98b034e5184e88bbb7b03bf19087ca','D:\\images\\passets\\2a98b034e5184e88bbb7b03bf19087ca\\2017\\10\\29\\1509284566592.jpg',NULL,NULL,'detail'),('f7d708547df04129aea9536393fc074c',NULL,NULL,NULL,'2017-10-30 01:40:07',NULL,0,NULL,NULL,325,0,NULL,'1509327607112.jpg',NULL,'passets/1902d78c88654580ba0b61fb842f3acc/2017/10/30/1509327607112.jpg','1902d78c88654580ba0b61fb842f3acc','D:\\images\\passets\\1902d78c88654580ba0b61fb842f3acc\\2017\\10\\30\\1509327607112.jpg',NULL,NULL,'detail'),('f8858483f1d44e42873215f7aeea8440',NULL,NULL,NULL,'2017-10-30 02:11:39',NULL,0,NULL,NULL,461,0,NULL,'1509329499328.jpg',NULL,'passets/d5d4a73895154388bd68953e8054ae37/2017/10/30/1509329499328.jpg','d5d4a73895154388bd68953e8054ae37','D:\\images\\passets\\d5d4a73895154388bd68953e8054ae37\\2017\\10\\30\\1509329499328.jpg',NULL,NULL,'detail'),('f8a69a487f4b4c40a1f4df3cab45af35',NULL,NULL,NULL,'2017-10-30 01:38:17',NULL,0,NULL,NULL,283,0,NULL,'1509327497316.jpg',NULL,'passets/74c2c1344a6443c8935d46c11009f0b9/2017/10/30/1509327497316.jpg','74c2c1344a6443c8935d46c11009f0b9','D:\\images\\passets\\74c2c1344a6443c8935d46c11009f0b9\\2017\\10\\30\\1509327497316.jpg',NULL,NULL,'detail'),('f8d13dbe031f42ebb414e9247c618c58',NULL,NULL,NULL,'2017-10-30 01:52:51',NULL,0,NULL,NULL,394,0,NULL,'1509328365666.jpg',NULL,'passets/fee41cc3601b4c2c89247a32018bc65b/2017/10/30/1509328365666.jpg','fee41cc3601b4c2c89247a32018bc65b','D:\\images\\passets\\fee41cc3601b4c2c89247a32018bc65b\\2017\\10\\30\\1509328365666.jpg',NULL,NULL,'detail'),('f922ec25015c46209c1d5fe1ff29a829',NULL,NULL,NULL,'2017-10-30 04:27:38',NULL,0,NULL,NULL,585,0,NULL,'1509337657886.jpg',NULL,'passets/0a18fdf641d0477a810444385ad43337/2017/10/30/1509337657886.jpg','0a18fdf641d0477a810444385ad43337','D:\\images\\passets\\0a18fdf641d0477a810444385ad43337\\2017\\10\\30\\1509337657886.jpg',NULL,NULL,'detail'),('fa819b471dbc455ba49b924abeee32bd',NULL,NULL,NULL,'2017-10-30 04:26:24',NULL,0,NULL,NULL,547,0,NULL,'1509337584065.jpg',NULL,'passets/804b0718ee144baab6f4e5174144ddbb/2017/10/30/1509337584065.jpg','804b0718ee144baab6f4e5174144ddbb','D:\\images\\passets\\804b0718ee144baab6f4e5174144ddbb\\2017\\10\\30\\1509337584065.jpg',NULL,NULL,'detail'),('faf332f463c84bafb7515142bd29fbff',NULL,NULL,NULL,'2017-10-30 00:55:08',NULL,0,NULL,NULL,226,0,NULL,'1509324908644.jpg',NULL,'passets/856797c8a0ec40459de96563130f4395/2017/10/30/1509324908644.jpg','856797c8a0ec40459de96563130f4395','D:\\images\\passets\\856797c8a0ec40459de96563130f4395\\2017\\10\\30\\1509324908644.jpg',NULL,NULL,'detail'),('fb5b0e4c62b84f45b93e4400b694a2fa',NULL,NULL,NULL,'2017-10-30 04:29:51',NULL,0,NULL,NULL,597,0,NULL,'1509337790681.jpg',NULL,'passets/335792e6f955482ba3f9376902c6c203/2017/10/30/1509337790681.jpg','335792e6f955482ba3f9376902c6c203','D:\\images\\passets\\335792e6f955482ba3f9376902c6c203\\2017\\10\\30\\1509337790681.jpg',NULL,NULL,'prop'),('fdaff5e5120644149f0c2c74268e8d4e',NULL,NULL,NULL,'2017-10-30 00:55:03',NULL,0,NULL,NULL,213,0,NULL,'1509324902858.jpg',NULL,'passets/856797c8a0ec40459de96563130f4395/2017/10/30/1509324902858.jpg','856797c8a0ec40459de96563130f4395','D:\\images\\passets\\856797c8a0ec40459de96563130f4395\\2017\\10\\30\\1509324902858.jpg',NULL,NULL,'detail'),('fe8f918e50434a1092582ebae00c298d',NULL,NULL,NULL,'2017-10-30 04:26:18',NULL,0,NULL,NULL,522,0,NULL,'1509337578402.jpg',NULL,'passets/804b0718ee144baab6f4e5174144ddbb/2017/10/30/1509337578402.jpg','804b0718ee144baab6f4e5174144ddbb','D:\\images\\passets\\804b0718ee144baab6f4e5174144ddbb\\2017\\10\\30\\1509337578402.jpg',NULL,NULL,'detail'),('fed89f19c8d048c09d3c6a12544218f1',NULL,NULL,NULL,'2017-10-29 13:35:35',NULL,0,NULL,NULL,171,0,NULL,'1509284134813.jpg',NULL,'passets/ffc50c6468734d51a7719c36e581e932/2017/10/29/1509284134813.jpg','ffc50c6468734d51a7719c36e581e932','D:\\images\\passets\\ffc50c6468734d51a7719c36e581e932\\2017\\10\\29\\1509284134813.jpg',NULL,NULL,'detail'),('ff3a79cc3390471da286f30a3baa46c1',NULL,NULL,NULL,'2017-10-30 04:27:34',NULL,0,NULL,NULL,570,0,NULL,'1509337654350.jpg',NULL,'passets/0a18fdf641d0477a810444385ad43337/2017/10/30/1509337654350.jpg','0a18fdf641d0477a810444385ad43337','D:\\images\\passets\\0a18fdf641d0477a810444385ad43337\\2017\\10\\30\\1509337654350.jpg',NULL,NULL,'detail');
/*!40000 ALTER TABLE `pr_image` ENABLE KEYS */;
UNLOCK TABLES;

--
-- Table structure for table `pr_product`
--

DROP TABLE IF EXISTS `pr_product`;
/*!40101 SET @saved_cs_client     = @@character_set_client */;
/*!40101 SET character_set_client = utf8 */;
CREATE TABLE `pr_product` (
  `ID` varchar(120) NOT NULL,
  `CREATOR` varchar(120) DEFAULT NULL COMMENT '创建人',
  `ORG_ID` varchar(32) DEFAULT NULL COMMENT '组织结构表ID，该字段用于过滤数据，不做外键关联',
  `UPDATER` varchar(120) DEFAULT NULL COMMENT '更新人',
  `CREATE_DATE` timestamp NULL DEFAULT CURRENT_TIMESTAMP COMMENT '创建日期',
  `UPDATE_DATE` timestamp NULL DEFAULT NULL COMMENT '更新日期',
  `DISABLE` tinyint(1) DEFAULT '1' COMMENT '是否禁用，产品默认不可以用，必须经过审核',
  `START_TIME` timestamp NULL DEFAULT NULL COMMENT '开始时间，用于查询绑定',
  `END_TIME` timestamp NULL DEFAULT NULL COMMENT '结束时间，用于查询绑定',
  `SORT` int(11) NOT NULL AUTO_INCREMENT COMMENT '排序',
  `IS_DEFAULT` tinyint(1) DEFAULT '0' COMMENT '是否为默认，0：非，1：是',
  `EN_NAME` varchar(120) DEFAULT NULL COMMENT '英文名称',
  `NAME` varchar(120) DEFAULT NULL COMMENT '名称',
  `DESCRIPTION` varchar(1200) DEFAULT NULL COMMENT '描述',
  `ICON` varchar(1200) DEFAULT NULL COMMENT '图标',
  `KEYWORDS` varchar(120) DEFAULT NULL COMMENT '关键字',
  `THUMBNAIL` varchar(1200) DEFAULT NULL COMMENT '缩略图',
  `CODE` varchar(120) DEFAULT NULL COMMENT '代码',
  `CATEGORY_ID` varchar(120) DEFAULT NULL COMMENT '产品分类外键ID',
  `CONTENT` varchar(10000) DEFAULT NULL,
  `EN_CONTENT` varchar(3600) DEFAULT NULL COMMENT '英文内容',
  `ALLOW_DISTRIBUTION` tinyint(1) DEFAULT NULL COMMENT '是否允许分销',
  `DISTRIBUTION_VALUE` double DEFAULT NULL COMMENT '分销让利值,是指该商品允许分销以后,销售出去给分销者的钱',
  `SHOP_ID` varchar(120) DEFAULT NULL COMMENT '该商品所属的店',
  `USER_ID` varchar(32) DEFAULT NULL COMMENT '用户ID，本来通过shop_id可以通过查询SHOP表拿到用户ID，但是此处为了方便查询做了冗余',
  `PURCHASING_COST` double DEFAULT NULL COMMENT '进货价',
  `DIST_INTRUEDUTION` varchar(200) DEFAULT NULL COMMENT '分销介绍',
  `SUPPLIER_ID` varchar(32) DEFAULT NULL COMMENT '供应商ID',
  `GOURP_SALE_PRICE` double DEFAULT '0' COMMENT '团购价',
  `INDEPENDENT_PRICE` double DEFAULT NULL COMMENT '独立销售价',
  `NUMBER_COUNT` int(11) DEFAULT NULL COMMENT '开团人数',
  `AUDIT_DESCRIPTION` varchar(360) DEFAULT NULL COMMENT '审核原因，多条用“||”分割开，比如管理员觉得你图片质量非常差，打回去让你重新修改上架，这个时候修改数据库的时候，用“||”分割开来多个原因',
  `STORAGE` int(11) DEFAULT NULL COMMENT '库存',
  `STATUS` varchar(45) DEFAULT 'online' COMMENT '商品状态，上架或者下架，默认上架为：online，下架为offline',
  `MARKET_PRICE` double DEFAULT NULL COMMENT '市价或者划下价',
  `TRANSPORT_FEE` double DEFAULT NULL COMMENT '运费',
  `SHOP_NAME` varchar(120) DEFAULT NULL COMMENT '商店名称',
  `SHOP_ICON` varchar(120) DEFAULT NULL COMMENT '商标地址',
  `IS_SENT_UNPAY` int(11) DEFAULT NULL COMMENT '是否支持货到付款，1是，0否',
  `CHECK_STATUS` int(11) DEFAULT '0' COMMENT '审核状态，0未审核，1审核通过，2驳回',
  PRIMARY KEY (`ID`),
  KEY `SORT` (`SORT`),
  KEY `fk_product_category_idx` (`CATEGORY_ID`),
  KEY `FK_PRODUCT_SHOP_idx` (`SHOP_ID`),
  KEY `USER_ID_INDEX` (`USER_ID`),
  CONSTRAINT `fk_product_category` FOREIGN KEY (`CATEGORY_ID`) REFERENCES `pr_category` (`ID`) ON DELETE CASCADE ON UPDATE CASCADE,
  CONSTRAINT `FK_PRODUCT_SHOP` FOREIGN KEY (`SHOP_ID`) REFERENCES `shop` (`ID`) ON DELETE CASCADE ON UPDATE CASCADE
) ENGINE=InnoDB AUTO_INCREMENT=45 DEFAULT CHARSET=utf8 COMMENT='商品';
/*!40101 SET character_set_client = @saved_cs_client */;

--
-- Dumping data for table `pr_product`
--

LOCK TABLES `pr_product` WRITE;
/*!40000 ALTER TABLE `pr_product` DISABLE KEYS */;
INSERT INTO `pr_product` VALUES ('0a18fdf641d0477a810444385ad43337',NULL,NULL,NULL,'2017-10-30 04:27:28',NULL,1,NULL,NULL,43,0,NULL,'电脑双肩包_韩版防水商务电脑双肩包 男式双肩包旅行包学生','阿里巴巴森丰新款韩版休闲防水商务电脑双肩包 男式双肩包旅行包学生书包，双肩包，这里云集了众多的供应商，采购商，制造商。这是森丰新款韩版休闲防水商务电脑双肩包 男式双肩包旅行包学生书包的详细页面。货源类别:现货，是否库存:是，货号:v8051，是否支持分销:支持分销，加盟分销门槛:三星，箱包大小:中，包内部结构:电脑插袋,证件袋，开盖方式:拉链，适用性别:男，材质:牛津，有无防雨罩:无，型号:085，加工方式:软面，硬度:中偏硬，图案:纯色，风格:欧美风范，里料质地:涤棉，肩带根数:双根，流行元素:车缝线，提拎部件:软把，外袋种类:挖袋，箱包形状:竖款方型，最晚发货时间:3（天），颜色:黑色，产地:广州。我们还为您精选了双肩包公司黄页、行业资讯、价格行情、展会信息等，欲了解更多详细信息,请点击访问!',NULL,NULL,NULL,NULL,NULL,'&lt;p&gt;&lt;img id=&quot;a857cef4d2b5428bb8adab1435fc3f2b&quot; class=&quot;img-responsive&quot; src=&quot;http://zhihuiduo-admin.com/passets/0a18fdf641d0477a810444385ad43337/2017/10/30/1509337649273.jpg&quot;/&gt;&lt;img id=&quot;9eeac4b48f20425ea0983aed9bb6fa50&quot; class=&quot;img-responsive&quot; src=&quot;http://zhihuiduo-admin.com/passets/0a18fdf641d0477a810444385ad43337/2017/10/30/1509337649389.jpg&quot;/&gt;&lt;img id=&quot;a99e13c2d434495f82baea7daebf6e37&quot; class=&quot;img-responsive&quot; src=&quot;http://zhihuiduo-admin.com/passets/0a18fdf641d0477a810444385ad43337/2017/10/30/1509337649473.jpg&quot;/&gt;&lt;img id=&quot;42fb3f2d5a444b7eaf4c7478c5c54c35&quot; class=&quot;img-responsive&quot; src=&quot;http://zhihuiduo-admin.com/passets/0a18fdf641d0477a810444385ad43337/2017/10/30/1509337649640.jpg&quot;/&gt;&lt;img id=&quot;4122795192104077bdb3504b7ba2f100&quot; class=&quot;img-responsive&quot; src=&quot;http://zhihuiduo-admin.com/passets/0a18fdf641d0477a810444385ad43337/2017/10/30/1509337649987.jpg&quot;/&gt;&lt;img id=&quot;739470ef2b3549f69208dbb733f1257f&quot; class=&quot;img-responsive&quot; src=&quot;http://zhihuiduo-admin.com/passets/0a18fdf641d0477a810444385ad43337/2017/10/30/1509337650170.jpg&quot;/&gt;&lt;img id=&quot;61fb14194e2a4bb3b64376ba8b5e4c1a&quot; class=&quot;img-responsive&quot; src=&quot;http://zhihuiduo-admin.com/passets/0a18fdf641d0477a810444385ad43337/2017/10/30/1509337650535.jpg&quot;/&gt;&lt;img id=&quot;8ec76d5eae5d482193d09d635d15a3a5&quot; class=&quot;img-responsive&quot; src=&quot;http://zhihuiduo-admin.com/passets/0a18fdf641d0477a810444385ad43337/2017/10/30/1509337650784.jpg&quot;/&gt;&lt;img id=&quot;5b522f70d8984b4c97647f3b00769e28&quot; class=&quot;img-responsive&quot; src=&quot;http://zhihuiduo-admin.com/passets/0a18fdf641d0477a810444385ad43337/2017/10/30/1509337651116.jpg&quot;/&gt;&lt;img id=&quot;5a5ccdbf23ab4f6e9db4fb74b2ee7ea2&quot; class=&quot;img-responsive&quot; src=&quot;http://zhihuiduo-admin.com/passets/0a18fdf641d0477a810444385ad43337/2017/10/30/1509337651247.jpg&quot;/&gt;&lt;img id=&quot;d86c5ac8983f4e8f8bcd00b609a51833&quot; class=&quot;img-responsive&quot; src=&quot;http://zhihuiduo-admin.com/passets/0a18fdf641d0477a810444385ad43337/2017/10/30/1509337651539.jpg&quot;/&gt;&lt;img id=&quot;52135447c47340a591003e248daedec1&quot; class=&quot;img-responsive&quot; src=&quot;http://zhihuiduo-admin.com/passets/0a18fdf641d0477a810444385ad43337/2017/10/30/1509337652522.jpg&quot;/&gt;&lt;img id=&quot;a5047f68c7574df78949a4bc05ea39c5&quot; class=&quot;img-responsive&quot; src=&quot;http://zhihuiduo-admin.com/passets/0a18fdf641d0477a810444385ad43337/2017/10/30/1509337653195.jpg&quot;/&gt;&lt;img id=&quot;aa2669a751e34e07a83042a8c3979b59&quot; class=&quot;img-responsive&quot; src=&quot;http://zhihuiduo-admin.com/passets/0a18fdf641d0477a810444385ad43337/2017/10/30/1509337653534.jpg&quot;/&gt;&lt;img id=&quot;4b037651642f469c83cc2caa8f19711e&quot; class=&quot;img-responsive&quot; src=&quot;http://zhihuiduo-admin.com/passets/0a18fdf641d0477a810444385ad43337/2017/10/30/1509337653962.jpg&quot;/&gt;&lt;img id=&quot;08cb08865e2d44338558aafb466169f8&quot; class=&quot;img-responsive&quot; src=&quot;http://zhihuiduo-admin.com/passets/0a18fdf641d0477a810444385ad43337/2017/10/30/1509337654158.jpg&quot;/&gt;&lt;img id=&quot;ff3a79cc3390471da286f30a3baa46c1&quot; class=&quot;img-responsive&quot; src=&quot;http://zhihuiduo-admin.com/passets/0a18fdf641d0477a810444385ad43337/2017/10/30/1509337654350.jpg&quot;/&gt;&lt;img id=&quot;80d4ca68bb214bd39e2b16864514c7b8&quot; class=&quot;img-responsive&quot; src=&quot;http://zhihuiduo-admin.com/passets/0a18fdf641d0477a810444385ad43337/2017/10/30/1509337654489.jpg&quot;/&gt;&lt;img id=&quot;be67b0e4eadd4e0db3f74197b24e3579&quot; class=&quot;img-responsive&quot; src=&quot;http://zhihuiduo-admin.com/passets/0a18fdf641d0477a810444385ad43337/2017/10/30/1509337654614.jpg&quot;/&gt;&lt;img id=&quot;3a0b6159d75945d98a1e8c23d15ac838&quot; class=&quot;img-responsive&quot; src=&quot;http://zhihuiduo-admin.com/passets/0a18fdf641d0477a810444385ad43337/2017/10/30/1509337654739.jpg&quot;/&gt;&lt;img id=&quot;42fabeac7d604346b89e9a010bab5b42&quot; class=&quot;img-responsive&quot; src=&quot;http://zhihuiduo-admin.com/passets/0a18fdf641d0477a810444385ad43337/2017/10/30/1509337654860.jpg&quot;/&gt;&lt;img id=&quot;b4c779f649124ea5abcc178b7eef3cfa&quot; class=&quot;img-responsive&quot; src=&quot;http://zhihuiduo-admin.com/passets/0a18fdf641d0477a810444385ad43337/2017/10/30/1509337654989.jpg&quot;/&gt;&lt;img id=&quot;c6e6c86791434e76b97c2df7df3d2393&quot; class=&quot;img-responsive&quot; src=&quot;http://zhihuiduo-admin.com/passets/0a18fdf641d0477a810444385ad43337/2017/10/30/1509337655136.jpg&quot;/&gt;&lt;img id=&quot;88caf7fa24e7445884b9750879889a18&quot; class=&quot;img-responsive&quot; src=&quot;http://zhihuiduo-admin.com/passets/0a18fdf641d0477a810444385ad43337/2017/10/30/1509337655416.jpg&quot;/&gt;&lt;img id=&quot;e19af6d9e60948cfa89aa60663ddaf69&quot; class=&quot;img-responsive&quot; src=&quot;http://zhihuiduo-admin.com/passets/0a18fdf641d0477a810444385ad43337/2017/10/30/1509337655665.jpg&quot;/&gt;&lt;img id=&quot;78a036da163f4c25b35ea9ec62d6333f&quot; class=&quot;img-responsive&quot; src=&quot;http://zhihuiduo-admin.com/passets/0a18fdf641d0477a810444385ad43337/2017/10/30/1509337655834.jpg&quot;/&gt;&lt;img id=&quot;bdb6487fe1374179b2fcf722419cb225&quot; class=&quot;img-responsive&quot; src=&quot;http://zhihuiduo-admin.com/passets/0a18fdf641d0477a810444385ad43337/2017/10/30/1509337656008.jpg&quot;/&gt;&lt;img id=&quot;a6a364b0653a48f19e70aed41fb6ca5b&quot; class=&quot;img-responsive&quot; src=&quot;http://zhihuiduo-admin.com/passets/0a18fdf641d0477a810444385ad43337/2017/10/30/1509337656137.jpg&quot;/&gt;&lt;img id=&quot;2727716d34704c50b56aa3addb51fc9b&quot; class=&quot;img-responsive&quot; src=&quot;http://zhihuiduo-admin.com/passets/0a18fdf641d0477a810444385ad43337/2017/10/30/1509337656264.jpg&quot;/&gt;&lt;img id=&quot;609d0892c73e40b9ad16d5ca3d328cd6&quot; class=&quot;img-responsive&quot; src=&quot;http://zhihuiduo-admin.com/passets/0a18fdf641d0477a810444385ad43337/2017/10/30/1509337656386.jpg&quot;/&gt;&lt;img id=&quot;468f5d9cf2f040ddbc2fdfed2a3716cd&quot; class=&quot;img-responsive&quot; src=&quot;http://zhihuiduo-admin.com/passets/0a18fdf641d0477a810444385ad43337/2017/10/30/1509337657422.jpg&quot;/&gt;&lt;img id=&quot;f922ec25015c46209c1d5fe1ff29a829&quot; class=&quot;img-responsive&quot; src=&quot;http://zhihuiduo-admin.com/passets/0a18fdf641d0477a810444385ad43337/2017/10/30/1509337657886.jpg&quot;/&gt;&lt;img id=&quot;39ec2a7cb3db446eb06c130c2f1dc436&quot; class=&quot;img-responsive&quot; src=&quot;http://zhihuiduo-admin.com/passets/0a18fdf641d0477a810444385ad43337/2017/10/30/1509337658250.jpg&quot;/&gt;&lt;img id=&quot;55fdf5979b1744d686705196e266b854&quot; class=&quot;img-responsive&quot; src=&quot;http://zhihuiduo-admin.com/passets/0a18fdf641d0477a810444385ad43337/2017/10/30/1509337658607.jpg&quot;/&gt;&lt;img id=&quot;381620e9bd4549d09bd98d29109b7f23&quot; class=&quot;img-responsive&quot; src=&quot;http://zhihuiduo-admin.com/passets/0a18fdf641d0477a810444385ad43337/2017/10/30/1509337660111.jpg&quot;/&gt;&lt;img id=&quot;a7e29fbe173240ad9f9b270d1ba9ee73&quot; class=&quot;img-responsive&quot; src=&quot;http://zhihuiduo-admin.com/passets/0a18fdf641d0477a810444385ad43337/2017/10/30/1509337660331.jpg&quot;/&gt;&lt;img id=&quot;5662a8023fd844f392e264fe235b7aa0&quot; class=&quot;img-responsive&quot; src=&quot;http://zhihuiduo-admin.com/passets/0a18fdf641d0477a810444385ad43337/2017/10/30/1509337660528.jpg&quot;/&gt;&lt;img id=&quot;6b43d51110054ec8998698668bd6d07e&quot; class=&quot;img-responsive&quot; src=&quot;http://zhihuiduo-admin.com/passets/0a18fdf641d0477a810444385ad43337/2017/10/30/1509337660718.jpg&quot;/&gt;&lt;/p&gt;',NULL,NULL,NULL,NULL,NULL,60,NULL,NULL,0,NULL,NULL,NULL,NULL,'online',NULL,NULL,NULL,NULL,NULL,0),('150383670510593',NULL,NULL,NULL,'2017-08-27 12:26:34','2017-09-12 07:48:06',0,NULL,NULL,20,0,NULL,'【第2份减5元】攀枝花凯特芒果4斤（单果400-2000g）新鲜芒果非吉禄贵妃小台农金煌玉芒果','【坏果包赔】芒果属于后熟水果，根据发货地区不同，为确保果子运输途中不易损坏，一般发7-8成熟的果子，收到未熟（请放一个苹果和香蕉密封箱子，温度保持在20度左右，放软即可）芒果的表皮受季节和天气影响，出现花皮黑斑，花斑，是正常现象，这种斑点对果肉没有任何影响，因为近期发货量交大，黄皮和青皮我们随机发货，介意者慎拍！。益果汇小贴士，我们发货以后请及时跟踪物流到货及时签收，避免在快递存放太久损坏，收到水果如有坏果，请在24小时内联系我们客服。','passets/150383670510593/2017/9/6/1504670503364.jpeg',NULL,NULL,'mangguo','1504098903180','&lt;p&gt;&lt;br/&gt;&lt;/p&gt;&lt;p&gt;&lt;br/&gt;&lt;/p&gt;&lt;p&gt;&lt;img id=&quot;150520245439186&quot; src=&quot;/passets/2017/9/12/1505202454385.jpg&quot; class=&quot;img-responsive&quot;/&gt;&lt;/p&gt;&lt;p&gt;&lt;img id=&quot;150520245439186&quot; src=&quot;/passets/2017/9/12/1505202454385.jpg&quot; class=&quot;img-responsive&quot;/&gt;&lt;/p&gt;&lt;p&gt;&lt;img id=&quot;150520245439186&quot; src=&quot;/passets/2017/9/12/1505202454385.jpg&quot; class=&quot;img-responsive&quot;/&gt;&lt;/p&gt;&lt;p&gt;&lt;br/&gt;&lt;/p&gt;',NULL,1,1,'150375229485416',NULL,1,NULL,NULL,6,12,2,NULL,10001,'online',12,NULL,NULL,NULL,NULL,NULL),('1902d78c88654580ba0b61fb842f3acc',NULL,NULL,NULL,'2017-10-30 01:39:44',NULL,1,NULL,NULL,36,0,NULL,'电脑双肩包_韩版防水商务电脑双肩包 男式双肩包旅行包学生',NULL,NULL,NULL,NULL,NULL,NULL,'&lt;img id=&amp;quot;e0a6efa1379d41f9ba7ed818eac336d6&amp;quot; class=&amp;quot;img-responsive&amp;quot; src=&amp;quot;http://zhihuiduo-admin.compassets/1902d78c88654580ba0b61fb842f3acc/2017/10/30/1509327600565.jpg&amp;quot;/&gt;&lt;img id=&amp;quot;67c815f0855f41fb828d1cc96b8d9875&amp;quot; class=&amp;quot;img-responsive&amp;quot; src=&amp;quot;http://zhihuiduo-admin.compassets/1902d78c88654580ba0b61fb842f3acc/2017/10/30/1509327603306.jpg&amp;quot;/&gt;&lt;img id=&amp;quot;d122b186d7f14559b86521f4a8cae4ea&amp;quot; class=&amp;quot;img-responsive&amp;quot; src=&amp;quot;http://zhihuiduo-admin.compassets/1902d78c88654580ba0b61fb842f3acc/2017/10/30/1509327603455.jpg&amp;quot;/&gt;&lt;img id=&amp;quot;c7c0a0b87bb348a298122cfbab9adbbc&amp;quot; class=&amp;quot;img-responsive&amp;quot; src=&amp;quot;http://zhihuiduo-admin.compassets/1902d78c88654580ba0b61fb842f3acc/2017/10/30/1509327603701.jpg&amp;quot;/&gt;&lt;img id=&amp;quot;bfc29648d84644fcbe7408a495704efb&amp;quot; class=&amp;quot;img-responsive&amp;quot; src=&amp;quot;http://zhihuiduo-admin.compassets/1902d78c88654580ba0b61fb842f3acc/2017/10/30/1509327604142.jpg&amp;quot;/&gt;&lt;img id=&amp;quot;7a1b68e8b3af431192d4e9f70c3c21b8&amp;quot; class=&amp;quot;img-responsive&amp;quot; src=&amp;quot;http://zhihuiduo-admin.compassets/1902d78c88654580ba0b61fb842f3acc/2017/10/30/1509327604330.jpg&amp;quot;/&gt;&lt;img id=&amp;quot;2f7d89e7e3e04ff78db795796f1bb5a0&amp;quot; class=&amp;quot;img-responsive&amp;quot; src=&amp;quot;http://zhihuiduo-admin.compassets/1902d78c88654580ba0b61fb842f3acc/2017/10/30/1509327604520.jpg&amp;quot;/&gt;&lt;img id=&amp;quot;ba17234da6c54b3a80abdd888358e032&amp;quot; class=&amp;quot;img-responsive&amp;quot; src=&amp;quot;http://zhihuiduo-admin.compassets/1902d78c88654580ba0b61fb842f3acc/2017/10/30/1509327604702.jpg&amp;quot;/&gt;&lt;img id=&amp;quot;38bcbe2ec3f94a65a614f1ce95b91852&amp;quot; class=&amp;quot;img-responsive&amp;quot; src=&amp;quot;http://zhihuiduo-admin.compassets/1902d78c88654580ba0b61fb842f3acc/2017/10/30/1509327605060.jpg&amp;quot;/&gt;&lt;img id=&amp;quot;7b43b3bd400442b09ef32a6fae86b5fb&amp;quot; class=&amp;quot;img-responsive&amp;quot; src=&amp;quot;http://zhihuiduo-admin.compassets/1902d78c88654580ba0b61fb842f3acc/2017/10/30/1509327605247.jpg&amp;quot;/&gt;&lt;img id=&amp;quot;2271ec84cdd444f094c9741e2dd3c6fe&amp;quot; class=&amp;quot;img-responsive&amp;quot; src=&amp;quot;http://zhihuiduo-admin.compassets/1902d78c88654580ba0b61fb842f3acc/2017/10/30/1509327605405.jpg&amp;quot;/&gt;&lt;img id=&amp;quot;4f5dcfb976734a828799b0787b06c00b&amp;quot; class=&amp;quot;img-responsive&amp;quot; src=&amp;quot;http://zhihuiduo-admin.compassets/1902d78c88654580ba0b61fb842f3acc/2017/10/30/1509327605868.jpg&amp;quot;/&gt;&lt;img id=&amp;quot;ba422da7b0c24b9ba53bc7dd2440d294&amp;quot; class=&amp;quot;img-responsive&amp;quot; src=&amp;quot;http://zhihuiduo-admin.compassets/1902d78c88654580ba0b61fb842f3acc/2017/10/30/1509327606347.jpg&amp;quot;/&gt;&lt;img id=&amp;quot;545f93e44e9441459521d7769e6a79c5&amp;quot; class=&amp;quot;img-responsive&amp;quot; src=&amp;quot;http://zhihuiduo-admin.compassets/1902d78c88654580ba0b61fb842f3acc/2017/10/30/1509327606485.jpg&amp;quot;/&gt;&lt;img id=&amp;quot;68e2cbfbdb674526aefbdb5e1948e592&amp;quot; class=&amp;quot;img-responsive&amp;quot; src=&amp;quot;http://zhihuiduo-admin.compassets/1902d78c88654580ba0b61fb842f3acc/2017/10/30/1509327606657.jpg&amp;quot;/&gt;&lt;img id=&amp;quot;09acd7c215b64a6bb03bb68118e8c929&amp;quot; class=&amp;quot;img-responsive&amp;quot; src=&amp;quot;http://zhihuiduo-admin.compassets/1902d78c88654580ba0b61fb842f3acc/2017/10/30/1509327606795.jpg&amp;quot;/&gt;&lt;img id=&amp;quot;bdf9df4fd185403192b06afe72ed8fd0&amp;quot; class=&amp;quot;img-responsive&amp;quot; src=&amp;quot;http://zhihuiduo-admin.compassets/1902d78c88654580ba0b61fb842f3acc/2017/10/30/1509327606978.jpg&amp;quot;/&gt;&lt;img id=&amp;quot;f7d708547df04129aea9536393fc074c&amp;quot; class=&amp;quot;img-responsive&amp;quot; src=&amp;quot;http://zhihuiduo-admin.compassets/1902d78c88654580ba0b61fb842f3acc/2017/10/30/1509327607112.jpg&amp;quot;/&gt;&lt;img id=&amp;quot;14fc0a2e248a4b91839cec366c77594c&amp;quot; class=&amp;quot;img-responsive&amp;quot; src=&amp;quot;http://zhihuiduo-admin.compassets/1902d78c88654580ba0b61fb842f3acc/2017/10/30/1509327607236.jpg&amp;quot;/&gt;&lt;img id=&amp;quot;b80e16a63ba74c3484c9f01d894830b8&amp;quot; class=&amp;quot;img-responsive&amp;quot; src=&amp;quot;http://zhihuiduo-admin.compassets/1902d78c88654580ba0b61fb842f3acc/2017/10/30/1509327607432.jpg&amp;quot;/&gt;&lt;img id=&amp;quot;1538821c5dd04ec1b71e51bf1a920523&amp;quot; class=&amp;quot;img-responsive&amp;quot; src=&amp;quot;http://zhihuiduo-admin.compassets/1902d78c88654580ba0b61fb842f3acc/2017/10/30/1509327607563.jpg&amp;quot;/&gt;&lt;img id=&amp;quot;375b59c1bea442138af92b972c3706b7&amp;quot; class=&amp;quot;img-responsive&amp;quot; src=&amp;quot;http://zhihuiduo-admin.compassets/1902d78c88654580ba0b61fb842f3acc/2017/10/30/1509327607693.jpg&amp;quot;/&gt;&lt;img id=&amp;quot;0bf40e7f97904f2aacd4f8fd4ba323a3&amp;quot; class=&amp;quot;img-responsive&amp;quot; src=&amp;quot;http://zhihuiduo-admin.compassets/1902d78c88654580ba0b61fb842f3acc/2017/10/30/1509327607841.jpg&amp;quot;/&gt;&lt;img id=&amp;quot;8e64fed5b7164cd08567bc12256e5e77&amp;quot; class=&amp;quot;img-responsive&amp;quot; src=&amp;quot;http://zhihuiduo-admin.compassets/1902d78c88654580ba0b61fb842f3acc/2017/10/30/1509327608059.jpg&amp;quot;/&gt;&lt;img id=&amp;quot;d8314dd99f15403eaf0484c5ac8dc027&amp;quot; class=&amp;quot;img-responsive&amp;quot; src=&amp;quot;http://zhihuiduo-admin.compassets/1902d78c88654580ba0b61fb842f3acc/2017/10/30/1509327608304.jpg&amp;quot;/&gt;&lt;img id=&amp;quot;b75080034d7a40bcb3aa4a519c6b6753&amp;quot; class=&amp;quot;img-responsive&amp;quot; src=&amp;quot;http://zhihuiduo-admin.compassets/1902d78c88654580ba0b61fb842f3acc/2017/10/30/1509327608548.jpg&amp;quot;/&gt;&lt;img id=&amp;quot;7fb36028fea345c48dd9785851bf86e8&amp;quot; class=&amp;quot;img-responsive&amp;quot; src=&amp;quot;http://zhihuiduo-admin.compassets/1902d78c88654580ba0b61fb842f3acc/2017/10/30/1509327608739.jpg&amp;quot;/&gt;&lt;img id=&amp;quot;231afc90b9da4a10bd87f215a9e1234d&amp;quot; class=&amp;quot;img-responsive&amp;quot; src=&amp;quot;http://zhihuiduo-admin.compassets/1902d78c88654580ba0b61fb842f3acc/2017/10/30/1509327608873.jpg&amp;quot;/&gt;&lt;img id=&amp;quot;981a23d328a74053b639da4b61f68799&amp;quot; class=&amp;quot;img-responsive&amp;quot; src=&amp;quot;http://zhihuiduo-admin.compassets/1902d78c88654580ba0b61fb842f3acc/2017/10/30/1509327608997.jpg&amp;quot;/&gt;&lt;img id=&amp;quot;d40595d493b444fc9fd8e122e13afaa5&amp;quot; class=&amp;quot;img-responsive&amp;quot; src=&amp;quot;http://zhihuiduo-admin.compassets/1902d78c88654580ba0b61fb842f3acc/2017/10/30/1509327609125.jpg&amp;quot;/&gt;&lt;img id=&amp;quot;73a8661bed01430ab28d3b23581be8e2&amp;quot; class=&amp;quot;img-responsive&amp;quot; src=&amp;quot;http://zhihuiduo-admin.compassets/1902d78c88654580ba0b61fb842f3acc/2017/10/30/1509327609255.jpg&amp;quot;/&gt;&lt;img id=&amp;quot;597b042a76eb406ba10b978f59f8931e&amp;quot; class=&amp;quot;img-responsive&amp;quot; src=&amp;quot;http://zhihuiduo-admin.compassets/1902d78c88654580ba0b61fb842f3acc/2017/10/30/1509327609384.jpg&amp;quot;/&gt;&lt;img id=&amp;quot;5f4a7dbd37554d08a9428b71fe0c0d80&amp;quot; class=&amp;quot;img-responsive&amp;quot; src=&amp;quot;http://zhihuiduo-admin.compassets/1902d78c88654580ba0b61fb842f3acc/2017/10/30/1509327609535.jpg&amp;quot;/&gt;&lt;img id=&amp;quot;72852b1b27914549a38f6c07fe8c56db&amp;quot; class=&amp;quot;img-responsive&amp;quot; src=&amp;quot;http://zhihuiduo-admin.compassets/1902d78c88654580ba0b61fb842f3acc/2017/10/30/1509327609746.jpg&amp;quot;/&gt;&lt;img id=&amp;quot;ed9cf7dc032b4369ac1b00cb218effb5&amp;quot; class=&amp;quot;img-responsive&amp;quot; src=&amp;quot;http://zhihuiduo-admin.compassets/1902d78c88654580ba0b61fb842f3acc/2017/10/30/1509327609949.jpg&amp;quot;/&gt;&lt;img id=&amp;quot;cc2888b924f54da0a5d36c2f98e9a3b1&amp;quot; class=&amp;quot;img-responsive&amp;quot; src=&amp;quot;http://zhihuiduo-admin.compassets/1902d78c88654580ba0b61fb842f3acc/2017/10/30/1509327610122.jpg&amp;quot;/&gt;&lt;img id=&amp;quot;154021fa221c44308bd851a2332e778c&amp;quot; class=&amp;quot;img-responsive&amp;quot; src=&amp;quot;http://zhihuiduo-admin.compassets/1902d78c88654580ba0b61fb842f3acc/2017/10/30/1509327610303.jpg&amp;quot;/&gt;&lt;img id=&amp;quot;16d525bc9c3d4b3bb3384760347b39bb&amp;quot; class=&amp;quot;img-responsive&amp;quot; src=&amp;quot;http://zhihuiduo-admin.compassets/1902d78c88654580ba0b61fb842f3acc/2017/10/30/1509327610489.jpg&amp;quot;/&gt;',NULL,NULL,NULL,NULL,NULL,NULL,NULL,NULL,0,NULL,NULL,NULL,NULL,'online',NULL,NULL,NULL,NULL,NULL,0),('2a98b034e5184e88bbb7b03bf19087ca',NULL,NULL,NULL,'2017-10-29 13:42:44',NULL,1,NULL,NULL,32,0,NULL,NULL,NULL,NULL,NULL,NULL,NULL,NULL,NULL,NULL,NULL,NULL,NULL,NULL,NULL,NULL,NULL,0,NULL,NULL,NULL,NULL,'online',NULL,NULL,NULL,NULL,NULL,NULL),('2d5f06b29f8147cf92b8f8e211ebb3c8',NULL,NULL,NULL,'2017-10-29 13:22:41',NULL,1,NULL,NULL,27,0,NULL,NULL,NULL,NULL,NULL,NULL,NULL,NULL,NULL,NULL,NULL,NULL,NULL,NULL,NULL,NULL,NULL,0,NULL,NULL,NULL,NULL,'online',NULL,NULL,NULL,NULL,NULL,NULL),('335792e6f955482ba3f9376902c6c203',NULL,NULL,NULL,'2017-10-30 04:29:50',NULL,1,NULL,NULL,44,0,NULL,'电脑双肩包_韩版防水商务电脑双肩包 男式双肩包旅行包学生','阿里巴巴森丰新款韩版休闲防水商务电脑双肩包 男式双肩包旅行包学生书包，双肩包，这里云集了众多的供应商，采购商，制造商。这是森丰新款韩版休闲防水商务电脑双肩包 男式双肩包旅行包学生书包的详细页面。货源类别:现货，是否库存:是，货号:v8051，是否支持分销:支持分销，加盟分销门槛:三星，箱包大小:中，包内部结构:电脑插袋,证件袋，开盖方式:拉链，适用性别:男，材质:牛津，有无防雨罩:无，型号:085，加工方式:软面，硬度:中偏硬，图案:纯色，风格:欧美风范，里料质地:涤棉，肩带根数:双根，流行元素:车缝线，提拎部件:软把，外袋种类:挖袋，箱包形状:竖款方型，最晚发货时间:3（天），颜色:黑色，产地:广州。我们还为您精选了双肩包公司黄页、行业资讯、价格行情、展会信息等，欲了解更多详细信息,请点击访问!',NULL,NULL,NULL,NULL,NULL,'&lt;p&gt;&lt;img id=&quot;45dfde285495405d85619951eaea93aa&quot; class=&quot;img-responsive&quot; src=&quot;http://zhihuiduo-admin.com/passets/335792e6f955482ba3f9376902c6c203/2017/10/30/1509337791756.jpg&quot;/&gt;&lt;img id=&quot;304b2760272f4e69a239398855108c4b&quot; class=&quot;img-responsive&quot; src=&quot;http://zhihuiduo-admin.com/passets/335792e6f955482ba3f9376902c6c203/2017/10/30/1509337792009.jpg&quot;/&gt;&lt;img id=&quot;526861cc83134ce0a1033dcfb0acc4ab&quot; class=&quot;img-responsive&quot; src=&quot;http://zhihuiduo-admin.com/passets/335792e6f955482ba3f9376902c6c203/2017/10/30/1509337792134.jpg&quot;/&gt;&lt;img id=&quot;3aa237964e1c47f9b4486c501791af17&quot; class=&quot;img-responsive&quot; src=&quot;http://zhihuiduo-admin.com/passets/335792e6f955482ba3f9376902c6c203/2017/10/30/1509337792382.jpg&quot;/&gt;&lt;img id=&quot;1da05176616e409cb5aa64d6b595f971&quot; class=&quot;img-responsive&quot; src=&quot;http://zhihuiduo-admin.com/passets/335792e6f955482ba3f9376902c6c203/2017/10/30/1509337792627.jpg&quot;/&gt;&lt;img id=&quot;aa7d6ac4d2d7445891f82968fa36f989&quot; class=&quot;img-responsive&quot; src=&quot;http://zhihuiduo-admin.com/passets/335792e6f955482ba3f9376902c6c203/2017/10/30/1509337792893.jpg&quot;/&gt;&lt;img id=&quot;5bdec11873ac47ee981dc50c36ffe67d&quot; class=&quot;img-responsive&quot; src=&quot;http://zhihuiduo-admin.com/passets/335792e6f955482ba3f9376902c6c203/2017/10/30/1509337793070.jpg&quot;/&gt;&lt;img id=&quot;d28e712baf7e4527811f74f077295e29&quot; class=&quot;img-responsive&quot; src=&quot;http://zhihuiduo-admin.com/passets/335792e6f955482ba3f9376902c6c203/2017/10/30/1509337793327.jpg&quot;/&gt;&lt;img id=&quot;c295c145047a4a04ae7413c1f88d19f2&quot; class=&quot;img-responsive&quot; src=&quot;http://zhihuiduo-admin.com/passets/335792e6f955482ba3f9376902c6c203/2017/10/30/1509337793548.jpg&quot;/&gt;&lt;img id=&quot;24c2c9b6a2ee4b6b9abf086a116ac4e8&quot; class=&quot;img-responsive&quot; src=&quot;http://zhihuiduo-admin.com/passets/335792e6f955482ba3f9376902c6c203/2017/10/30/1509337793616.jpg&quot;/&gt;&lt;img id=&quot;e5bce06a4afa4e9f93c375ea84c8883b&quot; class=&quot;img-responsive&quot; src=&quot;http://zhihuiduo-admin.com/passets/335792e6f955482ba3f9376902c6c203/2017/10/30/1509337793780.jpg&quot;/&gt;&lt;img id=&quot;d6dd396c529f4b4f9020c093750cd410&quot; class=&quot;img-responsive&quot; src=&quot;http://zhihuiduo-admin.com/passets/335792e6f955482ba3f9376902c6c203/2017/10/30/1509337794104.jpg&quot;/&gt;&lt;img id=&quot;7a2c3e85cb0b4ac59519fba37ee0d478&quot; class=&quot;img-responsive&quot; src=&quot;http://zhihuiduo-admin.com/passets/335792e6f955482ba3f9376902c6c203/2017/10/30/1509337794469.jpg&quot;/&gt;&lt;img id=&quot;45a62c4b5fc0498dbb88526e61052d85&quot; class=&quot;img-responsive&quot; src=&quot;http://zhihuiduo-admin.com/passets/335792e6f955482ba3f9376902c6c203/2017/10/30/1509337794957.jpg&quot;/&gt;&lt;img id=&quot;711325555f6c4549bdf928c69b9d174b&quot; class=&quot;img-responsive&quot; src=&quot;http://zhihuiduo-admin.com/passets/335792e6f955482ba3f9376902c6c203/2017/10/30/1509337795292.jpg&quot;/&gt;&lt;img id=&quot;edcfbaf017974206b9f0663228499ae5&quot; class=&quot;img-responsive&quot; src=&quot;http://zhihuiduo-admin.com/passets/335792e6f955482ba3f9376902c6c203/2017/10/30/1509337795583.jpg&quot;/&gt;&lt;img id=&quot;152f4fc8ec3f4a74b8918b393afb7348&quot; class=&quot;img-responsive&quot; src=&quot;http://zhihuiduo-admin.com/passets/335792e6f955482ba3f9376902c6c203/2017/10/30/1509337795900.jpg&quot;/&gt;&lt;img id=&quot;530108b7f559426288e3d5f8c39d1cf6&quot; class=&quot;img-responsive&quot; src=&quot;http://zhihuiduo-admin.com/passets/335792e6f955482ba3f9376902c6c203/2017/10/30/1509337796031.jpg&quot;/&gt;&lt;img id=&quot;22bf4d81ee2e4bebb13015930dbee716&quot; class=&quot;img-responsive&quot; src=&quot;http://zhihuiduo-admin.com/passets/335792e6f955482ba3f9376902c6c203/2017/10/30/1509337796155.jpg&quot;/&gt;&lt;img id=&quot;9b146242d37f43fc88c56b16a771cda4&quot; class=&quot;img-responsive&quot; src=&quot;http://zhihuiduo-admin.com/passets/335792e6f955482ba3f9376902c6c203/2017/10/30/1509337796291.jpg&quot;/&gt;&lt;img id=&quot;7359dba2c8014ed6a0a7704b35b6806e&quot; class=&quot;img-responsive&quot; src=&quot;http://zhihuiduo-admin.com/passets/335792e6f955482ba3f9376902c6c203/2017/10/30/1509337796413.jpg&quot;/&gt;&lt;img id=&quot;621c5c054f414b7f81bc42f681b5a431&quot; class=&quot;img-responsive&quot; src=&quot;http://zhihuiduo-admin.com/passets/335792e6f955482ba3f9376902c6c203/2017/10/30/1509337796538.jpg&quot;/&gt;&lt;img id=&quot;1f331141837149479ea3338afd4d6eae&quot; class=&quot;img-responsive&quot; src=&quot;http://zhihuiduo-admin.com/passets/335792e6f955482ba3f9376902c6c203/2017/10/30/1509337796732.jpg&quot;/&gt;&lt;img id=&quot;602c77bf784b41fcbd4376cdef0cbbc1&quot; class=&quot;img-responsive&quot; src=&quot;http://zhihuiduo-admin.com/passets/335792e6f955482ba3f9376902c6c203/2017/10/30/1509337796937.jpg&quot;/&gt;&lt;img id=&quot;97449c9c0b794585bfd5f2d313e563a3&quot; class=&quot;img-responsive&quot; src=&quot;http://zhihuiduo-admin.com/passets/335792e6f955482ba3f9376902c6c203/2017/10/30/1509337797172.jpg&quot;/&gt;&lt;img id=&quot;bf92dde26f104d4a9a69603604eadaaa&quot; class=&quot;img-responsive&quot; src=&quot;http://zhihuiduo-admin.com/passets/335792e6f955482ba3f9376902c6c203/2017/10/30/1509337797362.jpg&quot;/&gt;&lt;img id=&quot;f46f9ea095034ad29d9d71ce20a12d84&quot; class=&quot;img-responsive&quot; src=&quot;http://zhihuiduo-admin.com/passets/335792e6f955482ba3f9376902c6c203/2017/10/30/1509337797625.jpg&quot;/&gt;&lt;img id=&quot;b689c9f186dc43c383d8fb58ddd9077a&quot; class=&quot;img-responsive&quot; src=&quot;http://zhihuiduo-admin.com/passets/335792e6f955482ba3f9376902c6c203/2017/10/30/1509337797748.jpg&quot;/&gt;&lt;img id=&quot;e14eecb403e04fb8aec136e76b41afd2&quot; class=&quot;img-responsive&quot; src=&quot;http://zhihuiduo-admin.com/passets/335792e6f955482ba3f9376902c6c203/2017/10/30/1509337797874.jpg&quot;/&gt;&lt;img id=&quot;65ea499bd395429d83dcf98a70ff486e&quot; class=&quot;img-responsive&quot; src=&quot;http://zhihuiduo-admin.com/passets/335792e6f955482ba3f9376902c6c203/2017/10/30/1509337797998.jpg&quot;/&gt;&lt;img id=&quot;d3e55549dd704f5aa989843ad759d17f&quot; class=&quot;img-responsive&quot; src=&quot;http://zhihuiduo-admin.com/passets/335792e6f955482ba3f9376902c6c203/2017/10/30/1509337798165.jpg&quot;/&gt;&lt;img id=&quot;2ba8732bd1e54f5a99330e69bb8c743c&quot; class=&quot;img-responsive&quot; src=&quot;http://zhihuiduo-admin.com/passets/335792e6f955482ba3f9376902c6c203/2017/10/30/1509337798375.jpg&quot;/&gt;&lt;img id=&quot;5e53c2ee06734ea0a8c7deda4e0752e7&quot; class=&quot;img-responsive&quot; src=&quot;http://zhihuiduo-admin.com/passets/335792e6f955482ba3f9376902c6c203/2017/10/30/1509337798523.jpg&quot;/&gt;&lt;img id=&quot;367e8c4e3c154afd998c1b8dcc25c8cb&quot; class=&quot;img-responsive&quot; src=&quot;http://zhihuiduo-admin.com/passets/335792e6f955482ba3f9376902c6c203/2017/10/30/1509337798747.jpg&quot;/&gt;&lt;img id=&quot;d681d44741d54745bf611345a3237722&quot; class=&quot;img-responsive&quot; src=&quot;http://zhihuiduo-admin.com/passets/335792e6f955482ba3f9376902c6c203/2017/10/30/1509337798958.jpg&quot;/&gt;&lt;img id=&quot;433b810bf092474fae6d00558e10fe21&quot; class=&quot;img-responsive&quot; src=&quot;http://zhihuiduo-admin.com/passets/335792e6f955482ba3f9376902c6c203/2017/10/30/1509337799132.jpg&quot;/&gt;&lt;img id=&quot;39c75bd913cd4d16b3a3347144023343&quot; class=&quot;img-responsive&quot; src=&quot;http://zhihuiduo-admin.com/passets/335792e6f955482ba3f9376902c6c203/2017/10/30/1509337799315.jpg&quot;/&gt;&lt;img id=&quot;af46d874dd694231a3742fa0dc686019&quot; class=&quot;img-responsive&quot; src=&quot;http://zhihuiduo-admin.com/passets/335792e6f955482ba3f9376902c6c203/2017/10/30/1509337799487.jpg&quot;/&gt;&lt;/p&gt;',NULL,NULL,NULL,NULL,NULL,60,NULL,NULL,0,NULL,NULL,NULL,NULL,'online',NULL,NULL,NULL,NULL,NULL,0),('5531ac3153fe43c58324af949fa20d0c',NULL,NULL,NULL,'2017-10-29 13:19:47',NULL,1,NULL,NULL,25,0,NULL,NULL,NULL,NULL,NULL,NULL,NULL,NULL,NULL,NULL,NULL,NULL,NULL,NULL,NULL,NULL,NULL,0,NULL,NULL,NULL,NULL,'online',NULL,NULL,NULL,NULL,NULL,NULL),('66ff3df6bec14d2bb3a7a53b8bac76fb',NULL,NULL,NULL,'2017-10-30 01:49:53',NULL,1,NULL,NULL,37,0,NULL,'电脑双肩包_韩版防水商务电脑双肩包 男式双肩包旅行包学生',NULL,NULL,NULL,NULL,NULL,NULL,'&lt;img id=&amp;quot;dfef1b4466734a50a073913ac5d120cf&amp;quot; class=&amp;quot;img-responsive&amp;quot; src=&amp;quot;http://zhihuiduo-admin.com/passets/66ff3df6bec14d2bb3a7a53b8bac76fb/2017/10/30/1509328194766.jpg&amp;quot;/&gt;&lt;img id=&amp;quot;87697693c596441683b510c557cda020&amp;quot; class=&amp;quot;img-responsive&amp;quot; src=&amp;quot;http://zhihuiduo-admin.com/passets/66ff3df6bec14d2bb3a7a53b8bac76fb/2017/10/30/1509328195272.jpg&amp;quot;/&gt;&lt;img id=&amp;quot;7d83a4e1ed6149ffb81797a95a00d36a&amp;quot; class=&amp;quot;img-responsive&amp;quot; src=&amp;quot;http://zhihuiduo-admin.com/passets/66ff3df6bec14d2bb3a7a53b8bac76fb/2017/10/30/1509328195393.jpg&amp;quot;/&gt;&lt;img id=&amp;quot;eeec9e0633ad4fdfa1576940b44289cc&amp;quot; class=&amp;quot;img-responsive&amp;quot; src=&amp;quot;http://zhihuiduo-admin.com/passets/66ff3df6bec14d2bb3a7a53b8bac76fb/2017/10/30/1509328195638.jpg&amp;quot;/&gt;&lt;img id=&amp;quot;1300f326a7374d4686a290e5a9fa12c9&amp;quot; class=&amp;quot;img-responsive&amp;quot; src=&amp;quot;http://zhihuiduo-admin.com/passets/66ff3df6bec14d2bb3a7a53b8bac76fb/2017/10/30/1509328195933.jpg&amp;quot;/&gt;&lt;img id=&amp;quot;82a5a070740f48d18592cbdddcac3073&amp;quot; class=&amp;quot;img-responsive&amp;quot; src=&amp;quot;http://zhihuiduo-admin.com/passets/66ff3df6bec14d2bb3a7a53b8bac76fb/2017/10/30/1509328196217.jpg&amp;quot;/&gt;&lt;img id=&amp;quot;1d840a0e175542688c115e729d259b95&amp;quot; class=&amp;quot;img-responsive&amp;quot; src=&amp;quot;http://zhihuiduo-admin.com/passets/66ff3df6bec14d2bb3a7a53b8bac76fb/2017/10/30/1509328196579.jpg&amp;quot;/&gt;&lt;img id=&amp;quot;2a5bd8684bd1400bb61fa195e16ca6e3&amp;quot; class=&amp;quot;img-responsive&amp;quot; src=&amp;quot;http://zhihuiduo-admin.com/passets/66ff3df6bec14d2bb3a7a53b8bac76fb/2017/10/30/1509328197399.jpg&amp;quot;/&gt;&lt;img id=&amp;quot;19b19fba99cd46419f073e8aa33dccd2&amp;quot; class=&amp;quot;img-responsive&amp;quot; src=&amp;quot;http://zhihuiduo-admin.com/passets/66ff3df6bec14d2bb3a7a53b8bac76fb/2017/10/30/1509328197791.jpg&amp;quot;/&gt;&lt;img id=&amp;quot;4aba867b59be403f82a8d5f2fd09dfc6&amp;quot; class=&amp;quot;img-responsive&amp;quot; src=&amp;quot;http://zhihuiduo-admin.com/passets/66ff3df6bec14d2bb3a7a53b8bac76fb/2017/10/30/1509328198337.jpg&amp;quot;/&gt;&lt;img id=&amp;quot;3f73509e4e694fd8b2f4e7e0d5621cca&amp;quot; class=&amp;quot;img-responsive&amp;quot; src=&amp;quot;http://zhihuiduo-admin.com/passets/66ff3df6bec14d2bb3a7a53b8bac76fb/2017/10/30/1509328198728.jpg&amp;quot;/&gt;&lt;img id=&amp;quot;f49ab4ea73ca4683a52a38ffcf3d0ad7&amp;quot; class=&amp;quot;img-responsive&amp;quot; src=&amp;quot;http://zhihuiduo-admin.com/passets/66ff3df6bec14d2bb3a7a53b8bac76fb/2017/10/30/1509328199162.jpg&amp;quot;/&gt;&lt;img id=&amp;quot;34cbd46a235846f9939ed88f68a1c115&amp;quot; class=&amp;quot;img-responsive&amp;quot; src=&amp;quot;http://zhihuiduo-admin.com/passets/66ff3df6bec14d2bb3a7a53b8bac76fb/2017/10/30/1509328199354.jpg&amp;quot;/&gt;&lt;img id=&amp;quot;8590071e57df45b39da9d0e48c45ad23&amp;quot; class=&amp;quot;img-responsive&amp;quot; src=&amp;quot;http://zhihuiduo-admin.com/passets/66ff3df6bec14d2bb3a7a53b8bac76fb/2017/10/30/1509328199537.jpg&amp;quot;/&gt;&lt;img id=&amp;quot;ec51a9ea21014adab3b2d2bda10b900a&amp;quot; class=&amp;quot;img-responsive&amp;quot; src=&amp;quot;http://zhihuiduo-admin.com/passets/66ff3df6bec14d2bb3a7a53b8bac76fb/2017/10/30/1509328200052.jpg&amp;quot;/&gt;&lt;img id=&amp;quot;8768829d9ba54a249be08e2182487927&amp;quot; class=&amp;quot;img-responsive&amp;quot; src=&amp;quot;http://zhihuiduo-admin.com/passets/66ff3df6bec14d2bb3a7a53b8bac76fb/2017/10/30/1509328200418.jpg&amp;quot;/&gt;&lt;img id=&amp;quot;17c36b2bf9ca4eaf98a7d619dbf3d1ae&amp;quot; class=&amp;quot;img-responsive&amp;quot; src=&amp;quot;http://zhihuiduo-admin.com/passets/66ff3df6bec14d2bb3a7a53b8bac76fb/2017/10/30/1509328200702.jpg&amp;quot;/&gt;&lt;img id=&amp;quot;a930469a84e64a33a6410aa20501a7c4&amp;quot; class=&amp;quot;img-responsive&amp;quot; src=&amp;quot;http://zhihuiduo-admin.com/passets/66ff3df6bec14d2bb3a7a53b8bac76fb/2017/10/30/1509328200904.jpg&amp;quot;/&gt;&lt;img id=&amp;quot;b767185bc71d4c04ac7c8560c1313328&amp;quot; class=&amp;quot;img-responsive&amp;quot; src=&amp;quot;http://zhihuiduo-admin.com/passets/66ff3df6bec14d2bb3a7a53b8bac76fb/2017/10/30/1509328201225.jpg&amp;quot;/&gt;',NULL,NULL,NULL,NULL,NULL,NULL,NULL,NULL,0,NULL,NULL,NULL,NULL,'online',NULL,NULL,NULL,NULL,NULL,0),('6dc0efe40a7147a1ab3bf055d9e32f88',NULL,NULL,NULL,'2017-10-29 13:35:20',NULL,1,NULL,NULL,30,0,NULL,NULL,NULL,NULL,NULL,NULL,NULL,NULL,NULL,NULL,NULL,NULL,NULL,NULL,NULL,NULL,NULL,0,NULL,NULL,NULL,NULL,'online',NULL,NULL,NULL,NULL,NULL,NULL),('74c2c1344a6443c8935d46c11009f0b9',NULL,NULL,NULL,'2017-10-30 01:35:58',NULL,1,NULL,NULL,35,0,NULL,'电脑双肩包_韩版防水商务电脑双肩包 男式双肩包旅行包学生',NULL,NULL,NULL,NULL,NULL,NULL,'&lt;img id=&amp;quot;82a502cf57bf468eb6f37990132ae225&amp;quot; class=&amp;quot;img-responsive&amp;quot; src=&amp;quot;http://zhihuiduo-admin.compassets/74c2c1344a6443c8935d46c11009f0b9/2017/10/30/1509327369589.jpg&amp;quot;/&gt;&lt;img id=&amp;quot;2d9c54164daa41f7a54302c49d82fa2c&amp;quot; class=&amp;quot;img-responsive&amp;quot; src=&amp;quot;http://zhihuiduo-admin.compassets/74c2c1344a6443c8935d46c11009f0b9/2017/10/30/1509327450254.jpg&amp;quot;/&gt;&lt;img id=&amp;quot;86e135ea787444e5828dadca609a2325&amp;quot; class=&amp;quot;img-responsive&amp;quot; src=&amp;quot;http://zhihuiduo-admin.compassets/74c2c1344a6443c8935d46c11009f0b9/2017/10/30/1509327483609.jpg&amp;quot;/&gt;&lt;img id=&amp;quot;557c5173490f4c649fea79e9156b6702&amp;quot; class=&amp;quot;img-responsive&amp;quot; src=&amp;quot;http://zhihuiduo-admin.compassets/74c2c1344a6443c8935d46c11009f0b9/2017/10/30/1509327488992.jpg&amp;quot;/&gt;&lt;img id=&amp;quot;0d19e951805f4dd9944d0f1d1692adfd&amp;quot; class=&amp;quot;img-responsive&amp;quot; src=&amp;quot;http://zhihuiduo-admin.compassets/74c2c1344a6443c8935d46c11009f0b9/2017/10/30/1509327489431.jpg&amp;quot;/&gt;&lt;img id=&amp;quot;0c70a078acc048f08530c4615767829b&amp;quot; class=&amp;quot;img-responsive&amp;quot; src=&amp;quot;http://zhihuiduo-admin.compassets/74c2c1344a6443c8935d46c11009f0b9/2017/10/30/1509327489942.jpg&amp;quot;/&gt;&lt;img id=&amp;quot;b6744e15b00345b09b92404095acb122&amp;quot; class=&amp;quot;img-responsive&amp;quot; src=&amp;quot;http://zhihuiduo-admin.compassets/74c2c1344a6443c8935d46c11009f0b9/2017/10/30/1509327490241.jpg&amp;quot;/&gt;&lt;img id=&amp;quot;eedfa45d714940d4a150a0659f396e0d&amp;quot; class=&amp;quot;img-responsive&amp;quot; src=&amp;quot;http://zhihuiduo-admin.compassets/74c2c1344a6443c8935d46c11009f0b9/2017/10/30/1509327490716.jpg&amp;quot;/&gt;&lt;img id=&amp;quot;aff00195eb3c41afb894a11bc11b84a8&amp;quot; class=&amp;quot;img-responsive&amp;quot; src=&amp;quot;http://zhihuiduo-admin.compassets/74c2c1344a6443c8935d46c11009f0b9/2017/10/30/1509327490961.jpg&amp;quot;/&gt;&lt;img id=&amp;quot;485b02aaa74648dd8c78639d80793f3a&amp;quot; class=&amp;quot;img-responsive&amp;quot; src=&amp;quot;http://zhihuiduo-admin.compassets/74c2c1344a6443c8935d46c11009f0b9/2017/10/30/1509327491047.jpg&amp;quot;/&gt;&lt;img id=&amp;quot;db1d32a495a24d75842b275a69f29b81&amp;quot; class=&amp;quot;img-responsive&amp;quot; src=&amp;quot;http://zhihuiduo-admin.compassets/74c2c1344a6443c8935d46c11009f0b9/2017/10/30/1509327491368.jpg&amp;quot;/&gt;&lt;img id=&amp;quot;421d791c5ae847dc9825b9d475753466&amp;quot; class=&amp;quot;img-responsive&amp;quot; src=&amp;quot;http://zhihuiduo-admin.compassets/74c2c1344a6443c8935d46c11009f0b9/2017/10/30/1509327491593.jpg&amp;quot;/&gt;&lt;img id=&amp;quot;f485a142b7394c0fb0d6151172793df1&amp;quot; class=&amp;quot;img-responsive&amp;quot; src=&amp;quot;http://zhihuiduo-admin.compassets/74c2c1344a6443c8935d46c11009f0b9/2017/10/30/1509327491776.jpg&amp;quot;/&gt;&lt;img id=&amp;quot;6d8d626a6fe141b5b506308e4e475863&amp;quot; class=&amp;quot;img-responsive&amp;quot; src=&amp;quot;http://zhihuiduo-admin.compassets/74c2c1344a6443c8935d46c11009f0b9/2017/10/30/1509327493067.jpg&amp;quot;/&gt;&lt;img id=&amp;quot;f8a69a487f4b4c40a1f4df3cab45af35&amp;quot; class=&amp;quot;img-responsive&amp;quot; src=&amp;quot;http://zhihuiduo-admin.compassets/74c2c1344a6443c8935d46c11009f0b9/2017/10/30/1509327497316.jpg&amp;quot;/&gt;&lt;img id=&amp;quot;6c4807b9a1f14016ba9d5565ecf1a12d&amp;quot; class=&amp;quot;img-responsive&amp;quot; src=&amp;quot;http://zhihuiduo-admin.compassets/74c2c1344a6443c8935d46c11009f0b9/2017/10/30/1509327497755.jpg&amp;quot;/&gt;&lt;img id=&amp;quot;7bdf6108ede24c6382258c690d134927&amp;quot; class=&amp;quot;img-responsive&amp;quot; src=&amp;quot;http://zhihuiduo-admin.compassets/74c2c1344a6443c8935d46c11009f0b9/2017/10/30/1509327498034.jpg&amp;quot;/&gt;&lt;img id=&amp;quot;334e8d4078c5431a8c71cbb6b08e08c7&amp;quot; class=&amp;quot;img-responsive&amp;quot; src=&amp;quot;http://zhihuiduo-admin.compassets/74c2c1344a6443c8935d46c11009f0b9/2017/10/30/1509327498170.jpg&amp;quot;/&gt;&lt;img id=&amp;quot;26548046ff054a898dc72d5d9e1b80c0&amp;quot; class=&amp;quot;img-responsive&amp;quot; src=&amp;quot;http://zhihuiduo-admin.compassets/74c2c1344a6443c8935d46c11009f0b9/2017/10/30/1509327498318.jpg&amp;quot;/&gt;&lt;img id=&amp;quot;75ea940e068047f1af6a810d670a6acb&amp;quot; class=&amp;quot;img-responsive&amp;quot; src=&amp;quot;http://zhihuiduo-admin.compassets/74c2c1344a6443c8935d46c11009f0b9/2017/10/30/1509327498448.jpg&amp;quot;/&gt;&lt;img id=&amp;quot;b903cc7a57404868b968ffa840873012&amp;quot; class=&amp;quot;img-responsive&amp;quot; src=&amp;quot;http://zhihuiduo-admin.compassets/74c2c1344a6443c8935d46c11009f0b9/2017/10/30/1509327498573.jpg&amp;quot;/&gt;&lt;img id=&amp;quot;b1ac635d87ce4b929be7f864737ec396&amp;quot; class=&amp;quot;img-responsive&amp;quot; src=&amp;quot;http://zhihuiduo-admin.compassets/74c2c1344a6443c8935d46c11009f0b9/2017/10/30/1509327498708.jpg&amp;quot;/&gt;&lt;img id=&amp;quot;e5b995c4837b4ec2b0079cf55cdce95c&amp;quot; class=&amp;quot;img-responsive&amp;quot; src=&amp;quot;http://zhihuiduo-admin.compassets/74c2c1344a6443c8935d46c11009f0b9/2017/10/30/1509327498853.jpg&amp;quot;/&gt;&lt;img id=&amp;quot;d9d56c999b6e471c9e062dad6b74f597&amp;quot; class=&amp;quot;img-responsive&amp;quot; src=&amp;quot;http://zhihuiduo-admin.compassets/74c2c1344a6443c8935d46c11009f0b9/2017/10/30/1509327499150.jpg&amp;quot;/&gt;&lt;img id=&amp;quot;69f6fb3399824908b2ebb0e08cbb3ff7&amp;quot; class=&amp;quot;img-responsive&amp;quot; src=&amp;quot;http://zhihuiduo-admin.compassets/74c2c1344a6443c8935d46c11009f0b9/2017/10/30/1509327499449.jpg&amp;quot;/&gt;&lt;img id=&amp;quot;2428c6b8e9c34664920d27f8737c3325&amp;quot; class=&amp;quot;img-responsive&amp;quot; src=&amp;quot;http://zhihuiduo-admin.compassets/74c2c1344a6443c8935d46c11009f0b9/2017/10/30/1509327499697.jpg&amp;quot;/&gt;&lt;img id=&amp;quot;91f083201c204aa88f3544a4334373ab&amp;quot; class=&amp;quot;img-responsive&amp;quot; src=&amp;quot;http://zhihuiduo-admin.compassets/74c2c1344a6443c8935d46c11009f0b9/2017/10/30/1509327500068.jpg&amp;quot;/&gt;&lt;img id=&amp;quot;1f9484ba40d44e45958fd6e13624682e&amp;quot; class=&amp;quot;img-responsive&amp;quot; src=&amp;quot;http://zhihuiduo-admin.compassets/74c2c1344a6443c8935d46c11009f0b9/2017/10/30/1509327500385.jpg&amp;quot;/&gt;&lt;img id=&amp;quot;d3798523b63642fe8ef19d0ec3f0b7a7&amp;quot; class=&amp;quot;img-responsive&amp;quot; src=&amp;quot;http://zhihuiduo-admin.compassets/74c2c1344a6443c8935d46c11009f0b9/2017/10/30/1509327500515.jpg&amp;quot;/&gt;&lt;img id=&amp;quot;2f42a72b55984e788358ff39f23ccaab&amp;quot; class=&amp;quot;img-responsive&amp;quot; src=&amp;quot;http://zhihuiduo-admin.compassets/74c2c1344a6443c8935d46c11009f0b9/2017/10/30/1509327500839.jpg&amp;quot;/&gt;&lt;img id=&amp;quot;9df5bc041df34842b21e4cd2c167e442&amp;quot; class=&amp;quot;img-responsive&amp;quot; src=&amp;quot;http://zhihuiduo-admin.compassets/74c2c1344a6443c8935d46c11009f0b9/2017/10/30/1509327501125.jpg&amp;quot;/&gt;&lt;img id=&amp;quot;4ee4c862fc2443a3b53cac5b4225fee4&amp;quot; class=&amp;quot;img-responsive&amp;quot; src=&amp;quot;http://zhihuiduo-admin.compassets/74c2c1344a6443c8935d46c11009f0b9/2017/10/30/1509327501338.jpg&amp;quot;/&gt;&lt;img id=&amp;quot;8b240eae872a4fea8f212cfc211db0ad&amp;quot; class=&amp;quot;img-responsive&amp;quot; src=&amp;quot;http://zhihuiduo-admin.compassets/74c2c1344a6443c8935d46c11009f0b9/2017/10/30/1509327501593.jpg&amp;quot;/&gt;&lt;img id=&amp;quot;8a449618bf7f4cdb801db6867c0bb1a7&amp;quot; class=&amp;quot;img-responsive&amp;quot; src=&amp;quot;http://zhihuiduo-admin.compassets/74c2c1344a6443c8935d46c11009f0b9/2017/10/30/1509327502081.jpg&amp;quot;/&gt;&lt;img id=&amp;quot;a25a324f1e13411bbe701b2495990741&amp;quot; class=&amp;quot;img-responsive&amp;quot; src=&amp;quot;http://zhihuiduo-admin.compassets/74c2c1344a6443c8935d46c11009f0b9/2017/10/30/1509327502381.jpg&amp;quot;/&gt;&lt;img id=&amp;quot;10f9c9e1ad2842fb90c92b61ffa895cb&amp;quot; class=&amp;quot;img-responsive&amp;quot; src=&amp;quot;http://zhihuiduo-admin.compassets/74c2c1344a6443c8935d46c11009f0b9/2017/10/30/1509327502695.jpg&amp;quot;/&gt;&lt;img id=&amp;quot;0b325d63cd384c6a9752a582095eeae8&amp;quot; class=&amp;quot;img-responsive&amp;quot; src=&amp;quot;http://zhihuiduo-admin.compassets/74c2c1344a6443c8935d46c11009f0b9/2017/10/30/1509327502927.jpg&amp;quot;/&gt;&lt;img id=&amp;quot;7da19c8d01ba4953b6fabfc03a8a2152&amp;quot; class=&amp;quot;img-responsive&amp;quot; src=&amp;quot;http://zhihuiduo-admin.compassets/74c2c1344a6443c8935d46c11009f0b9/2017/10/30/1509327503177.jpg&amp;quot;/&gt;',NULL,NULL,NULL,NULL,NULL,NULL,NULL,NULL,0,NULL,NULL,NULL,NULL,'online',NULL,NULL,NULL,NULL,NULL,0),('804b0718ee144baab6f4e5174144ddbb',NULL,NULL,NULL,'2017-10-30 04:26:13',NULL,1,NULL,NULL,42,0,NULL,'电脑双肩包_韩版防水商务电脑双肩包 男式双肩包旅行包学生','阿里巴巴森丰新款韩版休闲防水商务电脑双肩包 男式双肩包旅行包学生书包，双肩包，这里云集了众多的供应商，采购商，制造商。这是森丰新款韩版休闲防水商务电脑双肩包 男式双肩包旅行包学生书包的详细页面。货源类别:现货，是否库存:是，货号:v8051，是否支持分销:支持分销，加盟分销门槛:三星，箱包大小:中，包内部结构:电脑插袋,证件袋，开盖方式:拉链，适用性别:男，材质:牛津，有无防雨罩:无，型号:085，加工方式:软面，硬度:中偏硬，图案:纯色，风格:欧美风范，里料质地:涤棉，肩带根数:双根，流行元素:车缝线，提拎部件:软把，外袋种类:挖袋，箱包形状:竖款方型，最晚发货时间:3（天），颜色:黑色，产地:广州。我们还为您精选了双肩包公司黄页、行业资讯、价格行情、展会信息等，欲了解更多详细信息,请点击访问!',NULL,NULL,NULL,NULL,NULL,'&lt;p&gt;&lt;img id=&quot;30e4c601abff427fadc2d1733cae91fc&quot; class=&quot;img-responsive&quot; src=&quot;http://zhihuiduo-admin.com/passets/804b0718ee144baab6f4e5174144ddbb/2017/10/30/1509337574867.jpg&quot;/&gt;&lt;img id=&quot;63137c02055042bf9ce6a6fa62b76d46&quot; class=&quot;img-responsive&quot; src=&quot;http://zhihuiduo-admin.com/passets/804b0718ee144baab6f4e5174144ddbb/2017/10/30/1509337575160.jpg&quot;/&gt;&lt;img id=&quot;5aa44d2c26694d2f8e8e44123dde70f1&quot; class=&quot;img-responsive&quot; src=&quot;http://zhihuiduo-admin.com/passets/804b0718ee144baab6f4e5174144ddbb/2017/10/30/1509337575326.jpg&quot;/&gt;&lt;img id=&quot;c2dcbb8c644943d39ef841932b71746e&quot; class=&quot;img-responsive&quot; src=&quot;http://zhihuiduo-admin.com/passets/804b0718ee144baab6f4e5174144ddbb/2017/10/30/1509337575529.jpg&quot;/&gt;&lt;img id=&quot;3d746b3006314235b2df5dd167519dcb&quot; class=&quot;img-responsive&quot; src=&quot;http://zhihuiduo-admin.com/passets/804b0718ee144baab6f4e5174144ddbb/2017/10/30/1509337575987.jpg&quot;/&gt;&lt;img id=&quot;2a374ad343314bf788262a06d924837a&quot; class=&quot;img-responsive&quot; src=&quot;http://zhihuiduo-admin.com/passets/804b0718ee144baab6f4e5174144ddbb/2017/10/30/1509337576869.jpg&quot;/&gt;&lt;img id=&quot;474da20841cc4e9d8bd0bb88f16f0810&quot; class=&quot;img-responsive&quot; src=&quot;http://zhihuiduo-admin.com/passets/804b0718ee144baab6f4e5174144ddbb/2017/10/30/1509337577173.jpg&quot;/&gt;&lt;img id=&quot;0cae73f954db4029889d89b88b15e06f&quot; class=&quot;img-responsive&quot; src=&quot;http://zhihuiduo-admin.com/passets/804b0718ee144baab6f4e5174144ddbb/2017/10/30/1509337577399.jpg&quot;/&gt;&lt;img id=&quot;6bbf2c9a3c484a6bbdec18b2cc3b8eec&quot; class=&quot;img-responsive&quot; src=&quot;http://zhihuiduo-admin.com/passets/804b0718ee144baab6f4e5174144ddbb/2017/10/30/1509337577555.jpg&quot;/&gt;&lt;img id=&quot;c37ccd1209674120bdf5ba8b67139636&quot; class=&quot;img-responsive&quot; src=&quot;http://zhihuiduo-admin.com/passets/804b0718ee144baab6f4e5174144ddbb/2017/10/30/1509337577666.jpg&quot;/&gt;&lt;img id=&quot;3b2f74c4eee74847a05b7b4c51b674e3&quot; class=&quot;img-responsive&quot; src=&quot;http://zhihuiduo-admin.com/passets/804b0718ee144baab6f4e5174144ddbb/2017/10/30/1509337577844.jpg&quot;/&gt;&lt;img id=&quot;6ca95e47921c4e93b12576b316442849&quot; class=&quot;img-responsive&quot; src=&quot;http://zhihuiduo-admin.com/passets/804b0718ee144baab6f4e5174144ddbb/2017/10/30/1509337578211.jpg&quot;/&gt;&lt;img id=&quot;fe8f918e50434a1092582ebae00c298d&quot; class=&quot;img-responsive&quot; src=&quot;http://zhihuiduo-admin.com/passets/804b0718ee144baab6f4e5174144ddbb/2017/10/30/1509337578402.jpg&quot;/&gt;&lt;img id=&quot;dbb22d8116e14ca69ee36418ac5f7ab5&quot; class=&quot;img-responsive&quot; src=&quot;http://zhihuiduo-admin.com/passets/804b0718ee144baab6f4e5174144ddbb/2017/10/30/1509337578559.jpg&quot;/&gt;&lt;img id=&quot;5a2840f913004d6a9f12c45540b6751f&quot; class=&quot;img-responsive&quot; src=&quot;http://zhihuiduo-admin.com/passets/804b0718ee144baab6f4e5174144ddbb/2017/10/30/1509337578732.jpg&quot;/&gt;&lt;img id=&quot;9f0c9e255988497a962d1e2c32d9abd5&quot; class=&quot;img-responsive&quot; src=&quot;http://zhihuiduo-admin.com/passets/804b0718ee144baab6f4e5174144ddbb/2017/10/30/1509337578912.jpg&quot;/&gt;&lt;img id=&quot;5d66edc61a93440e936df1a67234ab12&quot; class=&quot;img-responsive&quot; src=&quot;http://zhihuiduo-admin.com/passets/804b0718ee144baab6f4e5174144ddbb/2017/10/30/1509337579114.jpg&quot;/&gt;&lt;img id=&quot;a920f67f42154e48b4257c273cea7326&quot; class=&quot;img-responsive&quot; src=&quot;http://zhihuiduo-admin.com/passets/804b0718ee144baab6f4e5174144ddbb/2017/10/30/1509337579333.jpg&quot;/&gt;&lt;img id=&quot;9d54bc0cb9bd43838021859e9171a53a&quot; class=&quot;img-responsive&quot; src=&quot;http://zhihuiduo-admin.com/passets/804b0718ee144baab6f4e5174144ddbb/2017/10/30/1509337579463.jpg&quot;/&gt;&lt;img id=&quot;9020f0784707402db4e033dccdb9c0fe&quot; class=&quot;img-responsive&quot; src=&quot;http://zhihuiduo-admin.com/passets/804b0718ee144baab6f4e5174144ddbb/2017/10/30/1509337579640.jpg&quot;/&gt;&lt;img id=&quot;6041503cd78a4a728915df742b32865e&quot; class=&quot;img-responsive&quot; src=&quot;http://zhihuiduo-admin.com/passets/804b0718ee144baab6f4e5174144ddbb/2017/10/30/1509337579811.jpg&quot;/&gt;&lt;img id=&quot;abc8119d7abc4655b03c08ffe7586bc3&quot; class=&quot;img-responsive&quot; src=&quot;http://zhihuiduo-admin.com/passets/804b0718ee144baab6f4e5174144ddbb/2017/10/30/1509337579965.jpg&quot;/&gt;&lt;img id=&quot;341c8304f88a47209131cb080e29f30f&quot; class=&quot;img-responsive&quot; src=&quot;http://zhihuiduo-admin.com/passets/804b0718ee144baab6f4e5174144ddbb/2017/10/30/1509337580114.jpg&quot;/&gt;&lt;img id=&quot;44e89176097e436083c4172b9cc6fefb&quot; class=&quot;img-responsive&quot; src=&quot;http://zhihuiduo-admin.com/passets/804b0718ee144baab6f4e5174144ddbb/2017/10/30/1509337580345.jpg&quot;/&gt;&lt;img id=&quot;1fbd9f95e07547dc9e5d01f29da0324f&quot; class=&quot;img-responsive&quot; src=&quot;http://zhihuiduo-admin.com/passets/804b0718ee144baab6f4e5174144ddbb/2017/10/30/1509337580546.jpg&quot;/&gt;&lt;img id=&quot;461ad13ac7144c34bed1f2eefe0343c1&quot; class=&quot;img-responsive&quot; src=&quot;http://zhihuiduo-admin.com/passets/804b0718ee144baab6f4e5174144ddbb/2017/10/30/1509337580692.jpg&quot;/&gt;&lt;img id=&quot;214721faacd44dd5a46004af79c2ed86&quot; class=&quot;img-responsive&quot; src=&quot;http://zhihuiduo-admin.com/passets/804b0718ee144baab6f4e5174144ddbb/2017/10/30/1509337580882.jpg&quot;/&gt;&lt;img id=&quot;0b976912dea643a694733ff67693d7ba&quot; class=&quot;img-responsive&quot; src=&quot;http://zhihuiduo-admin.com/passets/804b0718ee144baab6f4e5174144ddbb/2017/10/30/1509337581058.jpg&quot;/&gt;&lt;img id=&quot;a1be2e9b04ee48d5a7df929e2a8bc876&quot; class=&quot;img-responsive&quot; src=&quot;http://zhihuiduo-admin.com/passets/804b0718ee144baab6f4e5174144ddbb/2017/10/30/1509337581265.jpg&quot;/&gt;&lt;img id=&quot;361d1e8d205042c6837addcf8b8c1046&quot; class=&quot;img-responsive&quot; src=&quot;http://zhihuiduo-admin.com/passets/804b0718ee144baab6f4e5174144ddbb/2017/10/30/1509337581683.jpg&quot;/&gt;&lt;img id=&quot;290707e618fb4e00a4ffe4bc86d0819b&quot; class=&quot;img-responsive&quot; src=&quot;http://zhihuiduo-admin.com/passets/804b0718ee144baab6f4e5174144ddbb/2017/10/30/1509337582101.jpg&quot;/&gt;&lt;img id=&quot;1d9dcdef33054f34af50c4ec61494dbe&quot; class=&quot;img-responsive&quot; src=&quot;http://zhihuiduo-admin.com/passets/804b0718ee144baab6f4e5174144ddbb/2017/10/30/1509337582311.jpg&quot;/&gt;&lt;img id=&quot;3f11c7c52308471a8fa2224f8168dab7&quot; class=&quot;img-responsive&quot; src=&quot;http://zhihuiduo-admin.com/passets/804b0718ee144baab6f4e5174144ddbb/2017/10/30/1509337582536.jpg&quot;/&gt;&lt;img id=&quot;2179605768014a22b72d1dd145d8bdf1&quot; class=&quot;img-responsive&quot; src=&quot;http://zhihuiduo-admin.com/passets/804b0718ee144baab6f4e5174144ddbb/2017/10/30/1509337582896.jpg&quot;/&gt;&lt;img id=&quot;42c56f7b86a64ae1ad9eefdb292c817a&quot; class=&quot;img-responsive&quot; src=&quot;http://zhihuiduo-admin.com/passets/804b0718ee144baab6f4e5174144ddbb/2017/10/30/1509337583198.jpg&quot;/&gt;&lt;img id=&quot;0816e78ca54444dc91b0cd01ea7a780e&quot; class=&quot;img-responsive&quot; src=&quot;http://zhihuiduo-admin.com/passets/804b0718ee144baab6f4e5174144ddbb/2017/10/30/1509337583512.jpg&quot;/&gt;&lt;img id=&quot;d6b8c2b535f54bdf88c534a83997b211&quot; class=&quot;img-responsive&quot; src=&quot;http://zhihuiduo-admin.com/passets/804b0718ee144baab6f4e5174144ddbb/2017/10/30/1509337583736.jpg&quot;/&gt;&lt;img id=&quot;fa819b471dbc455ba49b924abeee32bd&quot; class=&quot;img-responsive&quot; src=&quot;http://zhihuiduo-admin.com/passets/804b0718ee144baab6f4e5174144ddbb/2017/10/30/1509337584065.jpg&quot;/&gt;&lt;/p&gt;',NULL,NULL,NULL,NULL,NULL,60,NULL,NULL,0,NULL,NULL,NULL,NULL,'online',NULL,NULL,NULL,NULL,NULL,0),('856797c8a0ec40459de96563130f4395',NULL,NULL,NULL,'2017-10-30 00:53:06',NULL,1,NULL,NULL,33,0,NULL,NULL,NULL,NULL,NULL,NULL,NULL,NULL,'passets/856797c8a0ec40459de96563130f4395/2017/10/30/1509324840781.jpgpassets/856797c8a0ec40459de96563130f4395/2017/10/30/1509324899163.jpgpassets/856797c8a0ec40459de96563130f4395/2017/10/30/1509324901555.jpgpassets/856797c8a0ec40459de96563130f4395/2017/10/30/1509324901937.jpgpassets/856797c8a0ec40459de96563130f4395/2017/10/30/1509324902439.jpgpassets/856797c8a0ec40459de96563130f4395/2017/10/30/1509324902858.jpgpassets/856797c8a0ec40459de96563130f4395/2017/10/30/1509324903585.jpgpassets/856797c8a0ec40459de96563130f4395/2017/10/30/1509324905414.jpgpassets/856797c8a0ec40459de96563130f4395/2017/10/30/1509324905881.jpgpassets/856797c8a0ec40459de96563130f4395/2017/10/30/1509324906861.jpgpassets/856797c8a0ec40459de96563130f4395/2017/10/30/1509324907263.jpgpassets/856797c8a0ec40459de96563130f4395/2017/10/30/1509324907476.jpgpassets/856797c8a0ec40459de96563130f4395/2017/10/30/1509324907687.jpgpassets/856797c8a0ec40459de96563130f4395/2017/10/30/1509324907880.jpgpassets/856797c8a0ec40459de96563130f4395/2017/10/30/1509324908102.jpgpassets/856797c8a0ec40459de96563130f4395/2017/10/30/1509324908305.jpgpassets/856797c8a0ec40459de96563130f4395/2017/10/30/1509324908441.jpgpassets/856797c8a0ec40459de96563130f4395/2017/10/30/1509324908555.jpgpassets/856797c8a0ec40459de96563130f4395/2017/10/30/1509324908644.jpgpassets/856797c8a0ec40459de96563130f4395/2017/10/30/1509324908766.jpgpassets/856797c8a0ec40459de96563130f4395/2017/10/30/1509324910598.jpg',NULL,NULL,NULL,NULL,NULL,NULL,NULL,NULL,0,NULL,NULL,NULL,NULL,'online',NULL,NULL,NULL,NULL,NULL,0),('99fda1d4bd0f4b7ebc596cc393688590',NULL,NULL,NULL,'2017-09-11 12:03:05','2017-09-19 07:34:00',0,NULL,NULL,23,0,NULL,'【会走路唱歌、讲故事、学英语，早教好助手】儿童益智讲故事闪光跳舞机器人电动T1智能机器人模型玩具','集多功能于一身的智能小伙伴，早教益智故事机，绿色环保无毒ABS材料，国家3C认证更安全！【T1智能机器人会唱歌，讲故事、学英语，360度旋转、行走，电动万向，手臂可动（需要手动操作），炫彩灯光，】颜色鲜艳，可丰富宝宝认知，锻炼动手能力，刺激听觉和视觉，让孩子在玩耍中学习，陪伴孩子快乐成长，可爱的卡通造型更吸引孩子的眼球，宝贝肯定爱不释手！产品尺寸15x9x26cm。注：为换取方便，电池盖采用卡扣方式，无螺丝哦！快递默认申通快递！！！建议在能参团情况下的优先参团，点参团可以优先发货哦！','passets/99fda1d4bd0f4b7ebc596cc393688590/2017/9/11/1505131178787.jpeg@750w_1l_50Q.webp',NULL,NULL,'','1504092428839','&lt;p&gt;&lt;img id=&quot;150539453538291&quot; class=&quot;img-responsive&quot; src=&quot;/passets/2017/9/14/1505394535350.jpeg&quot;/&gt;&lt;img id=&quot;150539454763678&quot; class=&quot;img-responsive&quot; src=&quot;/passets/2017/9/14/1505394547630.jpeg&quot;/&gt;&lt;img id=&quot;150539456420789&quot; class=&quot;img-responsive&quot; src=&quot;/passets/2017/9/14/1505394564158.jpeg&quot;/&gt;&lt;img id=&quot;150539457458197&quot; class=&quot;img-responsive&quot; src=&quot;/passets/2017/9/14/1505394574576.jpeg&quot;/&gt;&lt;/p&gt;',NULL,0,1,'150375229485416',NULL,12,NULL,NULL,12,12,2,NULL,10000,'online',58,NULL,NULL,NULL,0,NULL),('b3fe553c56ce4293b1670654d7e3b9de',NULL,NULL,NULL,'2017-10-29 13:27:12',NULL,1,NULL,NULL,28,0,NULL,NULL,NULL,NULL,NULL,NULL,NULL,NULL,NULL,NULL,NULL,NULL,NULL,NULL,NULL,NULL,NULL,0,NULL,NULL,NULL,NULL,'online',NULL,NULL,NULL,NULL,NULL,NULL),('b741066631ac4ac8a1bcce51d2c4db82',NULL,NULL,NULL,'2017-10-29 13:21:05',NULL,1,NULL,NULL,26,0,NULL,NULL,NULL,NULL,NULL,NULL,NULL,NULL,NULL,NULL,NULL,NULL,NULL,NULL,NULL,NULL,NULL,0,NULL,NULL,NULL,NULL,'online',NULL,NULL,NULL,NULL,NULL,NULL),('bfe3a780204b4f719e557ad1997cea28',NULL,NULL,NULL,'2017-10-29 13:29:04',NULL,1,NULL,NULL,29,0,NULL,NULL,NULL,NULL,NULL,NULL,NULL,NULL,NULL,NULL,NULL,NULL,NULL,NULL,NULL,NULL,NULL,0,NULL,NULL,NULL,NULL,'online',NULL,NULL,NULL,NULL,NULL,NULL),('c361b1f813934de1abec22875e503e5e',NULL,NULL,NULL,'2017-10-30 01:58:36',NULL,1,NULL,NULL,39,0,NULL,'电脑双肩包_韩版防水商务电脑双肩包 男式双肩包旅行包学生',NULL,NULL,NULL,NULL,NULL,NULL,'&lt;img id=&quot;6c79280414264733808e74f47f16951f&quot; class=&quot;img-responsive&quot; src=&quot;http://zhihuiduo-admin.com/passets/c361b1f813934de1abec22875e503e5e/2017/10/30/1509328716762.jpg&quot;/&gt;&lt;img id=&quot;a6298bde1fa746bfb94ecb358a08566c&quot; class=&quot;img-responsive&quot; src=&quot;http://zhihuiduo-admin.com/passets/c361b1f813934de1abec22875e503e5e/2017/10/30/1509328716887.jpg&quot;/&gt;&lt;img id=&quot;49785ef2d22b4c028d342f3a8fdebeda&quot; class=&quot;img-responsive&quot; src=&quot;http://zhihuiduo-admin.com/passets/c361b1f813934de1abec22875e503e5e/2017/10/30/1509328716970.jpg&quot;/&gt;&lt;img id=&quot;a65ae1c3e8f54d5489b0968feb8872fa&quot; class=&quot;img-responsive&quot; src=&quot;http://zhihuiduo-admin.com/passets/c361b1f813934de1abec22875e503e5e/2017/10/30/1509328717127.jpg&quot;/&gt;&lt;img id=&quot;042ceea9ffac416dbb5656cf059e7c7f&quot; class=&quot;img-responsive&quot; src=&quot;http://zhihuiduo-admin.com/passets/c361b1f813934de1abec22875e503e5e/2017/10/30/1509328718281.jpg&quot;/&gt;&lt;img id=&quot;61cdd19570d74b299f06cfda49ca2888&quot; class=&quot;img-responsive&quot; src=&quot;http://zhihuiduo-admin.com/passets/c361b1f813934de1abec22875e503e5e/2017/10/30/1509328718471.jpg&quot;/&gt;&lt;img id=&quot;4903101a2d824b738ffa6307aee75e3a&quot; class=&quot;img-responsive&quot; src=&quot;http://zhihuiduo-admin.com/passets/c361b1f813934de1abec22875e503e5e/2017/10/30/1509328718695.jpg&quot;/&gt;&lt;img id=&quot;11ce828a47d34bce98b9c8b1077b5173&quot; class=&quot;img-responsive&quot; src=&quot;http://zhihuiduo-admin.com/passets/c361b1f813934de1abec22875e503e5e/2017/10/30/1509328718990.jpg&quot;/&gt;&lt;img id=&quot;c3213cca3d7348d598a85c19d7e4c681&quot; class=&quot;img-responsive&quot; src=&quot;http://zhihuiduo-admin.com/passets/c361b1f813934de1abec22875e503e5e/2017/10/30/1509328719241.jpg&quot;/&gt;&lt;img id=&quot;7bfc73932e5f4e3b81f9f4bfcebfd88d&quot; class=&quot;img-responsive&quot; src=&quot;http://zhihuiduo-admin.com/passets/c361b1f813934de1abec22875e503e5e/2017/10/30/1509328719311.jpg&quot;/&gt;&lt;img id=&quot;0e5e519914394557bab0e6f7c34c717e&quot; class=&quot;img-responsive&quot; src=&quot;http://zhihuiduo-admin.com/passets/c361b1f813934de1abec22875e503e5e/2017/10/30/1509328719488.jpg&quot;/&gt;&lt;img id=&quot;1cd3bc4e2cdf4703923007052d865a0a&quot; class=&quot;img-responsive&quot; src=&quot;http://zhihuiduo-admin.com/passets/c361b1f813934de1abec22875e503e5e/2017/10/30/1509328719794.jpg&quot;/&gt;&lt;img id=&quot;91e034914ad54641a96e13e67e6ff46f&quot; class=&quot;img-responsive&quot; src=&quot;http://zhihuiduo-admin.com/passets/c361b1f813934de1abec22875e503e5e/2017/10/30/1509328719986.jpg&quot;/&gt;&lt;img id=&quot;66dd32655b394788912364bc6759b269&quot; class=&quot;img-responsive&quot; src=&quot;http://zhihuiduo-admin.com/passets/c361b1f813934de1abec22875e503e5e/2017/10/30/1509328720198.jpg&quot;/&gt;&lt;img id=&quot;2b96391658ca4f50a65eb3dfeed271f1&quot; class=&quot;img-responsive&quot; src=&quot;http://zhihuiduo-admin.com/passets/c361b1f813934de1abec22875e503e5e/2017/10/30/1509328720373.jpg&quot;/&gt;&lt;img id=&quot;385294d99f914f989d5c02f7a8a96665&quot; class=&quot;img-responsive&quot; src=&quot;http://zhihuiduo-admin.com/passets/c361b1f813934de1abec22875e503e5e/2017/10/30/1509328720514.jpg&quot;/&gt;&lt;img id=&quot;c239b0a42fe44da19db17bbd224fcc38&quot; class=&quot;img-responsive&quot; src=&quot;http://zhihuiduo-admin.com/passets/c361b1f813934de1abec22875e503e5e/2017/10/30/1509328720692.jpg&quot;/&gt;&lt;img id=&quot;ddac2222a3264c9199d3a44fc9a71cc2&quot; class=&quot;img-responsive&quot; src=&quot;http://zhihuiduo-admin.com/passets/c361b1f813934de1abec22875e503e5e/2017/10/30/1509328720828.jpg&quot;/&gt;&lt;img id=&quot;9ee3f859901e4a1cae571573f5c5ccff&quot; class=&quot;img-responsive&quot; src=&quot;http://zhihuiduo-admin.com/passets/c361b1f813934de1abec22875e503e5e/2017/10/30/1509328720952.jpg&quot;/&gt;&lt;img id=&quot;59302c6a8bed47d5aac2dc42f028d90b&quot; class=&quot;img-responsive&quot; src=&quot;http://zhihuiduo-admin.com/passets/c361b1f813934de1abec22875e503e5e/2017/10/30/1509328721083.jpg&quot;/&gt;&lt;img id=&quot;7e72ea10638a48cd99576fd98e7640a1&quot; class=&quot;img-responsive&quot; src=&quot;http://zhihuiduo-admin.com/passets/c361b1f813934de1abec22875e503e5e/2017/10/30/1509328721215.jpg&quot;/&gt;&lt;img id=&quot;09c0bf9eb153411bb46377aea2d8a9b5&quot; class=&quot;img-responsive&quot; src=&quot;http://zhihuiduo-admin.com/passets/c361b1f813934de1abec22875e503e5e/2017/10/30/1509328721341.jpg&quot;/&gt;&lt;img id=&quot;bd73084ac60b4467a4677f0f1f8805a0&quot; class=&quot;img-responsive&quot; src=&quot;http://zhihuiduo-admin.com/passets/c361b1f813934de1abec22875e503e5e/2017/10/30/1509328721483.jpg&quot;/&gt;&lt;img id=&quot;8847f4ba16874e509ed5a69867ddc33f&quot; class=&quot;img-responsive&quot; src=&quot;http://zhihuiduo-admin.com/passets/c361b1f813934de1abec22875e503e5e/2017/10/30/1509328721687.jpg&quot;/&gt;&lt;img id=&quot;b7365359540a488cb13d2d96c0ba6ffd&quot; class=&quot;img-responsive&quot; src=&quot;http://zhihuiduo-admin.com/passets/c361b1f813934de1abec22875e503e5e/2017/10/30/1509328721881.jpg&quot;/&gt;&lt;img id=&quot;aa8dbd13ef1148eebf936bfc204ef355&quot; class=&quot;img-responsive&quot; src=&quot;http://zhihuiduo-admin.com/passets/c361b1f813934de1abec22875e503e5e/2017/10/30/1509328722018.jpg&quot;/&gt;&lt;img id=&quot;cae2af8efcbd49b0a673668151ad55da&quot; class=&quot;img-responsive&quot; src=&quot;http://zhihuiduo-admin.com/passets/c361b1f813934de1abec22875e503e5e/2017/10/30/1509328722200.jpg&quot;/&gt;&lt;img id=&quot;d42d4fce5c624c7aaccf3711d4616d30&quot; class=&quot;img-responsive&quot; src=&quot;http://zhihuiduo-admin.com/passets/c361b1f813934de1abec22875e503e5e/2017/10/30/1509328722323.jpg&quot;/&gt;&lt;img id=&quot;900cc9ac54d641bcbb687963762efeb1&quot; class=&quot;img-responsive&quot; src=&quot;http://zhihuiduo-admin.com/passets/c361b1f813934de1abec22875e503e5e/2017/10/30/1509328722445.jpg&quot;/&gt;&lt;img id=&quot;deecab3c542246028ad714d807e62625&quot; class=&quot;img-responsive&quot; src=&quot;http://zhihuiduo-admin.com/passets/c361b1f813934de1abec22875e503e5e/2017/10/30/1509328722565.jpg&quot;/&gt;&lt;img id=&quot;8d9a4882af9445ba8cb835cda3b7724e&quot; class=&quot;img-responsive&quot; src=&quot;http://zhihuiduo-admin.com/passets/c361b1f813934de1abec22875e503e5e/2017/10/30/1509328722689.jpg&quot;/&gt;&lt;img id=&quot;5e0d290a7d23439189d910e4ad443f54&quot; class=&quot;img-responsive&quot; src=&quot;http://zhihuiduo-admin.com/passets/c361b1f813934de1abec22875e503e5e/2017/10/30/1509328722813.jpg&quot;/&gt;&lt;img id=&quot;f15f811332674b18b3fcaa75c9a39f01&quot; class=&quot;img-responsive&quot; src=&quot;http://zhihuiduo-admin.com/passets/c361b1f813934de1abec22875e503e5e/2017/10/30/1509328722952.jpg&quot;/&gt;&lt;img id=&quot;bd0215c3326c4fec864f43a3638edf1b&quot; class=&quot;img-responsive&quot; src=&quot;http://zhihuiduo-admin.com/passets/c361b1f813934de1abec22875e503e5e/2017/10/30/1509328723152.jpg&quot;/&gt;&lt;img id=&quot;8cf7400d2a7747a7baa77c340f45adf8&quot; class=&quot;img-responsive&quot; src=&quot;http://zhihuiduo-admin.com/passets/c361b1f813934de1abec22875e503e5e/2017/10/30/1509328723349.jpg&quot;/&gt;&lt;img id=&quot;df21101956a040a18f9f7aa4ad14696c&quot; class=&quot;img-responsive&quot; src=&quot;http://zhihuiduo-admin.com/passets/c361b1f813934de1abec22875e503e5e/2017/10/30/1509328723532.jpg&quot;/&gt;&lt;img id=&quot;1ebc639e9e904e5f90dcbb18181ceaf9&quot; class=&quot;img-responsive&quot; src=&quot;http://zhihuiduo-admin.com/passets/c361b1f813934de1abec22875e503e5e/2017/10/30/1509328723718.jpg&quot;/&gt;&lt;img id=&quot;605ffd52bc474e98b054e593b44c448a&quot; class=&quot;img-responsive&quot; src=&quot;http://zhihuiduo-admin.com/passets/c361b1f813934de1abec22875e503e5e/2017/10/30/1509328723891.jpg&quot;/&gt;',NULL,NULL,NULL,NULL,NULL,NULL,NULL,NULL,0,NULL,NULL,NULL,NULL,'online',NULL,NULL,NULL,NULL,NULL,0),('c6dd09184e7d4f8ab7b9d96edbaf3595',NULL,NULL,NULL,'2017-09-08 10:23:13','2017-09-18 13:13:47',0,NULL,NULL,22,0,NULL,'【南极人+正品】保暖外套棉服中老年爸爸装大码男装冬装中长款加绒加厚棉袄棉衣男','高品质大厂出品、面料上乘、保暖透气、抗皱免烫、3D立体裁剪贴身设计，更保暖更舒适！每一个选择我们的客户都是我们的尊贵VIP客户，我们都会给予细致周到的售后服务，售后无忧，【默认天天快递】全中国到货！ XL号适合重130斤以下、2XL号适合重150斤以下 3XL号适合重180斤以下、 郑重承诺： 承诺1:收到货后，质量不爽，退！ 承诺2:收到货后，颜色不爽，退！ 承诺3:收到货后，款式不爽，退！ 承诺4:收到货后，家人不喜欢，退！','passets/c6dd09184e7d4f8ab7b9d96edbaf3595/2017/9/14/1505359215571.jpeg',NULL,NULL,'1111','149879109000689','&lt;p&gt;1212&lt;/p&gt;',NULL,0,0,'150375229485416',NULL,11,NULL,NULL,12,12,2,NULL,123,'online',12,NULL,NULL,NULL,0,NULL),('d5d4a73895154388bd68953e8054ae37',NULL,NULL,NULL,'2017-10-30 02:11:27',NULL,1,NULL,NULL,40,0,NULL,'韩版针织衫_2017秋冬女装毛衣 韩版半高领针织衫 女百搭长袖套头',NULL,NULL,NULL,NULL,NULL,NULL,'&lt;img id=&quot;096ec1e683174c2cb898683d04212da3&quot; class=&quot;img-responsive&quot; src=&quot;http://zhihuiduo-admin.com/passets/d5d4a73895154388bd68953e8054ae37/2017/10/30/1509329488495.jpg&quot;/&gt;&lt;img id=&quot;c9fb270eb10541b7876037a2bea21ce0&quot; class=&quot;img-responsive&quot; src=&quot;http://zhihuiduo-admin.com/passets/d5d4a73895154388bd68953e8054ae37/2017/10/30/1509329490067.jpg&quot;/&gt;&lt;img id=&quot;311a710debc841a0aec19ecd52beb093&quot; class=&quot;img-responsive&quot; src=&quot;http://zhihuiduo-admin.com/passets/d5d4a73895154388bd68953e8054ae37/2017/10/30/1509329490417.jpg&quot;/&gt;&lt;img id=&quot;c3d13c32703b4bf8a9f57b04f0f2aa80&quot; class=&quot;img-responsive&quot; src=&quot;http://zhihuiduo-admin.com/passets/d5d4a73895154388bd68953e8054ae37/2017/10/30/1509329490761.jpg&quot;/&gt;&lt;img id=&quot;5a39522d79974b1cbb61e3e6eb496890&quot; class=&quot;img-responsive&quot; src=&quot;http://zhihuiduo-admin.com/passets/d5d4a73895154388bd68953e8054ae37/2017/10/30/1509329491608.jpg&quot;/&gt;&lt;img id=&quot;85c64cdfc4c04a17bc86ff04ffd2e59e&quot; class=&quot;img-responsive&quot; src=&quot;http://zhihuiduo-admin.com/passets/d5d4a73895154388bd68953e8054ae37/2017/10/30/1509329492842.jpg&quot;/&gt;&lt;img id=&quot;4353ac793201472dbeadb80ed4738e94&quot; class=&quot;img-responsive&quot; src=&quot;http://zhihuiduo-admin.com/passets/d5d4a73895154388bd68953e8054ae37/2017/10/30/1509329494469.jpg&quot;/&gt;&lt;img id=&quot;8720d2ca856948dbbbf0a2d87c63edf9&quot; class=&quot;img-responsive&quot; src=&quot;http://zhihuiduo-admin.com/passets/d5d4a73895154388bd68953e8054ae37/2017/10/30/1509329494822.jpg&quot;/&gt;&lt;img id=&quot;8fed3c1211dc460e97c43e2379a05743&quot; class=&quot;img-responsive&quot; src=&quot;http://zhihuiduo-admin.com/passets/d5d4a73895154388bd68953e8054ae37/2017/10/30/1509329495354.jpg&quot;/&gt;&lt;img id=&quot;e0b40fb876b243a9a30c7187d59ab890&quot; class=&quot;img-responsive&quot; src=&quot;http://zhihuiduo-admin.com/passets/d5d4a73895154388bd68953e8054ae37/2017/10/30/1509329495820.jpg&quot;/&gt;&lt;img id=&quot;3eeec9beb193432292e113053e72d855&quot; class=&quot;img-responsive&quot; src=&quot;http://zhihuiduo-admin.com/passets/d5d4a73895154388bd68953e8054ae37/2017/10/30/1509329496305.jpg&quot;/&gt;&lt;img id=&quot;0f82865d1bde4351a2e52f763d87fd65&quot; class=&quot;img-responsive&quot; src=&quot;http://zhihuiduo-admin.com/passets/d5d4a73895154388bd68953e8054ae37/2017/10/30/1509329496606.jpg&quot;/&gt;&lt;img id=&quot;97998ea0ad53479483618c08d75a9d3e&quot; class=&quot;img-responsive&quot; src=&quot;http://zhihuiduo-admin.com/passets/d5d4a73895154388bd68953e8054ae37/2017/10/30/1509329496816.jpg&quot;/&gt;&lt;img id=&quot;2f9db90be4b4409b8c606b9ee7df7820&quot; class=&quot;img-responsive&quot; src=&quot;http://zhihuiduo-admin.com/passets/d5d4a73895154388bd68953e8054ae37/2017/10/30/1509329497041.jpg&quot;/&gt;&lt;img id=&quot;2abe1ac728634d5ca9ebb32c595cb33c&quot; class=&quot;img-responsive&quot; src=&quot;http://zhihuiduo-admin.com/passets/d5d4a73895154388bd68953e8054ae37/2017/10/30/1509329498198.jpg&quot;/&gt;&lt;img id=&quot;8650ea414f3a40d68093c2580363b62b&quot; class=&quot;img-responsive&quot; src=&quot;http://zhihuiduo-admin.com/passets/d5d4a73895154388bd68953e8054ae37/2017/10/30/1509329498812.jpg&quot;/&gt;&lt;img id=&quot;c20683429c244fa3ace806e874be01fc&quot; class=&quot;img-responsive&quot; src=&quot;http://zhihuiduo-admin.com/passets/d5d4a73895154388bd68953e8054ae37/2017/10/30/1509329499127.jpg&quot;/&gt;&lt;img id=&quot;f8858483f1d44e42873215f7aeea8440&quot; class=&quot;img-responsive&quot; src=&quot;http://zhihuiduo-admin.com/passets/d5d4a73895154388bd68953e8054ae37/2017/10/30/1509329499328.jpg&quot;/&gt;&lt;img id=&quot;cf0d46986bd14b88ada5b199699acaab&quot; class=&quot;img-responsive&quot; src=&quot;http://zhihuiduo-admin.com/passets/d5d4a73895154388bd68953e8054ae37/2017/10/30/1509329499537.jpg&quot;/&gt;&lt;img id=&quot;04f6babb8f4f4f60a2b5946b719b00fd&quot; class=&quot;img-responsive&quot; src=&quot;http://zhihuiduo-admin.com/passets/d5d4a73895154388bd68953e8054ae37/2017/10/30/1509329499677.jpg&quot;/&gt;&lt;img id=&quot;93c416d57de14749917fc2626a8ae651&quot; class=&quot;img-responsive&quot; src=&quot;http://zhihuiduo-admin.com/passets/d5d4a73895154388bd68953e8054ae37/2017/10/30/1509329499806.jpg&quot;/&gt;',NULL,NULL,NULL,NULL,NULL,NULL,NULL,NULL,0,NULL,NULL,NULL,NULL,'online',NULL,NULL,NULL,NULL,NULL,0),('df4db0ea5d9e4e509c577c8d93db5d92',NULL,NULL,NULL,'2017-10-29 12:50:44',NULL,1,NULL,NULL,24,0,NULL,NULL,NULL,NULL,NULL,NULL,NULL,NULL,NULL,NULL,NULL,NULL,NULL,NULL,NULL,NULL,NULL,0,NULL,NULL,NULL,NULL,'online',NULL,NULL,NULL,NULL,NULL,NULL),('f601a70fccef4e57a92e6ecd1f8c44b9',NULL,NULL,NULL,'2017-10-30 02:51:42',NULL,1,NULL,NULL,41,0,NULL,'电脑双肩包_韩版防水商务电脑双肩包 男式双肩包旅行包学生',NULL,NULL,NULL,NULL,NULL,NULL,'&lt;p&gt;&lt;img id=&quot;086a99ec7582455980b6ea06ce48ef4d&quot; class=&quot;img-responsive&quot; src=&quot;http://zhihuiduo-admin.com/passets/f601a70fccef4e57a92e6ecd1f8c44b9/2017/10/30/1509331904786.jpg&quot;/&gt;&lt;img id=&quot;9dace3c1330f47008601904eaea840f6&quot; class=&quot;img-responsive&quot; src=&quot;http://zhihuiduo-admin.com/passets/f601a70fccef4e57a92e6ecd1f8c44b9/2017/10/30/1509331905582.jpg&quot;/&gt;&lt;img id=&quot;2cbd83e10bd64308a179afff53469c98&quot; class=&quot;img-responsive&quot; src=&quot;http://zhihuiduo-admin.com/passets/f601a70fccef4e57a92e6ecd1f8c44b9/2017/10/30/1509331906851.jpg&quot;/&gt;&lt;img id=&quot;455115bd329e480cb5e104ef5f4a7112&quot; class=&quot;img-responsive&quot; src=&quot;http://zhihuiduo-admin.com/passets/f601a70fccef4e57a92e6ecd1f8c44b9/2017/10/30/1509331907137.jpg&quot;/&gt;&lt;img id=&quot;17477fd747a74b8dab7ed575d49571cf&quot; class=&quot;img-responsive&quot; src=&quot;http://zhihuiduo-admin.com/passets/f601a70fccef4e57a92e6ecd1f8c44b9/2017/10/30/1509331908209.jpg&quot;/&gt;&lt;img id=&quot;cb3c47db57b747098a040e8eea443f89&quot; class=&quot;img-responsive&quot; src=&quot;http://zhihuiduo-admin.com/passets/f601a70fccef4e57a92e6ecd1f8c44b9/2017/10/30/1509331908910.jpg&quot;/&gt;&lt;img id=&quot;c1097fdbddd34e5ebc2e0d644f1c7ee7&quot; class=&quot;img-responsive&quot; src=&quot;http://zhihuiduo-admin.com/passets/f601a70fccef4e57a92e6ecd1f8c44b9/2017/10/30/1509331910105.jpg&quot;/&gt;&lt;img id=&quot;2d4eec61129848f895c165ea16db2ff8&quot; class=&quot;img-responsive&quot; src=&quot;http://zhihuiduo-admin.com/passets/f601a70fccef4e57a92e6ecd1f8c44b9/2017/10/30/1509331910823.jpg&quot;/&gt;&lt;img id=&quot;10f096e97d7e486fac0a49ddde9290e2&quot; class=&quot;img-responsive&quot; src=&quot;http://zhihuiduo-admin.com/passets/f601a70fccef4e57a92e6ecd1f8c44b9/2017/10/30/1509331911005.jpg&quot;/&gt;&lt;img id=&quot;e89178d6f66347e287bd1527abcd2cd1&quot; class=&quot;img-responsive&quot; src=&quot;http://zhihuiduo-admin.com/passets/f601a70fccef4e57a92e6ecd1f8c44b9/2017/10/30/1509331911127.jpg&quot;/&gt;&lt;img id=&quot;a1eea9b555d64c8e967529ab8f2bd696&quot; class=&quot;img-responsive&quot; src=&quot;http://zhihuiduo-admin.com/passets/f601a70fccef4e57a92e6ecd1f8c44b9/2017/10/30/1509331911348.jpg&quot;/&gt;&lt;img id=&quot;02ee288a7e194ec9bda5c7c3cdac97ca&quot; class=&quot;img-responsive&quot; src=&quot;http://zhihuiduo-admin.com/passets/f601a70fccef4e57a92e6ecd1f8c44b9/2017/10/30/1509331911584.jpg&quot;/&gt;&lt;img id=&quot;292af5715a2e4b3f94d9cffc6adf804c&quot; class=&quot;img-responsive&quot; src=&quot;http://zhihuiduo-admin.com/passets/f601a70fccef4e57a92e6ecd1f8c44b9/2017/10/30/1509331911771.jpg&quot;/&gt;&lt;img id=&quot;8498400708d9482ea410357f1cf5ad8d&quot; class=&quot;img-responsive&quot; src=&quot;http://zhihuiduo-admin.com/passets/f601a70fccef4e57a92e6ecd1f8c44b9/2017/10/30/1509331911918.jpg&quot;/&gt;&lt;img id=&quot;54dd7efeb39c4e4fb3b1767ac8cf8244&quot; class=&quot;img-responsive&quot; src=&quot;http://zhihuiduo-admin.com/passets/f601a70fccef4e57a92e6ecd1f8c44b9/2017/10/30/1509331912100.jpg&quot;/&gt;&lt;img id=&quot;de85c2753ed34e8395ba39faf0fb9999&quot; class=&quot;img-responsive&quot; src=&quot;http://zhihuiduo-admin.com/passets/f601a70fccef4e57a92e6ecd1f8c44b9/2017/10/30/1509331912260.jpg&quot;/&gt;&lt;img id=&quot;c271256ce3504927bd875bc3f12ede36&quot; class=&quot;img-responsive&quot; src=&quot;http://zhihuiduo-admin.com/passets/f601a70fccef4e57a92e6ecd1f8c44b9/2017/10/30/1509331912459.jpg&quot;/&gt;&lt;img id=&quot;20d72cc5a25b4bb385d57060bb684640&quot; class=&quot;img-responsive&quot; src=&quot;http://zhihuiduo-admin.com/passets/f601a70fccef4e57a92e6ecd1f8c44b9/2017/10/30/1509331912653.jpg&quot;/&gt;&lt;img id=&quot;1251baa0107b46a2b0150922e3484871&quot; class=&quot;img-responsive&quot; src=&quot;http://zhihuiduo-admin.com/passets/f601a70fccef4e57a92e6ecd1f8c44b9/2017/10/30/1509331912785.jpg&quot;/&gt;&lt;img id=&quot;8a7abf13610a4ea5ad43787f18c07b96&quot; class=&quot;img-responsive&quot; src=&quot;http://zhihuiduo-admin.com/passets/f601a70fccef4e57a92e6ecd1f8c44b9/2017/10/30/1509331912933.jpg&quot;/&gt;&lt;img id=&quot;2c398715ed6547fd8750bb2fd041b620&quot; class=&quot;img-responsive&quot; src=&quot;http://zhihuiduo-admin.com/passets/f601a70fccef4e57a92e6ecd1f8c44b9/2017/10/30/1509331913080.jpg&quot;/&gt;&lt;img id=&quot;94a88b4ae0c94a28b8074800a772d71d&quot; class=&quot;img-responsive&quot; src=&quot;http://zhihuiduo-admin.com/passets/f601a70fccef4e57a92e6ecd1f8c44b9/2017/10/30/1509331913218.jpg&quot;/&gt;&lt;img id=&quot;2068d319c6cb4558a2b93afdd468b5bb&quot; class=&quot;img-responsive&quot; src=&quot;http://zhihuiduo-admin.com/passets/f601a70fccef4e57a92e6ecd1f8c44b9/2017/10/30/1509331913366.jpg&quot;/&gt;&lt;img id=&quot;a1f35e1beb5544098f7da5ee11f84ef0&quot; class=&quot;img-responsive&quot; src=&quot;http://zhihuiduo-admin.com/passets/f601a70fccef4e57a92e6ecd1f8c44b9/2017/10/30/1509331913581.jpg&quot;/&gt;&lt;img id=&quot;9b51220dc25d4d789b136f5bc3af38d6&quot; class=&quot;img-responsive&quot; src=&quot;http://zhihuiduo-admin.com/passets/f601a70fccef4e57a92e6ecd1f8c44b9/2017/10/30/1509331913814.jpg&quot;/&gt;&lt;img id=&quot;6be19079555845868ce3e011dcb80672&quot; class=&quot;img-responsive&quot; src=&quot;http://zhihuiduo-admin.com/passets/f601a70fccef4e57a92e6ecd1f8c44b9/2017/10/30/1509331913999.jpg&quot;/&gt;&lt;img id=&quot;17bf7d3ee6264d86b0a7c338cccaac19&quot; class=&quot;img-responsive&quot; src=&quot;http://zhihuiduo-admin.com/passets/f601a70fccef4e57a92e6ecd1f8c44b9/2017/10/30/1509331914211.jpg&quot;/&gt;&lt;img id=&quot;958335530b9e44b1b7d2cbeab3f808bf&quot; class=&quot;img-responsive&quot; src=&quot;http://zhihuiduo-admin.com/passets/f601a70fccef4e57a92e6ecd1f8c44b9/2017/10/30/1509331914356.jpg&quot;/&gt;&lt;img id=&quot;1ec92aa7839b40f2882907b3cf391387&quot; class=&quot;img-responsive&quot; src=&quot;http://zhihuiduo-admin.com/passets/f601a70fccef4e57a92e6ecd1f8c44b9/2017/10/30/1509331914492.jpg&quot;/&gt;&lt;img id=&quot;6a866841f59e4dacbad43ba7a79ea694&quot; class=&quot;img-responsive&quot; src=&quot;http://zhihuiduo-admin.com/passets/f601a70fccef4e57a92e6ecd1f8c44b9/2017/10/30/1509331914646.jpg&quot;/&gt;&lt;img id=&quot;65c6e1675f74484495131ecc8ba23669&quot; class=&quot;img-responsive&quot; src=&quot;http://zhihuiduo-admin.com/passets/f601a70fccef4e57a92e6ecd1f8c44b9/2017/10/30/1509331914837.jpg&quot;/&gt;&lt;img id=&quot;574d8c01785d416caa3326c058835011&quot; class=&quot;img-responsive&quot; src=&quot;http://zhihuiduo-admin.com/passets/f601a70fccef4e57a92e6ecd1f8c44b9/2017/10/30/1509331914973.jpg&quot;/&gt;&lt;img id=&quot;1c76c0e88ff54684821490a588aab8c4&quot; class=&quot;img-responsive&quot; src=&quot;http://zhihuiduo-admin.com/passets/f601a70fccef4e57a92e6ecd1f8c44b9/2017/10/30/1509331915131.jpg&quot;/&gt;&lt;img id=&quot;98f95696815e4c1fa502727a4cd363dc&quot; class=&quot;img-responsive&quot; src=&quot;http://zhihuiduo-admin.com/passets/f601a70fccef4e57a92e6ecd1f8c44b9/2017/10/30/1509331915361.jpg&quot;/&gt;&lt;img id=&quot;69c6a8b7b23147c1a2ed4177e3fd70f9&quot; class=&quot;img-responsive&quot; src=&quot;http://zhihuiduo-admin.com/passets/f601a70fccef4e57a92e6ecd1f8c44b9/2017/10/30/1509331915678.jpg&quot;/&gt;&lt;img id=&quot;d8c29590c76c44a4a1e20fb1c53154e2&quot; class=&quot;img-responsive&quot; src=&quot;http://zhihuiduo-admin.com/passets/f601a70fccef4e57a92e6ecd1f8c44b9/2017/10/30/1509331915917.jpg&quot;/&gt;&lt;img id=&quot;85a91815d35b4661a75fee8ef0e132a8&quot; class=&quot;img-responsive&quot; src=&quot;http://zhihuiduo-admin.com/passets/f601a70fccef4e57a92e6ecd1f8c44b9/2017/10/30/1509331916105.jpg&quot;/&gt;&lt;img id=&quot;ecac274b24934fbc98220975245979b1&quot; class=&quot;img-responsive&quot; src=&quot;http://zhihuiduo-admin.com/passets/f601a70fccef4e57a92e6ecd1f8c44b9/2017/10/30/1509331916279.jpg&quot;/&gt;&lt;/p&gt;',NULL,NULL,NULL,NULL,NULL,NULL,NULL,NULL,0,NULL,NULL,NULL,NULL,'online',NULL,NULL,NULL,NULL,NULL,0),('fee41cc3601b4c2c89247a32018bc65b',NULL,NULL,NULL,'2017-10-30 01:52:39',NULL,1,NULL,NULL,38,0,NULL,'电脑双肩包_韩版防水商务电脑双肩包 男式双肩包旅行包学生',NULL,NULL,NULL,NULL,NULL,NULL,'&lt;img id=&amp;quot;39f648e02d8048f9907f4dc327c14eae&amp;quot; class=&amp;quot;img-responsive&amp;quot; src=&amp;quot;http://zhihuiduo-admin.com/passets/fee41cc3601b4c2c89247a32018bc65b/2017/10/30/1509328359940.jpg&amp;quot;/&gt;&lt;img id=&amp;quot;d6d8b893ab4f4de98a481af49a9163d8&amp;quot; class=&amp;quot;img-responsive&amp;quot; src=&amp;quot;http://zhihuiduo-admin.com/passets/fee41cc3601b4c2c89247a32018bc65b/2017/10/30/1509328360178.jpg&amp;quot;/&gt;&lt;img id=&amp;quot;5e585f62584b44c096489b38b639b5b6&amp;quot; class=&amp;quot;img-responsive&amp;quot; src=&amp;quot;http://zhihuiduo-admin.com/passets/fee41cc3601b4c2c89247a32018bc65b/2017/10/30/1509328360379.jpg&amp;quot;/&gt;&lt;img id=&amp;quot;2f1dbb1c86384177b1a6c0b8780465a8&amp;quot; class=&amp;quot;img-responsive&amp;quot; src=&amp;quot;http://zhihuiduo-admin.com/passets/fee41cc3601b4c2c89247a32018bc65b/2017/10/30/1509328360808.jpg&amp;quot;/&gt;&lt;img id=&amp;quot;8cb11b140bab4a95aaf63fd2fb783782&amp;quot; class=&amp;quot;img-responsive&amp;quot; src=&amp;quot;http://zhihuiduo-admin.com/passets/fee41cc3601b4c2c89247a32018bc65b/2017/10/30/1509328361102.jpg&amp;quot;/&gt;&lt;img id=&amp;quot;72b32bb1d5c84ab4a3cea6e11a0b28bb&amp;quot; class=&amp;quot;img-responsive&amp;quot; src=&amp;quot;http://zhihuiduo-admin.com/passets/fee41cc3601b4c2c89247a32018bc65b/2017/10/30/1509328361365.jpg&amp;quot;/&gt;&lt;img id=&amp;quot;1f1d192ff8104580b4d7d3f8c19db201&amp;quot; class=&amp;quot;img-responsive&amp;quot; src=&amp;quot;http://zhihuiduo-admin.com/passets/fee41cc3601b4c2c89247a32018bc65b/2017/10/30/1509328361550.jpg&amp;quot;/&gt;&lt;img id=&amp;quot;13ad2b935e7849b0958e8ae73d48bbee&amp;quot; class=&amp;quot;img-responsive&amp;quot; src=&amp;quot;http://zhihuiduo-admin.com/passets/fee41cc3601b4c2c89247a32018bc65b/2017/10/30/1509328361737.jpg&amp;quot;/&gt;&lt;img id=&amp;quot;ee32b8813a704a17a1d71f66edfb0818&amp;quot; class=&amp;quot;img-responsive&amp;quot; src=&amp;quot;http://zhihuiduo-admin.com/passets/fee41cc3601b4c2c89247a32018bc65b/2017/10/30/1509328361889.jpg&amp;quot;/&gt;&lt;img id=&amp;quot;1ee64b7f49ee40a4a8dea47a4266eeb7&amp;quot; class=&amp;quot;img-responsive&amp;quot; src=&amp;quot;http://zhihuiduo-admin.com/passets/fee41cc3601b4c2c89247a32018bc65b/2017/10/30/1509328362071.jpg&amp;quot;/&gt;&lt;img id=&amp;quot;77b7a314ccc34412937306fc966d1c3a&amp;quot; class=&amp;quot;img-responsive&amp;quot; src=&amp;quot;http://zhihuiduo-admin.com/passets/fee41cc3601b4c2c89247a32018bc65b/2017/10/30/1509328362302.jpg&amp;quot;/&gt;&lt;img id=&amp;quot;d34a853bd8294f01ab0d16144d80dd62&amp;quot; class=&amp;quot;img-responsive&amp;quot; src=&amp;quot;http://zhihuiduo-admin.com/passets/fee41cc3601b4c2c89247a32018bc65b/2017/10/30/1509328362523.jpg&amp;quot;/&gt;&lt;img id=&amp;quot;22794cee287c46b190c82fa5ef5cdc7a&amp;quot; class=&amp;quot;img-responsive&amp;quot; src=&amp;quot;http://zhihuiduo-admin.com/passets/fee41cc3601b4c2c89247a32018bc65b/2017/10/30/1509328362718.jpg&amp;quot;/&gt;&lt;img id=&amp;quot;e0ee855ef51f4d539854ce69de8e2364&amp;quot; class=&amp;quot;img-responsive&amp;quot; src=&amp;quot;http://zhihuiduo-admin.com/passets/fee41cc3601b4c2c89247a32018bc65b/2017/10/30/1509328362864.jpg&amp;quot;/&gt;&lt;img id=&amp;quot;73fbbfbfbdd1430db432b61e409bdd20&amp;quot; class=&amp;quot;img-responsive&amp;quot; src=&amp;quot;http://zhihuiduo-admin.com/passets/fee41cc3601b4c2c89247a32018bc65b/2017/10/30/1509328363048.jpg&amp;quot;/&gt;&lt;img id=&amp;quot;7c7bb22506f84d7bb4f358a2a63f2894&amp;quot; class=&amp;quot;img-responsive&amp;quot; src=&amp;quot;http://zhihuiduo-admin.com/passets/fee41cc3601b4c2c89247a32018bc65b/2017/10/30/1509328363203.jpg&amp;quot;/&gt;&lt;img id=&amp;quot;82571dfcd9ce45bd9560fb03ee84098b&amp;quot; class=&amp;quot;img-responsive&amp;quot; src=&amp;quot;http://zhihuiduo-admin.com/passets/fee41cc3601b4c2c89247a32018bc65b/2017/10/30/1509328363383.jpg&amp;quot;/&gt;&lt;img id=&amp;quot;92c42d85050c454da38116d632c7393a&amp;quot; class=&amp;quot;img-responsive&amp;quot; src=&amp;quot;http://zhihuiduo-admin.com/passets/fee41cc3601b4c2c89247a32018bc65b/2017/10/30/1509328363513.jpg&amp;quot;/&gt;&lt;img id=&amp;quot;f1c38d86fc9b45469c48a423c2992020&amp;quot; class=&amp;quot;img-responsive&amp;quot; src=&amp;quot;http://zhihuiduo-admin.com/passets/fee41cc3601b4c2c89247a32018bc65b/2017/10/30/1509328363638.jpg&amp;quot;/&gt;&lt;img id=&amp;quot;5d29e0dd0186404eac923db1052b14d4&amp;quot; class=&amp;quot;img-responsive&amp;quot; src=&amp;quot;http://zhihuiduo-admin.com/passets/fee41cc3601b4c2c89247a32018bc65b/2017/10/30/1509328363859.jpg&amp;quot;/&gt;&lt;img id=&amp;quot;251f5d98d8d849b795d1f0a9ac1c7702&amp;quot; class=&amp;quot;img-responsive&amp;quot; src=&amp;quot;http://zhihuiduo-admin.com/passets/fee41cc3601b4c2c89247a32018bc65b/2017/10/30/1509328364208.jpg&amp;quot;/&gt;&lt;img id=&amp;quot;39ae788edbd94314bea9786022b5a0b8&amp;quot; class=&amp;quot;img-responsive&amp;quot; src=&amp;quot;http://zhihuiduo-admin.com/passets/fee41cc3601b4c2c89247a32018bc65b/2017/10/30/1509328364453.jpg&amp;quot;/&gt;&lt;img id=&amp;quot;1f0f5947b6134c039e6b88c0ec001f8f&amp;quot; class=&amp;quot;img-responsive&amp;quot; src=&amp;quot;http://zhihuiduo-admin.com/passets/fee41cc3601b4c2c89247a32018bc65b/2017/10/30/1509328364699.jpg&amp;quot;/&gt;&lt;img id=&amp;quot;d3b40a4e93ec4023881bb4fe2b4aa0c6&amp;quot; class=&amp;quot;img-responsive&amp;quot; src=&amp;quot;http://zhihuiduo-admin.com/passets/fee41cc3601b4c2c89247a32018bc65b/2017/10/30/1509328364957.jpg&amp;quot;/&gt;&lt;img id=&amp;quot;a2d20cf43be647e19cf3cd812ee9ba8e&amp;quot; class=&amp;quot;img-responsive&amp;quot; src=&amp;quot;http://zhihuiduo-admin.com/passets/fee41cc3601b4c2c89247a32018bc65b/2017/10/30/1509328365183.jpg&amp;quot;/&gt;&lt;img id=&amp;quot;ef76658e24774894a693ed5c74546a5a&amp;quot; class=&amp;quot;img-responsive&amp;quot; src=&amp;quot;http://zhihuiduo-admin.com/passets/fee41cc3601b4c2c89247a32018bc65b/2017/10/30/1509328365327.jpg&amp;quot;/&gt;&lt;img id=&amp;quot;aef20adcae4647c786f2fff7325a52d0&amp;quot; class=&amp;quot;img-responsive&amp;quot; src=&amp;quot;http://zhihuiduo-admin.com/passets/fee41cc3601b4c2c89247a32018bc65b/2017/10/30/1509328365525.jpg&amp;quot;/&gt;&lt;img id=&amp;quot;f8d13dbe031f42ebb414e9247c618c58&amp;quot; class=&amp;quot;img-responsive&amp;quot; src=&amp;quot;http://zhihuiduo-admin.com/passets/fee41cc3601b4c2c89247a32018bc65b/2017/10/30/1509328365666.jpg&amp;quot;/&gt;&lt;img id=&amp;quot;4fe12dc3155941aea08a72500402f4f5&amp;quot; class=&amp;quot;img-responsive&amp;quot; src=&amp;quot;http://zhihuiduo-admin.com/passets/fee41cc3601b4c2c89247a32018bc65b/2017/10/30/1509328371422.jpg&amp;quot;/&gt;&lt;img id=&amp;quot;19e4877139f347208a67130cb885f786&amp;quot; class=&amp;quot;img-responsive&amp;quot; src=&amp;quot;http://zhihuiduo-admin.com/passets/fee41cc3601b4c2c89247a32018bc65b/2017/10/30/1509328371785.jpg&amp;quot;/&gt;&lt;img id=&amp;quot;ee255b198b02494fb58bd3be8fc10b20&amp;quot; class=&amp;quot;img-responsive&amp;quot; src=&amp;quot;http://zhihuiduo-admin.com/passets/fee41cc3601b4c2c89247a32018bc65b/2017/10/30/1509328372010.jpg&amp;quot;/&gt;&lt;img id=&amp;quot;a2c2446ba73a4c8480b3c1a9511eba9b&amp;quot; class=&amp;quot;img-responsive&amp;quot; src=&amp;quot;http://zhihuiduo-admin.com/passets/fee41cc3601b4c2c89247a32018bc65b/2017/10/30/1509328372174.jpg&amp;quot;/&gt;&lt;img id=&amp;quot;0c550266cdf045c5ba15a5d4bb9d8055&amp;quot; class=&amp;quot;img-responsive&amp;quot; src=&amp;quot;http://zhihuiduo-admin.com/passets/fee41cc3601b4c2c89247a32018bc65b/2017/10/30/1509328372365.jpg&amp;quot;/&gt;&lt;img id=&amp;quot;061cbd2fa1c24f8e9442458ab5d0b8c8&amp;quot; class=&amp;quot;img-responsive&amp;quot; src=&amp;quot;http://zhihuiduo-admin.com/passets/fee41cc3601b4c2c89247a32018bc65b/2017/10/30/1509328372572.jpg&amp;quot;/&gt;&lt;img id=&amp;quot;82fac16f850149b88df6d2af9a766ece&amp;quot; class=&amp;quot;img-responsive&amp;quot; src=&amp;quot;http://zhihuiduo-admin.com/passets/fee41cc3601b4c2c89247a32018bc65b/2017/10/30/1509328372771.jpg&amp;quot;/&gt;&lt;img id=&amp;quot;1da0899d7a9d44778e26aeb1529983fe&amp;quot; class=&amp;quot;img-responsive&amp;quot; src=&amp;quot;http://zhihuiduo-admin.com/passets/fee41cc3601b4c2c89247a32018bc65b/2017/10/30/1509328372933.jpg&amp;quot;/&gt;&lt;img id=&amp;quot;3c6f6a814c074893b256be455beed9e0&amp;quot; class=&amp;quot;img-responsive&amp;quot; src=&amp;quot;http://zhihuiduo-admin.com/passets/fee41cc3601b4c2c89247a32018bc65b/2017/10/30/1509328373108.jpg&amp;quot;/&gt;&lt;img id=&amp;quot;b75d34057c84440a9229ca38ec0512ff&amp;quot; class=&amp;quot;img-responsive&amp;quot; src=&amp;quot;http://zhihuiduo-admin.com/passets/fee41cc3601b4c2c89247a32018bc65b/2017/10/30/1509328373362.jpg&amp;quot;/&gt;',NULL,NULL,NULL,NULL,NULL,NULL,NULL,NULL,0,NULL,NULL,NULL,NULL,'online',NULL,NULL,NULL,NULL,NULL,0),('ffc50c6468734d51a7719c36e581e932',NULL,NULL,NULL,'2017-10-29 13:35:32',NULL,1,NULL,NULL,31,0,NULL,NULL,NULL,NULL,NULL,NULL,NULL,NULL,NULL,NULL,NULL,NULL,NULL,NULL,NULL,NULL,NULL,0,NULL,NULL,NULL,NULL,'online',NULL,NULL,NULL,NULL,NULL,NULL);
/*!40000 ALTER TABLE `pr_product` ENABLE KEYS */;
UNLOCK TABLES;

--
-- Table structure for table `pr_product_package_price`
--

DROP TABLE IF EXISTS `pr_product_package_price`;
/*!40101 SET @saved_cs_client     = @@character_set_client */;
/*!40101 SET character_set_client = utf8 */;
CREATE TABLE `pr_product_package_price` (
  `ID` varchar(32) NOT NULL,
  `PROPERTIES` varchar(360) DEFAULT NULL COMMENT '属性组合',
  `INDEPENDENT_PRICE` varchar(45) DEFAULT NULL COMMENT '属性值组合价',
  `PRODUCT_ID` varchar(32) DEFAULT NULL COMMENT '产品ID，根据ID可以取出产品不同的组合价钱',
  `GOURP_PRICE` varchar(45) DEFAULT NULL COMMENT '团购价',
  `PROPERTY_ID` varchar(32) DEFAULT NULL COMMENT '属性ID',
  `PROPERTY_VAlUE_ID` varchar(330) DEFAULT NULL,
  `DISABLE` tinyint(4) DEFAULT '0',
  `ICON` varchar(120) DEFAULT NULL COMMENT '属性对应的图片',
  PRIMARY KEY (`ID`),
  KEY `FK_PACKAGE_PRICE_PRODUCT_idx` (`PRODUCT_ID`),
  CONSTRAINT `FK_PACKAGE_PRICE_PRODUCT` FOREIGN KEY (`PRODUCT_ID`) REFERENCES `pr_product` (`ID`) ON DELETE CASCADE ON UPDATE CASCADE
) ENGINE=InnoDB DEFAULT CHARSET=utf8 COMMENT='产品有不同的属性，这个时候不同的规格，大小，颜色，可能产生不同价格，比如苹果手机白色的比黑色的要贵，这个时候需要一个表来记录不同属性产生的价格，';
/*!40101 SET character_set_client = @saved_cs_client */;

--
-- Dumping data for table `pr_product_package_price`
--

LOCK TABLES `pr_product_package_price` WRITE;
/*!40000 ALTER TABLE `pr_product_package_price` DISABLE KEYS */;
INSERT INTO `pr_product_package_price` VALUES ('10df0123646842ec982afdc9c88b62ac',NULL,'12','99fda1d4bd0f4b7ebc596cc393688590','12',NULL,'150580576785333',0,'passets/99fda1d4bd0f4b7ebc596cc393688590/2017/9/19/1505787751266.jpeg'),('6bf50691d40f4dd095f1c6745f213224',NULL,'14','150383670510593','8',NULL,'150383677798623_150426763581353_150449840098737',0,NULL),('73731e72cd704ee9a015273882f7717a',NULL,'12','c6dd09184e7d4f8ab7b9d96edbaf3595','12',NULL,'150574544039022',0,'passets/c6dd09184e7d4f8ab7b9d96edbaf3595/2017/9/18/1505721764961.jpeg'),('9aa0588bc6ab4b699d8c2d64b529e9ed',NULL,'12','150383670510593','6',NULL,'150383677798623_150426761471323_150449840098737',0,NULL),('eb90100351334db9ba722740856ba84e',NULL,'15','150383670510593','9',NULL,'150383677798623_150426763581353_150449841005324',0,NULL),('f0d45804dcd44754812354e85941c53f',NULL,'13','150383670510593','7',NULL,'150383677798623_150426761471323_150449841005324',0,NULL);
/*!40000 ALTER TABLE `pr_product_package_price` ENABLE KEYS */;
UNLOCK TABLES;

--
-- Table structure for table `pr_product_property`
--

DROP TABLE IF EXISTS `pr_product_property`;
/*!40101 SET @saved_cs_client     = @@character_set_client */;
/*!40101 SET character_set_client = utf8 */;
CREATE TABLE `pr_product_property` (
  `ID` varchar(120) NOT NULL,
  `NAME` varchar(45) DEFAULT NULL COMMENT '属性名称',
  `CODE` varchar(45) DEFAULT NULL COMMENT '英文代码',
  `DESCRIPTION` varchar(45) DEFAULT NULL COMMENT '属性表描述',
  `PRODUCT_ID` varchar(32) DEFAULT NULL,
  PRIMARY KEY (`ID`),
  KEY `FK_PROPERTY_PRODUCT_idx` (`PRODUCT_ID`)
) ENGINE=InnoDB DEFAULT CHARSET=utf8 COMMENT='产品属性表';
/*!40101 SET character_set_client = @saved_cs_client */;

--
-- Dumping data for table `pr_product_property`
--

LOCK TABLES `pr_product_property` WRITE;
/*!40000 ALTER TABLE `pr_product_property` DISABLE KEYS */;
INSERT INTO `pr_product_property` VALUES ('15028412955799','款式','style','',NULL),('150284145896292','规格','specification','',NULL),('150284148370969','尺寸','size','',NULL),('150284150590025','颜色','color','',NULL),('15028415409685','容量','capacity','',NULL),('150284156334250','套餐','combo','',NULL),('150284157674586','重量','weight','',NULL),('150581525331091','口味','kouwei','',NULL),('150581584464190','型号','xinghao','',NULL),('150581587881278','其它','other','',NULL);
/*!40000 ALTER TABLE `pr_product_property` ENABLE KEYS */;
UNLOCK TABLES;

--
-- Table structure for table `pr_product_property_value`
--

DROP TABLE IF EXISTS `pr_product_property_value`;
/*!40101 SET @saved_cs_client     = @@character_set_client */;
/*!40101 SET character_set_client = utf8 */;
CREATE TABLE `pr_product_property_value` (
  `ID` varchar(32) NOT NULL,
  `NAME` varchar(45) DEFAULT NULL COMMENT '属性名称',
  `CODE` varchar(45) DEFAULT NULL COMMENT '英文代码',
  `DESCRIPTION` varchar(45) DEFAULT NULL COMMENT '属性表描述',
  `PROPERTY_ID` varchar(32) DEFAULT NULL COMMENT '属性ID',
  `IMAGE_ID` varchar(120) DEFAULT NULL COMMENT '属性值对应的图片',
  `DISABLE` tinyint(1) DEFAULT '0' COMMENT '是否禁用，0否，1是',
  `PRODUCT_ID` varchar(32) DEFAULT NULL,
  PRIMARY KEY (`ID`),
  KEY `FK_PRO_VALUE_PROPERTY_idx` (`PROPERTY_ID`),
  KEY `FK_PRO_VALUE_PRODUCT_idx` (`PRODUCT_ID`),
  CONSTRAINT `FK_PRO_VALUE_PRODUCT` FOREIGN KEY (`PRODUCT_ID`) REFERENCES `pr_product` (`ID`) ON DELETE CASCADE ON UPDATE CASCADE,
  CONSTRAINT `FK_PRO_VALUE_PROPERTY` FOREIGN KEY (`PROPERTY_ID`) REFERENCES `pr_product_property` (`ID`) ON DELETE CASCADE ON UPDATE CASCADE
) ENGINE=InnoDB DEFAULT CHARSET=utf8 COMMENT='产品属性值';
/*!40101 SET character_set_client = @saved_cs_client */;

--
-- Dumping data for table `pr_product_property_value`
--

LOCK TABLES `pr_product_property_value` WRITE;
/*!40000 ALTER TABLE `pr_product_property_value` DISABLE KEYS */;
INSERT INTO `pr_product_property_value` VALUES ('01703352cf4146f18548c9cd058eb3b3','驼色（卡其）',NULL,NULL,'150284150590025',NULL,0,'856797c8a0ec40459de96563130f4395'),('07f49c6f326e4f1183d11df9ddf85b0e','黑色',NULL,NULL,'150284150590025',NULL,0,'bfe3a780204b4f719e557ad1997cea28'),('08c76ac3fd594c41885bd6727bb7922a','黑色',NULL,NULL,'150284150590025',NULL,0,'66ff3df6bec14d2bb3a7a53b8bac76fb'),('12b31957bd154354b822e350fa17d015','粉红色',NULL,NULL,'150284150590025',NULL,0,'5531ac3153fe43c58324af949fa20d0c'),('150574544039022','rt',NULL,NULL,'15028412955799',NULL,0,'c6dd09184e7d4f8ab7b9d96edbaf3595'),('150580576785333','324',NULL,NULL,'15028412955799',NULL,0,'99fda1d4bd0f4b7ebc596cc393688590'),('153cc93f1e604321a522f9827def691a','粉红色',NULL,NULL,'150284150590025',NULL,0,'b3fe553c56ce4293b1670654d7e3b9de'),('15c917aec1a14d049c43f48feb2e16ae','白色',NULL,NULL,'150284150590025',NULL,0,'b741066631ac4ac8a1bcce51d2c4db82'),('171e62cee6d946c8ac7f980c3205af59','酒红色',NULL,NULL,'150284150590025',NULL,0,'d5d4a73895154388bd68953e8054ae37'),('18a3263c92044609b9c5c8f037ba2ae0','黑色',NULL,NULL,'150284150590025',NULL,0,'f601a70fccef4e57a92e6ecd1f8c44b9'),('19b2c6b704f44bfc81382e3c9d86ea76','粉红色',NULL,NULL,'150284150590025',NULL,0,'ffc50c6468734d51a7719c36e581e932'),('1cc0eff216b24e359df50212d9e2f53b','白色',NULL,NULL,'150284150590025',NULL,0,'856797c8a0ec40459de96563130f4395'),('240a08c54cca4e51910201392578489c','酒红色',NULL,NULL,'150284150590025',NULL,0,'856797c8a0ec40459de96563130f4395'),('28163c7f209a43fdb2080834eb550046','白色',NULL,NULL,'150284150590025',NULL,0,'2d5f06b29f8147cf92b8f8e211ebb3c8'),('2cb2db004e08487cb17afeeece4f963b','驼色（卡其）',NULL,NULL,'150284150590025',NULL,0,'6dc0efe40a7147a1ab3bf055d9e32f88'),('3048015f066a47d484c92511106ec892','白色',NULL,NULL,'150284150590025',NULL,0,'ffc50c6468734d51a7719c36e581e932'),('32d6184c9ca2409f8d374f24c316fc4b','黑色',NULL,NULL,'150284150590025',NULL,0,'856797c8a0ec40459de96563130f4395'),('34b02dbba18b4adfbd31d297aabdf6ad','灰色',NULL,NULL,'150284150590025',NULL,0,'d5d4a73895154388bd68953e8054ae37'),('37ed377c98ad419b99d0e4ff63ce0a84','驼色（卡其）',NULL,NULL,'150284150590025',NULL,0,'b741066631ac4ac8a1bcce51d2c4db82'),('39303f7fd8034d6282a54b7df5278e4d','驼色（卡其）',NULL,NULL,'150284150590025',NULL,0,'5531ac3153fe43c58324af949fa20d0c'),('393ad7f7fb8e4b149fdda51125cafd7d','黑色',NULL,NULL,'150284150590025',NULL,0,'fee41cc3601b4c2c89247a32018bc65b'),('39c1ea5182934bcfaee06ab859936e5e','白色',NULL,NULL,'150284150590025',NULL,0,'b3fe553c56ce4293b1670654d7e3b9de'),('3e757b09daa74367850e84259538aa34','粉红色',NULL,NULL,'150284150590025',NULL,0,'6dc0efe40a7147a1ab3bf055d9e32f88'),('537556562c54438cb64a2dabcb497376','黑色',NULL,NULL,'150284150590025',NULL,0,'2d5f06b29f8147cf92b8f8e211ebb3c8'),('565b86391e554f3f99f74156b6dae658','灰色',NULL,NULL,'150284150590025',NULL,0,'856797c8a0ec40459de96563130f4395'),('5b5d25a4db1043d9a3464057bef7d7c9','粉红色',NULL,NULL,'150284150590025',NULL,0,'2a98b034e5184e88bbb7b03bf19087ca'),('6049c914db98405f882edec419329f6a','酒红色',NULL,NULL,'150284150590025',NULL,0,'ffc50c6468734d51a7719c36e581e932'),('60debfc72b49473684d80825eeedb7c5','黑色',NULL,NULL,'150284150590025',NULL,0,'804b0718ee144baab6f4e5174144ddbb'),('63a18ded8be44e3aae712979de04e153','粉红色',NULL,NULL,'150284150590025',NULL,0,'d5d4a73895154388bd68953e8054ae37'),('6979f18587634f41a7409349df0bad1b','粉红色',NULL,NULL,'150284150590025',NULL,0,'2d5f06b29f8147cf92b8f8e211ebb3c8'),('69ee4179eb35482b82f175c70df9cb99','黑色',NULL,NULL,'150284150590025',NULL,0,'1902d78c88654580ba0b61fb842f3acc'),('72e7605d9cf44823ac71645815f610d5','黑色',NULL,NULL,'150284150590025',NULL,0,'d5d4a73895154388bd68953e8054ae37'),('76e9b5d6221247019c3dbf89fbc13434','驼色（卡其）',NULL,NULL,'150284150590025',NULL,0,'ffc50c6468734d51a7719c36e581e932'),('7c1ae5574d4d48c6a34c1d5ce811c05c','黑色',NULL,NULL,'150284150590025',NULL,0,'5531ac3153fe43c58324af949fa20d0c'),('7ee0dfa9118d4c5fb13976b5e812bfe9','酒红色',NULL,NULL,'150284150590025',NULL,0,'b741066631ac4ac8a1bcce51d2c4db82'),('7f9af413f6664e8ab641fb2c432d3996','黑色',NULL,NULL,'150284150590025',NULL,0,'2a98b034e5184e88bbb7b03bf19087ca'),('8243e109f72641bfad3d68e157c67f38','灰色',NULL,NULL,'150284150590025',NULL,0,'ffc50c6468734d51a7719c36e581e932'),('830b1aa1a12f441e84a334d3b0853d5f','灰色',NULL,NULL,'150284150590025',NULL,0,'bfe3a780204b4f719e557ad1997cea28'),('87a60e7b92d94063ba097d9912711601','驼色（卡其）',NULL,NULL,'150284150590025',NULL,0,'2a98b034e5184e88bbb7b03bf19087ca'),('87e2cb167a334917a3964cb2402eb14f','驼色（卡其）',NULL,NULL,'150284150590025',NULL,0,'b3fe553c56ce4293b1670654d7e3b9de'),('912e2662003f41eb9cc61f6e58b10519','黑色',NULL,NULL,'150284150590025',NULL,0,'74c2c1344a6443c8935d46c11009f0b9'),('922a6c036fa4416a8b999c6c150040d0','酒红色',NULL,NULL,'150284150590025',NULL,0,'2a98b034e5184e88bbb7b03bf19087ca'),('954817445b504da9aa41f2d4fdaaa8d4','黑色',NULL,NULL,'150284150590025',NULL,0,'ffc50c6468734d51a7719c36e581e932'),('9e8ddcecb8ac48559c0eb33e5822732d','黑色',NULL,NULL,'150284150590025',NULL,0,'335792e6f955482ba3f9376902c6c203'),('a25ab78c3a9b4e128b21d8540c803a87','粉红色',NULL,NULL,'150284150590025',NULL,0,'bfe3a780204b4f719e557ad1997cea28'),('a8b2d260951149e2b87673e6b570bac5','黑色',NULL,NULL,'150284150590025',NULL,0,'0a18fdf641d0477a810444385ad43337'),('b231062a3fc74879b27a9693ca942ef7','驼色（卡其）',NULL,NULL,'150284150590025',NULL,0,'2d5f06b29f8147cf92b8f8e211ebb3c8'),('babbf35a50104fa98911b4a69c1b545c','酒红色',NULL,NULL,'150284150590025',NULL,0,'2d5f06b29f8147cf92b8f8e211ebb3c8'),('bdf06e0ab5e247a39e1e4beafcc5f4ce','灰色',NULL,NULL,'150284150590025',NULL,0,'2d5f06b29f8147cf92b8f8e211ebb3c8'),('bdf7170e8d354216944343bbc2e6739f','粉红色',NULL,NULL,'150284150590025',NULL,0,'b741066631ac4ac8a1bcce51d2c4db82'),('c7a076b827174527a3194c56d6136249','白色',NULL,NULL,'150284150590025',NULL,0,'5531ac3153fe43c58324af949fa20d0c'),('c7a1c09c5ee24e3faa9375bd25c28b11','灰色',NULL,NULL,'150284150590025',NULL,0,'b741066631ac4ac8a1bcce51d2c4db82'),('cca5e22f24c641a2b989620deef788d1','白色',NULL,NULL,'150284150590025',NULL,0,'2a98b034e5184e88bbb7b03bf19087ca'),('cfc5feb778944b248aac948817c1d5b0','驼色（卡其）',NULL,NULL,'150284150590025',NULL,0,'d5d4a73895154388bd68953e8054ae37'),('d5adeccb640e458a887a847d77c0d84a','酒红色',NULL,NULL,'150284150590025',NULL,0,'b3fe553c56ce4293b1670654d7e3b9de'),('d8d8bae0c0fa470682b7a8b7d6939852','白色',NULL,NULL,'150284150590025',NULL,0,'bfe3a780204b4f719e557ad1997cea28'),('d9644c2fc22d4ce2823d4dd70b0b0ff8','黑色',NULL,NULL,'150284150590025',NULL,0,'c361b1f813934de1abec22875e503e5e'),('daf15c61902740a68d7741f9bbc06fbe','灰色',NULL,NULL,'150284150590025',NULL,0,'5531ac3153fe43c58324af949fa20d0c'),('dc1e5ee3f3e44ceaa5f7351fe7775ba6','酒红色',NULL,NULL,'150284150590025',NULL,0,'bfe3a780204b4f719e557ad1997cea28'),('de28e19d29e7442fa5398fe9c4646445','灰色',NULL,NULL,'150284150590025',NULL,0,'6dc0efe40a7147a1ab3bf055d9e32f88'),('e223f13cd304499686b7706a6e1e7a2f','灰色',NULL,NULL,'150284150590025',NULL,0,'b3fe553c56ce4293b1670654d7e3b9de'),('e294ff9659b244608c94ab8269615dc7','黑色',NULL,NULL,'150284150590025',NULL,0,'b3fe553c56ce4293b1670654d7e3b9de'),('e2eacf9e90c9401888bd0039aeb32758','灰色',NULL,NULL,'150284150590025',NULL,0,'2a98b034e5184e88bbb7b03bf19087ca'),('e2f9dc495fdc4639b4f03595fcdace2e','驼色（卡其）',NULL,NULL,'150284150590025',NULL,0,'bfe3a780204b4f719e557ad1997cea28'),('edcca4dc30584934ab73693b1197803e','黑色',NULL,NULL,'150284150590025',NULL,0,'6dc0efe40a7147a1ab3bf055d9e32f88'),('ee028c2d15f44848806707cb5ea40bf1','白色',NULL,NULL,'150284150590025',NULL,0,'6dc0efe40a7147a1ab3bf055d9e32f88'),('ee103db86f3c4f22a33872863bd30b68','酒红色',NULL,NULL,'150284150590025',NULL,0,'6dc0efe40a7147a1ab3bf055d9e32f88'),('f06da38b5891417ba9e665db873cfdd6','白色',NULL,NULL,'150284150590025',NULL,0,'df4db0ea5d9e4e509c577c8d93db5d92'),('f1718ee4f38144f39be404acf88d6155','酒红色',NULL,NULL,'150284150590025',NULL,0,'5531ac3153fe43c58324af949fa20d0c'),('f60b01e6924a4260913b1f7f4fde1b3b','黑色',NULL,NULL,'150284150590025',NULL,0,'b741066631ac4ac8a1bcce51d2c4db82'),('f649b0fae9064b9eafda0e1a40442c6f','白色',NULL,NULL,'150284150590025',NULL,0,'d5d4a73895154388bd68953e8054ae37'),('fc83bb68333c4b32a0e9d84face0f518','粉红色',NULL,NULL,'150284150590025',NULL,0,'856797c8a0ec40459de96563130f4395');
/*!40000 ALTER TABLE `pr_product_property_value` ENABLE KEYS */;
UNLOCK TABLES;

--
-- Table structure for table `pr_supplier`
--

DROP TABLE IF EXISTS `pr_supplier`;
/*!40101 SET @saved_cs_client     = @@character_set_client */;
/*!40101 SET character_set_client = utf8 */;
CREATE TABLE `pr_supplier` (
  `ID` varchar(120) NOT NULL,
  `CREATOR` varchar(120) DEFAULT NULL COMMENT '创建人',
  `ORG_ID` varchar(32) DEFAULT NULL COMMENT '组织结构表ID，该字段用于过滤数据，不做外键关联',
  `UPDATER` varchar(120) DEFAULT NULL COMMENT '更新人',
  `CREATE_DATE` timestamp NULL DEFAULT CURRENT_TIMESTAMP COMMENT '创建日期',
  `UPDATE_DATE` timestamp NULL DEFAULT NULL COMMENT '更新日期',
  `DISABLE` tinyint(1) DEFAULT '0' COMMENT '是否禁用',
  `START_TIME` timestamp NULL DEFAULT NULL COMMENT '开始时间，用于查询绑定',
  `END_TIME` timestamp NULL DEFAULT NULL COMMENT '结束时间，用于查询绑定',
  `SORT` int(11) NOT NULL AUTO_INCREMENT COMMENT '排序',
  `IS_DEFAULT` tinyint(1) DEFAULT '0' COMMENT '是否为默认，0：非，1：是',
  `EN_NAME` varchar(120) DEFAULT NULL COMMENT '英文名称',
  `NAME` varchar(120) DEFAULT NULL COMMENT '名称',
  `DESCRIPTION` varchar(1200) DEFAULT NULL COMMENT '描述',
  `ICON` varchar(1200) DEFAULT NULL COMMENT '图标',
  `KEYWORDS` varchar(120) DEFAULT NULL COMMENT '关键字',
  `THUMBNAIL` varchar(1200) DEFAULT NULL COMMENT '缩略图',
  `CODE` varchar(120) DEFAULT NULL COMMENT '代码',
  `USER_ID` varchar(32) DEFAULT NULL COMMENT '用户的ID',
  `EMAIL` varchar(100) DEFAULT NULL COMMENT '邮箱',
  `MOBILPHONE` varchar(20) DEFAULT NULL COMMENT '电话',
  `ADDRESS` varchar(100) DEFAULT NULL COMMENT '地址',
  `CONTACTOR` varchar(45) DEFAULT NULL COMMENT '联系人姓名',
  PRIMARY KEY (`ID`),
  KEY `SORTINDEX` (`SORT`)
) ENGINE=InnoDB DEFAULT CHARSET=utf8 COMMENT='商品供应商';
/*!40101 SET character_set_client = @saved_cs_client */;

--
-- Dumping data for table `pr_supplier`
--

LOCK TABLES `pr_supplier` WRITE;
/*!40000 ALTER TABLE `pr_supplier` DISABLE KEYS */;
/*!40000 ALTER TABLE `pr_supplier` ENABLE KEYS */;
UNLOCK TABLES;

--
-- Table structure for table `shop`
--

DROP TABLE IF EXISTS `shop`;
/*!40101 SET @saved_cs_client     = @@character_set_client */;
/*!40101 SET character_set_client = utf8 */;
CREATE TABLE `shop` (
  `ID` varchar(120) NOT NULL,
  `CREATOR` varchar(120) DEFAULT NULL COMMENT '创建人',
  `ORG_ID` varchar(32) DEFAULT NULL COMMENT '组织结构表ID，该字段用于过滤数据，不做外键关联',
  `UPDATER` varchar(120) DEFAULT NULL COMMENT '更新人',
  `CREATE_DATE` timestamp NULL DEFAULT CURRENT_TIMESTAMP COMMENT '创建日期',
  `UPDATE_DATE` timestamp NULL DEFAULT NULL COMMENT '更新日期',
  `DISABLE` tinyint(1) DEFAULT '1' COMMENT '是否禁用',
  `START_TIME` timestamp NULL DEFAULT NULL COMMENT '开始时间，用于查询绑定',
  `END_TIME` timestamp NULL DEFAULT NULL COMMENT '结束时间，用于查询绑定',
  `SORT` int(11) NOT NULL AUTO_INCREMENT COMMENT '排序',
  `IS_DEFAULT` tinyint(1) DEFAULT '0' COMMENT '是否为默认，0：非，1：是',
  `EN_NAME` varchar(120) DEFAULT NULL COMMENT '英文名称',
  `NAME` varchar(120) DEFAULT NULL COMMENT '名称',
  `DESCRIPTION` varchar(1200) DEFAULT NULL COMMENT '描述',
  `ICON` varchar(1200) DEFAULT NULL COMMENT '图标',
  `KEYWORDS` varchar(120) DEFAULT NULL COMMENT '关键字',
  `THUMBNAIL` varchar(1200) DEFAULT NULL COMMENT '缩略图',
  `CODE` varchar(120) DEFAULT NULL COMMENT '代码',
  `CATEGORY_ID` varchar(120) DEFAULT NULL COMMENT '品牌外键ID',
  `CONTENT` text,
  `EN_CONTENT` text COMMENT '英文内容',
  `USER_ID` varchar(120) DEFAULT NULL,
  `CONTACT_TELEPHONE` varchar(45) DEFAULT NULL COMMENT '联系人',
  `EMAIL` varchar(45) DEFAULT NULL COMMENT '邮件',
  `ADMIN_NAME` varchar(45) DEFAULT NULL COMMENT '管理员姓名',
  PRIMARY KEY (`ID`),
  KEY `SORT` (`SORT`),
  KEY `FK_SHOP_SHOP_CATEGORY_idx` (`CATEGORY_ID`),
  KEY `FK_SHOP_TB_USER_idx` (`USER_ID`),
  CONSTRAINT `FK_SHOP_SHOP_CATEGORY` FOREIGN KEY (`CATEGORY_ID`) REFERENCES `shop_category` (`ID`) ON DELETE CASCADE ON UPDATE CASCADE,
  CONSTRAINT `FK_SHOP_TB_USER` FOREIGN KEY (`USER_ID`) REFERENCES `tb_user` (`ID`) ON DELETE CASCADE ON UPDATE CASCADE
) ENGINE=InnoDB AUTO_INCREMENT=19 DEFAULT CHARSET=utf8 COMMENT='店铺';
/*!40101 SET character_set_client = @saved_cs_client */;

--
-- Dumping data for table `shop`
--

LOCK TABLES `shop` WRITE;
/*!40000 ALTER TABLE `shop` DISABLE KEYS */;
INSERT INTO `shop` VALUES ('150375229485416',NULL,NULL,NULL,'2017-08-26 12:58:14','2017-09-09 13:34:15',1,NULL,NULL,18,0,NULL,'洋洋水果','健康科学儿童学习桌,伴孩子成长.我们有着完善的售前售后服务，有任何问题及时解决，放心购买安心使用。','uassets/2017/8/27/1503807062182.jpg',NULL,NULL,'yangyangshuiguo',NULL,'<p>洋洋水果是一家专门经营水果的商店，依托江南水果市场</p>',NULL,'150375229439161','13926205227','517714860@qq.com','13926205227');
/*!40000 ALTER TABLE `shop` ENABLE KEYS */;
UNLOCK TABLES;

--
-- Table structure for table `shop_category`
--

DROP TABLE IF EXISTS `shop_category`;
/*!40101 SET @saved_cs_client     = @@character_set_client */;
/*!40101 SET character_set_client = utf8 */;
CREATE TABLE `shop_category` (
  `ID` varchar(120) NOT NULL,
  `CREATOR` varchar(120) DEFAULT NULL COMMENT '创建人',
  `UPDATER` varchar(120) DEFAULT NULL COMMENT '更新人',
  `ORG_ID` varchar(32) DEFAULT NULL COMMENT '组织结构表ID，该字段用于过滤数据，不做外键关联',
  `CREATE_DATE` timestamp NULL DEFAULT CURRENT_TIMESTAMP COMMENT '创建日期',
  `UPDATE_DATE` timestamp NULL DEFAULT NULL COMMENT '更新日期',
  `DISABLE` tinyint(1) DEFAULT '0' COMMENT '是否禁用',
  `START_TIME` timestamp NULL DEFAULT NULL COMMENT '开始时间，用于查询绑定',
  `END_TIME` timestamp NULL DEFAULT NULL COMMENT '结束时间，用于查询绑定',
  `SORT` int(11) NOT NULL AUTO_INCREMENT COMMENT '排序',
  `IS_DEFAULT` tinyint(1) DEFAULT '0' COMMENT '是否为默认，0：非，1：是',
  `EN_NAME` varchar(120) DEFAULT NULL COMMENT '英文名称',
  `NAME` varchar(120) DEFAULT NULL COMMENT '种类名称',
  `DESCRIPTION` varchar(1200) DEFAULT NULL COMMENT '描述',
  `PARENT_ID` varchar(120) DEFAULT NULL COMMENT '父类ID',
  `PARENTIDS` varchar(3200) DEFAULT NULL COMMENT '父类IDS',
  `ICON` varchar(1200) DEFAULT NULL COMMENT '图标',
  `KEYWORDS` varchar(120) DEFAULT NULL COMMENT '关键字',
  `THUMBNAIL` varchar(1200) DEFAULT NULL COMMENT '缩略图',
  `CODE` varchar(120) DEFAULT NULL COMMENT '代码',
  PRIMARY KEY (`ID`),
  KEY `SORT` (`SORT`),
  KEY `fk_shop_category_shop_category_idx` (`PARENT_ID`),
  CONSTRAINT `fk_shop_category_shop_category` FOREIGN KEY (`PARENT_ID`) REFERENCES `shop_category` (`ID`) ON DELETE CASCADE ON UPDATE CASCADE
) ENGINE=InnoDB AUTO_INCREMENT=35 DEFAULT CHARSET=utf8 COMMENT='店铺分类';
/*!40101 SET character_set_client = @saved_cs_client */;

--
-- Dumping data for table `shop_category`
--

LOCK TABLES `shop_category` WRITE;
/*!40000 ALTER TABLE `shop_category` DISABLE KEYS */;
INSERT INTO `shop_category` VALUES ('150234567614056',NULL,NULL,NULL,'2017-08-10 06:14:36','2017-08-12 09:38:43',0,NULL,NULL,27,0,NULL,'123','sasasa','150234567614056',NULL,'images/uassets/2017/8/12/1502530153474.jpg',NULL,NULL,'123'),('150234567908665',NULL,NULL,NULL,'2017-08-10 06:14:39','2017-08-12 09:31:09',0,NULL,NULL,28,0,NULL,'as','sasasa','150234567614056',NULL,'images/uassets/2017/8/12/1502530266424.jpg',NULL,NULL,'as'),('150252980535768',NULL,NULL,NULL,'2017-08-12 09:23:25','2017-08-12 09:53:34',0,NULL,NULL,32,0,NULL,'我的店铺','testdsdsds',NULL,NULL,'images/uassets/2017/8/12/1502529790774.jpg',NULL,NULL,'myshopCategory'),('15025312782676',NULL,NULL,NULL,'2017-08-12 09:47:58','2017-08-12 09:48:20',0,NULL,NULL,34,0,NULL,'sdf','afsfa',NULL,NULL,'images/uassets/2017/8/12/1502531298140.jpg',NULL,NULL,'sdaf');
/*!40000 ALTER TABLE `shop_category` ENABLE KEYS */;
UNLOCK TABLES;

--
-- Table structure for table `tb_org`
--

DROP TABLE IF EXISTS `tb_org`;
/*!40101 SET @saved_cs_client     = @@character_set_client */;
/*!40101 SET character_set_client = utf8 */;
CREATE TABLE `tb_org` (
  `ID` varchar(32) NOT NULL COMMENT 'ID',
  `NAME` varchar(120) DEFAULT NULL COMMENT '机构名称',
  `PARENT_ID` varchar(32) DEFAULT NULL COMMENT '父类ID',
  `PARENTIDS` varchar(3200) DEFAULT NULL COMMENT '父类IDS',
  `CREATE_DATE` timestamp NULL DEFAULT CURRENT_TIMESTAMP COMMENT '创建日期',
  `UPDATE_DATE` timestamp NULL DEFAULT NULL COMMENT '更新日期',
  `CREATOR` varchar(120) DEFAULT NULL COMMENT '创建人',
  `UPDATER` varchar(120) DEFAULT NULL COMMENT '更新人',
  `DESCRIPTION` varchar(1200) DEFAULT NULL COMMENT '描述',
  `SORT` int(11) NOT NULL AUTO_INCREMENT COMMENT '排序',
  `CHECKED` tinyint(1) DEFAULT NULL COMMENT '是否勾选',
  `TYPE` varchar(120) DEFAULT NULL COMMENT '类型',
  `TEXT` varchar(45) DEFAULT NULL,
  PRIMARY KEY (`ID`),
  KEY `SORTINDEX` (`SORT`),
  KEY `FK_ORG_TO_ORG_idx` (`PARENT_ID`),
  CONSTRAINT `FK_ORG_TO_ORG` FOREIGN KEY (`PARENT_ID`) REFERENCES `tb_org` (`ID`) ON DELETE CASCADE ON UPDATE CASCADE
) ENGINE=InnoDB DEFAULT CHARSET=utf8 COMMENT='组织结构';
/*!40101 SET character_set_client = @saved_cs_client */;

--
-- Dumping data for table `tb_org`
--

LOCK TABLES `tb_org` WRITE;
/*!40000 ALTER TABLE `tb_org` DISABLE KEYS */;
/*!40000 ALTER TABLE `tb_org` ENABLE KEYS */;
UNLOCK TABLES;

--
-- Table structure for table `tb_resources`
--

DROP TABLE IF EXISTS `tb_resources`;
/*!40101 SET @saved_cs_client     = @@character_set_client */;
/*!40101 SET character_set_client = utf8 */;
CREATE TABLE `tb_resources` (
  `ID` varchar(32) NOT NULL,
  `NAME` varchar(120) DEFAULT NULL COMMENT '资源名称',
  `PARENT_ID` varchar(32) DEFAULT NULL COMMENT '父类ID',
  `PARENTIDS` varchar(340) DEFAULT NULL COMMENT '父类IDS',
  `CREATE_DATE` timestamp NULL DEFAULT CURRENT_TIMESTAMP COMMENT '创建日期',
  `UPDATE_DATE` timestamp NULL DEFAULT NULL COMMENT '更新日期',
  `CREATOR` varchar(120) DEFAULT NULL COMMENT '创建人',
  `UPDATER` varchar(120) DEFAULT NULL COMMENT '更新人',
  `DESCRIPTION` varchar(1200) DEFAULT NULL COMMENT '描述',
  `AUTH_NAME` varchar(120) DEFAULT NULL COMMENT '权限名称',
  `PATH` varchar(120) DEFAULT NULL COMMENT '访问路径',
  `SORT` int(11) DEFAULT NULL COMMENT '排序',
  `TYPE` varchar(120) DEFAULT NULL COMMENT '类型',
  `CHECKED` tinyint(1) DEFAULT NULL COMMENT '是否勾选',
  `TEXT` varchar(120) DEFAULT NULL COMMENT '文本',
  `CODE` varchar(120) DEFAULT NULL COMMENT '代码',
  `ORG_ID` varchar(32) DEFAULT NULL COMMENT '组织结构表ID，该字段用于过滤数据，不做外键关联',
  PRIMARY KEY (`ID`)
) ENGINE=InnoDB DEFAULT CHARSET=utf8 COMMENT='资源';
/*!40101 SET character_set_client = @saved_cs_client */;

--
-- Dumping data for table `tb_resources`
--

LOCK TABLES `tb_resources` WRITE;
/*!40000 ALTER TABLE `tb_resources` DISABLE KEYS */;
INSERT INTO `tb_resources` VALUES ('150183915978716','资源管理','150379508975520',NULL,NULL,NULL,NULL,NULL,'','system:resources:view','resources',NULL,'menu',NULL,NULL,'resourcesManage',NULL),('15018393878145','资源管理-新增','150183915978716','150183915978716','2017-08-04 09:36:28','2017-08-04 09:36:28',NULL,NULL,NULL,'system:resources:create',NULL,NULL,'button',NULL,NULL,'resourcesManageCreate',NULL),('150183945124351','资源管理-编辑','150183915978716','150183915978716','2017-08-04 09:37:31','2017-08-04 09:37:31',NULL,NULL,NULL,'system:resources:edit',NULL,NULL,'button',NULL,NULL,'resourcesManageEdit',NULL),('150198229992573','会员',NULL,NULL,NULL,NULL,NULL,NULL,'','member:member:view','member',NULL,'menu',NULL,NULL,'',NULL),('150251102697652','会员-新增','150198229992573',NULL,'2017-08-12 04:10:26','2017-08-12 08:44:50',NULL,NULL,'','member:member:create','',NULL,'menu',NULL,NULL,'memberCreate',NULL),('150379218609524','用户管理','150379508975520',NULL,NULL,NULL,NULL,NULL,'','system:user:view','user',NULL,'menu',NULL,NULL,'userManager',NULL),('150379360110449','用户管理-新增','150379218609524',NULL,'2017-08-27 00:26:41','2017-08-27 00:26:41',NULL,NULL,'','system:user:create','',NULL,'button',NULL,NULL,'userManagerCreate',NULL),('150379366774145','用户管理-编辑','150379218609524',NULL,'2017-08-27 00:27:47','2017-08-27 00:27:47',NULL,NULL,'','system:user:edit','',NULL,'button',NULL,NULL,'userManagerEdit',NULL),('15037937484304','用户管理-删除','150379218609524',NULL,'2017-08-27 00:29:08','2017-08-27 00:29:08',NULL,NULL,'','system:user:delete','',NULL,'button',NULL,NULL,'userManagerDelete',NULL),('150379396460869','个人中心',NULL,NULL,NULL,NULL,NULL,NULL,'个人中心，下面应有我的店铺，我的商品，我的订单，密码修改，分销我的商品会员，我的交易记录等','personal:view','personal',NULL,'menu',NULL,NULL,'personalManager',NULL),('150379406634697','我的店铺','150379396460869',NULL,NULL,NULL,NULL,NULL,'个人中心，我的店铺','personal:myshop:view','/personal/myshop',NULL,'menu',NULL,NULL,'personalMyshop',NULL),('150379504541678','角色管理','150379508975520',NULL,NULL,NULL,NULL,NULL,'角色管理','system:role:view','role',NULL,'menu',NULL,NULL,'roleManager',NULL),('150379508975520','系统管理',NULL,NULL,'2017-08-27 00:51:29','2017-08-27 00:51:29',NULL,NULL,'','system:view','',NULL,'menu',NULL,NULL,'systemManager',NULL),('150379525152179','角色管理-新增','150379504541678',NULL,'2017-08-27 00:54:11','2017-08-27 00:54:11',NULL,NULL,'','system:role:create','',NULL,'button',NULL,NULL,'userManager',NULL),('150379531977827','角色管理-编辑','150379504541678',NULL,NULL,NULL,NULL,NULL,'角色管理-编辑','system:role:edit','',NULL,'button',NULL,NULL,'userManagerEdit',NULL),('150379537058918','用户管理-删除','150379504541678',NULL,'2017-08-27 00:56:10','2017-08-27 00:56:10',NULL,NULL,'','system:role:delete','',NULL,'button',NULL,NULL,'userManagerDelete',NULL),('150379566954642','会员管理-编辑','150198229992573',NULL,'2017-08-27 01:01:09','2017-08-27 01:01:09',NULL,NULL,'会员管理-编辑','member:member:edit','',NULL,'button',NULL,NULL,'memberManagerEdit',NULL),('150379573995920','会员管理-删除','150198229992573',NULL,'2017-08-27 01:02:19','2017-08-27 01:02:19',NULL,NULL,'会员管理-删除','member:member:delete','',NULL,'button',NULL,NULL,'memberManagerDelete',NULL),('150379592744520','用户组管理','150379508975520',NULL,'2017-08-27 01:05:27','2017-08-27 01:05:27',NULL,NULL,'用户组管理','system:userGroup:view','userGroup',NULL,'menu',NULL,NULL,'userGroupManager',NULL),('150379597886185','用户组管理-新增','150379592744520',NULL,NULL,NULL,NULL,NULL,'用户组管理-新增','system:userGroup:create','',NULL,'button',NULL,NULL,'userGroupManagerCreate',NULL),('150379607694585','用户组管理-编辑','150379592744520',NULL,'2017-08-27 01:07:56','2017-08-27 01:07:56',NULL,NULL,'用户组管理-编辑','system:userGroup:edit','',NULL,'button',NULL,NULL,'userGroupManagerEdit',NULL),('150379612348988','用户管理-删除','150379592744520',NULL,'2017-08-27 01:08:43','2017-08-27 01:08:43',NULL,NULL,'用户管理-删除','system:userGroup:delete','',NULL,'button',NULL,NULL,'userGroupManagerDelete',NULL),('150379623171081','我的订单','150379396460869',NULL,'2017-08-27 01:10:31','2017-08-27 01:10:31',NULL,NULL,'我的订单页面','personal:myorder:view','personal/myorder',NULL,'menu',NULL,NULL,'personalmyorderview',NULL),('150379716573586','密码修改','150379396460869',NULL,NULL,NULL,NULL,NULL,'密码修改','personal:changePass:view','personal/changePass',NULL,'menu',NULL,NULL,'personalChangePassView',NULL),('150379754660161','竞猜管理',NULL,NULL,'2017-08-27 01:32:26','2017-08-27 01:32:26',NULL,NULL,'竞猜管理','member:guess:view','',NULL,'menu',NULL,NULL,'memberGuessManager',NULL),('150379759981057','竞猜分类管理','150379754660161',NULL,'2017-08-27 01:33:19','2017-08-27 01:33:19',NULL,NULL,'竞猜分类管理','member:guessCategory:view','guessCategory',NULL,'menu',NULL,NULL,'memberGuessCategoryManager',NULL),('150379766741257','竞猜分类管理-新增','150379759981057',NULL,'2017-08-27 01:34:27','2017-08-27 01:34:27',NULL,NULL,'竞猜分类管理-新增','member:guessCategory:create','',NULL,'button',NULL,NULL,'memberGuessCategoryCreate',NULL),('150379771338447','竞猜分类管理-编辑','150379759981057',NULL,'2017-08-27 01:35:13','2017-08-27 01:35:13',NULL,NULL,'竞猜分类管理-编辑','member:guessCategory:edit','',NULL,'button',NULL,NULL,'memberGuessCategoryEdit',NULL),('150379777604875','竞猜分类管理-删除','150379759981057',NULL,'2017-08-27 01:36:16','2017-08-27 01:36:16',NULL,NULL,'竞猜分类管理-删除','member:guessCategory:delete','',NULL,'button',NULL,NULL,'memberGuessCategoryDelete',NULL),('150379792589547','竞猜问题管理','150379754660161',NULL,'2017-08-27 01:38:45','2017-08-27 01:38:45',NULL,NULL,'竞猜问题管理','member:guessQuestion:view','guessQuestion',NULL,'button',NULL,NULL,'memberGuessQuestion',NULL),('150379807020543','竞猜问题管理-新增','150379792589547',NULL,'2017-08-27 01:41:10','2017-08-27 01:41:10',NULL,NULL,'竞猜问题管理-新增','member:guessQuestion:create','',NULL,'button',NULL,NULL,'memberGuessQuestionCreate',NULL),('15037982173041','竞猜问题管理-编辑','150379792589547',NULL,'2017-08-27 01:43:37','2017-08-27 01:43:37',NULL,NULL,'竞猜问题管理-编辑','member:guessQuestion:edit','',NULL,'button',NULL,NULL,'memberGuessQuestionEdit',NULL),('150379827523241','竞猜问题管理-删除','150379792589547',NULL,'2017-08-27 01:44:35','2017-08-27 01:44:35',NULL,NULL,'竞猜问题管理-删除','member:guessQuestion:delete','',NULL,'button',NULL,NULL,'memberGuessQuestionDelete',NULL),('150379858554549','商品管理',NULL,NULL,'2017-08-27 01:49:45','2017-08-27 01:49:45',NULL,NULL,'商品管理','product:view','',NULL,'menu',NULL,NULL,'productManager',NULL),('150379871535612','商品分类管理','150379858554549',NULL,'2017-08-27 01:51:55','2017-08-27 01:51:55',NULL,NULL,'商品分类管理','mall:prCategory:view','prCategory',NULL,'menu',NULL,NULL,'prCategoryManager',NULL),('150379895415851','商品分类管理-新增','150379871535612',NULL,'2017-08-27 01:55:54','2017-08-27 01:55:54',NULL,NULL,'商品分类管理-新增','mall:prCategory:create','',NULL,'button',NULL,NULL,'prCategoryManagerCreate',NULL),('150379930433113','商品分类管理-编辑','150379871535612',NULL,'2017-08-27 02:01:44','2017-08-27 02:01:44',NULL,NULL,'商品分类管理-编辑','mall:prCategory:edit','',NULL,'button',NULL,NULL,'prCategoryManagerEdit',NULL),('150379934975243','商品分类管理-删除','150379871535612',NULL,'2017-08-27 02:02:29','2017-08-27 02:02:29',NULL,NULL,'','mall:prCategory:delete','',NULL,'button',NULL,NULL,'prCategoryManagerDelete',NULL),('150379971306833','商品管理','150379858554549',NULL,'2017-08-27 02:08:33','2017-08-27 02:08:33',NULL,NULL,'商品管理','mall:product:view','product',NULL,'menu',NULL,NULL,'product',NULL),('150379979238088','商品管理-新增','150379971306833',NULL,'2017-08-27 02:09:52','2017-08-27 02:09:52',NULL,NULL,'商品管理-新增','mall:product:create','',NULL,'button',NULL,NULL,'mall:product:create',NULL),('150379983863770','商品管理-编辑','150379971306833',NULL,'2017-08-27 02:10:38','2017-08-27 02:10:38',NULL,NULL,'商品管理-编辑','mall:product:edit','',NULL,'button',NULL,NULL,'mall:product:edit',NULL),('150380032692268','商品管理-删除','150379971306833',NULL,'2017-08-27 02:18:46','2017-08-27 02:18:46',NULL,NULL,'商品管理-删除','mall:product:delete','',NULL,'button',NULL,NULL,'mall:product:delete',NULL),('150380043673149','商品属性管理','150379858554549',NULL,'2017-08-27 02:20:36','2017-08-27 02:20:36',NULL,NULL,'商品属性管理','mall:productProperty:view','productProperty',NULL,'menu',NULL,NULL,'mall:productProperty:view',NULL),('150380058592219','商品属性管理-新增','150380043673149',NULL,NULL,NULL,NULL,NULL,'商品属性管理-新增','mall:productProperty:create','',NULL,'button',NULL,NULL,'mall:productProperty:create',NULL),('150380070988029','商品属性管理-编辑','150380043673149',NULL,'2017-08-27 02:25:09','2017-08-27 02:25:09',NULL,NULL,'商品属性管理-编辑','mall:productProperty:edit','',NULL,'button',NULL,NULL,'mall:productProperty:edit',NULL),('150380083826115','商品属性管理-删除','150380043673149',NULL,'2017-08-27 02:27:18','2017-08-27 02:27:18',NULL,NULL,'商品属性管理-删除','mall:productProperty:delete','',NULL,'button',NULL,NULL,'mall:productProperty:delete',NULL),('150380109563978','商铺管理',NULL,NULL,'2017-08-27 02:31:35','2017-08-27 02:31:35',NULL,NULL,'','shop:shop:view','',NULL,'menu',NULL,NULL,'',NULL),('150380123402961','商铺分类管理','150380109563978',NULL,'2017-08-27 02:33:54','2017-08-27 02:33:54',NULL,NULL,'商铺分类管理','shop:shopCategory:view','shopCategory',NULL,'menu',NULL,NULL,'shop:shopCategory:view',NULL),('150380130913763','商铺分类管理-新增','150380123402961',NULL,'2017-08-27 02:35:09','2017-08-27 02:35:09',NULL,NULL,'商铺分类管理-新增','shop:shopCategory:create','',NULL,'button',NULL,NULL,'shop:shopCategory:create',NULL),('15038015824771','商铺分类管理-编辑','150380123402961',NULL,'2017-08-27 02:39:42','2017-08-27 02:39:42',NULL,NULL,'商铺分类管理-编辑','shop:shopCategory:edit','',NULL,'button',NULL,NULL,'shop:shopCategory:edit',NULL),('150380162808977','商铺分类管理-删除','150380123402961',NULL,'2017-08-27 02:40:28','2017-08-27 02:40:28',NULL,NULL,'商铺分类管理-删除','shop:shopCategory:delete','',NULL,'button',NULL,NULL,'shop:shopCategory:delete',NULL),('15038017353505','店铺管理','150380109563978',NULL,'2017-08-27 02:42:15','2017-08-27 02:42:15',NULL,NULL,'店铺管理','shop:shop:view','shop',NULL,'menu',NULL,NULL,'shop:shop:view',NULL),('15038017747621','店铺管理-新增','15038017353505',NULL,NULL,NULL,NULL,NULL,'店铺管理-新增','shop:shop:create','',NULL,'button',NULL,NULL,'shop:shop:create',NULL),('150380181148196','店铺管理-编辑','15038017353505',NULL,NULL,NULL,NULL,NULL,'店铺管理-编辑','shop:shop:edit','',NULL,'button',NULL,NULL,'shop:shop:edit',NULL),('150380254929161','店铺管理-删除','15038017353505',NULL,'2017-08-27 02:55:49','2017-08-27 02:55:49',NULL,NULL,'店铺管理-删除','shop:shop:delete','',NULL,'button',NULL,NULL,'shop:shop:delete',NULL),('150380265752454','订单管理',NULL,NULL,NULL,NULL,NULL,NULL,'订单管理','mall:order:view','order',NULL,'menu',NULL,NULL,'mall:order:view',NULL),('150380272979220','资源管理-新增','150183915978716',NULL,'2017-08-27 02:58:49','2017-08-27 02:58:49',NULL,NULL,'资源管理-新增','system:resources:delete','',NULL,'button',NULL,NULL,'system:resources:delete',NULL),('150380310674270','订单管理-新增','150380265752454',NULL,'2017-08-27 03:05:06','2017-08-27 03:05:06',NULL,NULL,'订单管理-新增','mall:order:create','',NULL,'button',NULL,NULL,'mall:order:create',NULL),('150380314132038','订单管理-编辑','150380265752454',NULL,NULL,NULL,NULL,NULL,'订单管理-编辑','mall:order:edit','',NULL,'button',NULL,NULL,'mall:order:edit',NULL),('150380345813745','订单管理-删除','150380265752454',NULL,'2017-08-27 03:10:58','2017-08-27 03:10:58',NULL,NULL,'订单管理-删除','mall:order:edit','',NULL,'button',NULL,NULL,'mall:order:edit',NULL),('150380378289536','会员账户管理',NULL,NULL,'2017-08-27 03:16:22','2017-08-27 03:16:22',NULL,NULL,'会员账户管理','member:memberAccount:view','memberAccount',NULL,'menu',NULL,NULL,'member:memberAccount:view',NULL),('15088485899853','微信管理',NULL,NULL,'2017-10-24 12:36:30',NULL,NULL,NULL,'微信管理','webchat:view','',NULL,'menu',NULL,NULL,'webchat',NULL),('150884877619758','微信设置','15088485899853',NULL,'2017-10-24 12:39:36',NULL,NULL,NULL,'微信设置设置只有一条数据，所以默认方法应该是返回一个表单','webchat:webconfig:view','webconfig',NULL,'menu',NULL,NULL,'webconfig',NULL),('150884887370030','微信设置','15088485899853',NULL,'2017-10-24 12:41:13',NULL,NULL,NULL,'微信消息推送设置只有一条数据，所以默认方法应该是返回一个表单','webchat:wechatpush:view','wechatpush',NULL,'menu',NULL,NULL,'wechatpush',NULL),('150884895316645','微信提醒','15088485899853',NULL,'2017-10-24 12:42:33',NULL,NULL,NULL,'微信提醒','webchat:wechatremind:view','wechatremind',NULL,'menu',NULL,NULL,'wechatremind',NULL),('150884916270524','进驻商管理',NULL,NULL,'2017-10-24 12:46:02',NULL,NULL,NULL,'进驻商管理','system:view','',NULL,'menu',NULL,NULL,'tbUserApply',NULL),('150884923109917','进驻商列表','150884916270524',NULL,'2017-10-24 12:47:11',NULL,NULL,NULL,'进驻商管理列表','system:tbUserApply:view','tbUserApply',NULL,'menu',NULL,NULL,'tbUserApply',NULL),('150884931012241','审核通过的进驻商列表','150884916270524',NULL,'2017-10-24 12:48:30',NULL,NULL,NULL,'审核通过的进驻商列表','system:tbUserApply:view','tbUserApply',NULL,'menu',NULL,NULL,'tbUserApply',NULL),('150919423854653','未审核的商品','150379971306833',NULL,NULL,NULL,NULL,NULL,'未审核的商品','mall:product:view','product/list?checkStatus=0',NULL,'menu',NULL,NULL,'mall:product:view',NULL),('150919426836199','已审核的商品','150379971306833',NULL,NULL,NULL,NULL,NULL,'已审核的商品','mall:product:view','product/list?checkStatus=1',NULL,'menu',NULL,NULL,'mall:product:view',NULL),('150919431807959','已审核的商品','150379971306833',NULL,NULL,NULL,NULL,NULL,'驳回的商品','mall:product:view','product/list?checkStatus=1',NULL,'menu',NULL,NULL,'mall:product:view',NULL);
/*!40000 ALTER TABLE `tb_resources` ENABLE KEYS */;
UNLOCK TABLES;

--
-- Table structure for table `tb_role`
--

DROP TABLE IF EXISTS `tb_role`;
/*!40101 SET @saved_cs_client     = @@character_set_client */;
/*!40101 SET character_set_client = utf8 */;
CREATE TABLE `tb_role` (
  `ID` varchar(32) NOT NULL,
  `NAME` varchar(32) DEFAULT NULL COMMENT '角色名称',
  `CREATE_DATE` timestamp NULL DEFAULT CURRENT_TIMESTAMP COMMENT '创建日期',
  `UPDATE_DATE` timestamp NULL DEFAULT NULL COMMENT '更新日期',
  `DISABLED` tinyint(1) DEFAULT '0' COMMENT '是否禁用,0否，1是',
  `CREATOR` varchar(120) DEFAULT NULL COMMENT '创建人',
  `UPDATER` varchar(120) DEFAULT NULL COMMENT '更新人',
  `SORT` int(11) NOT NULL AUTO_INCREMENT COMMENT '排序',
  `ORG_ID` varchar(32) DEFAULT NULL COMMENT '组织结构表ID，该字段用于过滤数据，不做外键关联',
  `CODE` varchar(45) DEFAULT NULL COMMENT '代码，比如管理员角色，可填写为admin_role',
  PRIMARY KEY (`ID`),
  KEY `SORTINDEX` (`SORT`)
) ENGINE=InnoDB AUTO_INCREMENT=3 DEFAULT CHARSET=utf8 COMMENT='角色组';
/*!40101 SET character_set_client = @saved_cs_client */;

--
-- Dumping data for table `tb_role`
--

LOCK TABLES `tb_role` WRITE;
/*!40000 ALTER TABLE `tb_role` DISABLE KEYS */;
INSERT INTO `tb_role` VALUES ('150183669467347','超级管理员','2017-08-04 08:51:34','2017-08-08 02:34:52',0,NULL,NULL,1,NULL,'adminRole'),('150236810620045','123','2017-08-10 12:28:26','2017-08-14 02:48:02',0,NULL,NULL,2,NULL,'123wr');
/*!40000 ALTER TABLE `tb_role` ENABLE KEYS */;
UNLOCK TABLES;

--
-- Table structure for table `tb_role_resources`
--

DROP TABLE IF EXISTS `tb_role_resources`;
/*!40101 SET @saved_cs_client     = @@character_set_client */;
/*!40101 SET character_set_client = utf8 */;
CREATE TABLE `tb_role_resources` (
  `ID` varchar(32) NOT NULL,
  `RESOURCES_ID` varchar(32) DEFAULT NULL,
  `ROLE_ID` varchar(32) DEFAULT NULL,
  PRIMARY KEY (`ID`),
  KEY `FK_ROLERESOURCES_RESOURCES_idx` (`RESOURCES_ID`),
  KEY `FK_ROLERESOURCE_ROLE_idx` (`ROLE_ID`),
  CONSTRAINT `FK_ROLERESOURCES_RESOURCES` FOREIGN KEY (`RESOURCES_ID`) REFERENCES `tb_resources` (`ID`) ON DELETE CASCADE ON UPDATE CASCADE,
  CONSTRAINT `FK_ROLERESOURCE_ROLE` FOREIGN KEY (`ROLE_ID`) REFERENCES `tb_role` (`ID`) ON DELETE CASCADE ON UPDATE CASCADE
) ENGINE=InnoDB DEFAULT CHARSET=utf8 COMMENT='角色资源中间表';
/*!40101 SET character_set_client = @saved_cs_client */;

--
-- Dumping data for table `tb_role_resources`
--

LOCK TABLES `tb_role_resources` WRITE;
/*!40000 ALTER TABLE `tb_role_resources` DISABLE KEYS */;
INSERT INTO `tb_role_resources` VALUES ('047c3bb95f584ff79a83ca46d5c38b85','150379807020543','150183669467347'),('0df27b1276cf4deaa8465c18a06b992c','150379754660161','150183669467347'),('11e2b4f504a74d4998bc5e0ee70a3458','150379895415851','150183669467347'),('150267749731230','150251102697652','150236810620045'),('150267749731255','15018393878145','150236810620045'),('150267749731275','150198229992573','150236810620045'),('150267749731278','150183915978716','150236810620045'),('150267749731299','150183945124351','150236810620045'),('150eeeeaa513464bb82b134a7f0817d1','150380083826115','150183669467347'),('28b76105d2234135a9215733cf800658','150379858554549','150183669467347'),('2a6f26d7a0a14b85afb3fcbad734c2bb','150379537058918','150183669467347'),('2e95b391776c4705965da1c404f02e2d','150380265752454','150183669467347'),('321c52c4210a4916a0ea7e81d20c19e5','150379366774145','150183669467347'),('33a85f386f7f4106a5d3c650e7d8158e','150379607694585','150183669467347'),('35bf28c0250b42aaad65c8323fb228c9','150379979238088','150183669467347'),('38ca06084c76467dac003e0feaa56d18','150380272979220','150183669467347'),('3db8083f36b64ed5903006f386dac4c3','150380043673149','150183669467347'),('404276e8ca0c4070a488a92864481a84','150379406634697','150183669467347'),('4f50d68c327b41b18449b9311e768a05','150379827523241','150183669467347'),('5114651ec1b54598baa770aaf6f9a84d','150380310674270','150183669467347'),('518c4ab2f34942c686476a10bcb1e0f5','150380254929161','150183669467347'),('53726909b34c4ebfb061d271b9c7aeca','150379531977827','150183669467347'),('5f6faa2c8b2d49aaa3933672a82a0eeb','150380070988029','150183669467347'),('5ff38157106346d7bcc8003223eacee5','150198229992573','150183669467347'),('6667c6463f1f4fc6ac44b8d697d3ff64','150379508975520','150183669467347'),('69b54f40cdb0468a8d1356a243481e38','150379771338447','150183669467347'),('6d318edb64ff493e9a7fa4ad67e318b7','150183915978716','150183669467347'),('6d3a3999c0fe48678f9656f80dddcf15','150380181148196','150183669467347'),('6e1278cbdcf04547a30e9ceba07ec958','150379971306833','150183669467347'),('6edd7a0c92964e3a99027f40414bab2c','15037937484304','150183669467347'),('75267e68e2904340927e5644e55a24a2','150379766741257','150183669467347'),('7557278f8edd48259b262f345dd872f2','150379573995920','150183669467347'),('81a2e5ef307b4d339e4f94c4eab09cf8','150379597886185','150183669467347'),('82629281528a4d7dbfa849c47a1f25b1','150379360110449','150183669467347'),('836833a00b84409487d99f5ed649eb5c','150379396460869','150183669467347'),('849675cb22764dcdb281c14ecb0d8942','150379792589547','150183669467347'),('861c3d832cdd4b509d161799853aa4bf','150379592744520','150183669467347'),('92a980bedd054d908c17fab30ece5899','150379930433113','150183669467347'),('96e53a0b5b9b43238c07fe32351495ed','150379218609524','150183669467347'),('9aafb0c97c244d31a968cb55337e3b21','150251102697652','150183669467347'),('9f7ee1bfcc88424ab1c8b9f433256615','150379759981057','150183669467347'),('a2fb835df9c74ebdaec7b27f4f674036','150380345813745','150183669467347'),('a97991e90a65455eb3e4b40255114cd6','150380109563978','150183669467347'),('ab31837c1e7c41089b7450b9344791fa','15038015824771','150183669467347'),('acbb25864ecc43a6840dcf4c769ffff3','15038017353505','150183669467347'),('adba89307cdb4462a145440c3892f8e8','150183945124351','150183669467347'),('b1de130f7dc14f28b7e2b56c84ca48b1','150379777604875','150183669467347'),('b8c75610246a4c119246f0a73f8382bf','15038017747621','150183669467347'),('ba86d5b8463345248a94bac7309c90c5','150379716573586','150183669467347'),('be63a97866be42e99c59289c19d5bcca','150379983863770','150183669467347'),('c3d04a60e9b94e24a1dfe35ed7848801','150379612348988','150183669467347'),('c5e701aeb4d54e63b63a4f78f2a55615','150379504541678','150183669467347'),('c9f61c4d6c2e452196c3d2a9530e1728','150379566954642','150183669467347'),('cb017f78c06345d09f9f35c132dfdbbd','150379934975243','150183669467347'),('cde89ce7a9b54015966878a97fe225af','15018393878145','150183669467347'),('d26a92a82a434b589cfa9568f786affc','150380058592219','150183669467347'),('d40ac20242af49a5810c60f936b17f75','150380314132038','150183669467347'),('d83986a32a2043ba9d152d5e1ad45f09','150380032692268','150183669467347'),('d930ba185b8d4cf78ae03e40f6457a0f','15037982173041','150183669467347'),('de13d460e2fb4fdfaa016da00ceb84bf','150380378289536','150183669467347'),('e2b7a0d8435d4f2c9226e0310fc1d9df','150380130913763','150183669467347'),('e48de9981644477daaeb69ffbf559859','150379525152179','150183669467347'),('e5a1827db5164f699b4a3e35251775ce','150380162808977','150183669467347'),('efee130a15444251b90819bb1b0c67fe','150380123402961','150183669467347'),('f19184005d25470480413db311f11919','150379871535612','150183669467347'),('f61ff655447c4e2b8d558b6df935a335','150379623171081','150183669467347');
/*!40000 ALTER TABLE `tb_role_resources` ENABLE KEYS */;
UNLOCK TABLES;

--
-- Table structure for table `tb_user`
--

DROP TABLE IF EXISTS `tb_user`;
/*!40101 SET @saved_cs_client     = @@character_set_client */;
/*!40101 SET character_set_client = utf8 */;
CREATE TABLE `tb_user` (
  `ID` varchar(32) NOT NULL,
  `USERNAME` varchar(120) DEFAULT NULL COMMENT '用户名',
  `PASSWORD` varchar(120) DEFAULT NULL COMMENT '密码',
  `LOGIN_DATE` timestamp NULL DEFAULT NULL COMMENT '登录日期',
  `CREATE_DATE` timestamp NULL DEFAULT CURRENT_TIMESTAMP COMMENT '创建日期',
  `UPDATE_DATE` timestamp NULL DEFAULT NULL COMMENT '更新日期',
  `LAST_LOGIN_DATE` timestamp NULL DEFAULT NULL COMMENT '上次登录日期',
  `EMAIL` varchar(120) DEFAULT NULL COMMENT '邮箱',
  `MOBIL_PHONE` varchar(120) DEFAULT NULL COMMENT '手机',
  `DISABLE` tinyint(1) DEFAULT '1' COMMENT '是否禁用',
  `CREATOR` varchar(120) DEFAULT NULL COMMENT '创建人',
  `UPDATER` varchar(120) DEFAULT NULL COMMENT '更新人',
  `SEX` tinyint(1) DEFAULT NULL COMMENT '性别',
  `ICON` varchar(1200) DEFAULT NULL COMMENT '头像',
  `DESCRIPTION` varchar(1200) DEFAULT NULL COMMENT '描述',
  `AGE` int(11) DEFAULT NULL COMMENT '身高',
  `WEIGHT` int(11) DEFAULT NULL COMMENT '体重',
  `QQ` varchar(32) DEFAULT NULL COMMENT 'QQ',
  `WEIXIN` varchar(32) DEFAULT NULL COMMENT '微信',
  `REAL_NAME` varchar(32) DEFAULT NULL COMMENT '实名',
  `LOGIN_COUNT` int(11) DEFAULT NULL COMMENT '登录次数',
  `SORT` int(11) NOT NULL AUTO_INCREMENT COMMENT '排序',
  `ORG_ID` varchar(32) DEFAULT NULL COMMENT '组织结构表ID，该字段用于过滤数据，不做外键关联',
  `PARENT_ID` varchar(120) DEFAULT NULL COMMENT '父类ID',
  `PARENTIDS` varchar(3200) DEFAULT NULL COMMENT '父类IDS',
  `MEMBER_GROUP_ID` varchar(120) DEFAULT NULL,
  `NICKNAME` varchar(45) DEFAULT NULL COMMENT '昵称',
  `LOGIN_NAME` varchar(45) DEFAULT NULL COMMENT '登录名',
  `USERGROUP_ID` varchar(32) DEFAULT NULL,
  `EMERGECY_CONTACT` varchar(45) DEFAULT NULL COMMENT '紧急情况联系人',
  `IS_CERTIFICATE_INTERNATIONAL` tinyint(1) DEFAULT '1' COMMENT '是否是国内企业证件照,1表示是，0表示否',
  `ID_CARD` varchar(45) DEFAULT NULL COMMENT '身份证号码',
  `COOP_NAME` varchar(45) DEFAULT NULL COMMENT '公司名称',
  `COOP_ADDRESS` varchar(45) DEFAULT NULL COMMENT '公司经营地址',
  `BUSSINESS_LICENSE_CODE` varchar(45) DEFAULT NULL COMMENT '营业执照注册号',
  `ORG_CODE` varchar(45) DEFAULT NULL COMMENT '组织机构代码',
  `TAXPAYER` varchar(45) DEFAULT NULL COMMENT '纳税人识别码',
  `SOCIETY_CODE` varchar(45) DEFAULT NULL COMMENT '统一社会信用代码',
  `LEGAL_REPRESENTATIVE_CARD1` varchar(32) DEFAULT NULL COMMENT '法定代表人身份证正面照片',
  `LEGAL_REPRESENTATIVE_CARD2` varchar(32) DEFAULT NULL COMMENT '法定代表人身份证反面照片',
  `LEGAL_IDCARD_EFFITIVE` varchar(45) DEFAULT NULL COMMENT '法定代表人身份证有效期',
  `BUSSINESS_LICENSE_PIC` varchar(32) DEFAULT NULL COMMENT '营业执照',
  `LICENSE_FOR_OPENING_COUNT` varchar(32) DEFAULT NULL COMMENT '开户许可证',
  `QUANTITY_REPORT_ID` varchar(45) DEFAULT NULL COMMENT '质检报告',
  `TYPE` varchar(45) DEFAULT 'cooperation' COMMENT '商户类型，cooperation表示企业类型，person表示个人',
  PRIMARY KEY (`ID`),
  KEY `SORTINDEX` (`SORT`),
  KEY `FK_USER_USERGROUP_idx` (`USERGROUP_ID`),
  CONSTRAINT `FK_USER_USERGROUP` FOREIGN KEY (`USERGROUP_ID`) REFERENCES `tb_user_group` (`ID`) ON DELETE CASCADE ON UPDATE CASCADE
) ENGINE=InnoDB AUTO_INCREMENT=14 DEFAULT CHARSET=utf8 COMMENT='用户';
/*!40101 SET character_set_client = @saved_cs_client */;

--
-- Dumping data for table `tb_user`
--

LOCK TABLES `tb_user` WRITE;
/*!40000 ALTER TABLE `tb_user` DISABLE KEYS */;
INSERT INTO `tb_user` VALUES ('150375229439161','huangjixin','ea48576f30be1669971699c09ad05c94','2017-08-26 15:29:36','2017-08-26 12:58:14','2017-08-26 15:29:36','2017-08-26 12:58:14','517714860@qq.com','13926205227',0,NULL,NULL,NULL,'uassets/2017/8/26/1503761211244.jpg','新建用户为huangjixn,该用户为管理员账户',NULL,NULL,'517714860','13926205227',NULL,NULL,13,NULL,NULL,NULL,NULL,NULL,NULL,'150183679493710',NULL,1,'445202198510308352',NULL,NULL,NULL,NULL,NULL,NULL,NULL,NULL,NULL,NULL,NULL,NULL,'cooperation');
/*!40000 ALTER TABLE `tb_user` ENABLE KEYS */;
UNLOCK TABLES;

--
-- Table structure for table `tb_user_account`
--

DROP TABLE IF EXISTS `tb_user_account`;
/*!40101 SET @saved_cs_client     = @@character_set_client */;
/*!40101 SET character_set_client = utf8 */;
CREATE TABLE `tb_user_account` (
  `ID` varchar(32) NOT NULL,
  `CREATE_DATE` timestamp NULL DEFAULT CURRENT_TIMESTAMP COMMENT '创建日期',
  `UPDATE_DATE` timestamp NULL DEFAULT NULL COMMENT '更新日期',
  `DISABLED` tinyint(1) DEFAULT '0' COMMENT '是否禁用,0否,1是',
  `DESCRIPTION` varchar(1200) DEFAULT NULL COMMENT '描述',
  `REAL_NAME` varchar(32) DEFAULT NULL COMMENT '实名',
  `SORT` int(11) NOT NULL AUTO_INCREMENT COMMENT '排序',
  `USER_ID` varchar(32) DEFAULT NULL COMMENT '用户ID，关联tb_user表',
  `LOCKED` tinyint(1) DEFAULT '0' COMMENT '是否锁定,0否,1是',
  `BALANCE` double DEFAULT NULL COMMENT '账号余额',
  `DEPOSIT` double DEFAULT NULL COMMENT '存款变动金额',
  PRIMARY KEY (`ID`),
  KEY `SORTINDEX` (`SORT`),
  KEY `fk_tb_user_account_tb_user_idx_idx` (`USER_ID`),
  CONSTRAINT `fk_tb_user_account_tb_user_idx` FOREIGN KEY (`USER_ID`) REFERENCES `tb_user` (`ID`) ON DELETE CASCADE ON UPDATE CASCADE
) ENGINE=InnoDB DEFAULT CHARSET=utf8 COMMENT='商户佣金账户';
/*!40101 SET character_set_client = @saved_cs_client */;

--
-- Dumping data for table `tb_user_account`
--

LOCK TABLES `tb_user_account` WRITE;
/*!40000 ALTER TABLE `tb_user_account` DISABLE KEYS */;
/*!40000 ALTER TABLE `tb_user_account` ENABLE KEYS */;
UNLOCK TABLES;

--
-- Table structure for table `tb_user_account_his`
--

DROP TABLE IF EXISTS `tb_user_account_his`;
/*!40101 SET @saved_cs_client     = @@character_set_client */;
/*!40101 SET character_set_client = utf8 */;
CREATE TABLE `tb_user_account_his` (
  `ID` varchar(32) NOT NULL,
  `CREATE_DATE` timestamp NULL DEFAULT CURRENT_TIMESTAMP COMMENT '创建日期',
  `UPDATE_DATE` timestamp NULL DEFAULT NULL COMMENT '更新日期',
  `DISABLED` tinyint(1) DEFAULT '0' COMMENT '是否禁用,0否,1是',
  `DESCRIPTION` varchar(1200) DEFAULT NULL COMMENT '描述',
  `REAL_NAME` varchar(32) DEFAULT NULL COMMENT '实名',
  `SORT` int(11) NOT NULL AUTO_INCREMENT COMMENT '排序',
  `USER_ID` varchar(32) DEFAULT NULL COMMENT '用户ID，关联tb_user表',
  `LOCKED` tinyint(1) DEFAULT '0' COMMENT '是否锁定,0否,1是',
  `BALANCE` double DEFAULT NULL COMMENT '账号余额',
  `DEPOSIT` double DEFAULT NULL COMMENT '存款变动金额',
  PRIMARY KEY (`ID`),
  KEY `SORTINDEX` (`SORT`)
) ENGINE=MyISAM DEFAULT CHARSET=utf8 COMMENT='商户佣金账户历史记录表';
/*!40101 SET character_set_client = @saved_cs_client */;

--
-- Dumping data for table `tb_user_account_his`
--

LOCK TABLES `tb_user_account_his` WRITE;
/*!40000 ALTER TABLE `tb_user_account_his` DISABLE KEYS */;
/*!40000 ALTER TABLE `tb_user_account_his` ENABLE KEYS */;
UNLOCK TABLES;

--
-- Table structure for table `tb_user_apply`
--

DROP TABLE IF EXISTS `tb_user_apply`;
/*!40101 SET @saved_cs_client     = @@character_set_client */;
/*!40101 SET character_set_client = utf8 */;
CREATE TABLE `tb_user_apply` (
  `ID` varchar(32) NOT NULL,
  `USERNAME` varchar(120) DEFAULT NULL COMMENT '用户名',
  `PASSWORD` varchar(120) DEFAULT NULL COMMENT '密码',
  `LOGIN_DATE` timestamp NULL DEFAULT NULL COMMENT '登录日期',
  `CREATE_DATE` timestamp NULL DEFAULT CURRENT_TIMESTAMP COMMENT '创建日期',
  `UPDATE_DATE` timestamp NULL DEFAULT NULL COMMENT '更新日期',
  `LAST_LOGIN_DATE` timestamp NULL DEFAULT NULL COMMENT '上次登录日期',
  `EMAIL` varchar(120) DEFAULT NULL COMMENT '邮箱',
  `MOBIL_PHONE` varchar(120) DEFAULT NULL COMMENT '手机',
  `DISABLE` tinyint(1) DEFAULT '1' COMMENT '是否禁用',
  `CREATOR` varchar(120) DEFAULT NULL COMMENT '创建人',
  `UPDATER` varchar(120) DEFAULT NULL COMMENT '更新人',
  `SEX` tinyint(1) DEFAULT NULL COMMENT '性别',
  `ICON` varchar(400) DEFAULT NULL COMMENT '头像',
  `DESCRIPTION` varchar(40) DEFAULT NULL COMMENT '描述',
  `AGE` int(11) DEFAULT NULL COMMENT '身高',
  `WEIGHT` int(11) DEFAULT NULL COMMENT '体重',
  `QQ` varchar(32) DEFAULT NULL COMMENT 'QQ',
  `WEIXIN` varchar(32) DEFAULT NULL COMMENT '微信',
  `REAL_NAME` varchar(32) DEFAULT NULL COMMENT '实名',
  `SORT` int(11) NOT NULL AUTO_INCREMENT COMMENT '排序',
  `ORG_ID` varchar(32) DEFAULT NULL COMMENT '组织结构表ID，该字段用于过滤数据，不做外键关联',
  `NICKNAME` varchar(45) DEFAULT NULL COMMENT '昵称',
  `LOGIN_NAME` varchar(45) DEFAULT NULL COMMENT '登录名',
  `TYPE` varchar(45) DEFAULT 'cooperation' COMMENT '商户类型，cooperation表示企业类型，person表示个人',
  `EMERGECY_CONTACT` varchar(45) DEFAULT NULL COMMENT '紧急情况联系人',
  `IS_CERTIFICATE_INTERNATIONAL` tinyint(1) DEFAULT '1' COMMENT '是否是国内企业证件照,1表示是，0表示否',
  `ID_CARD` varchar(45) DEFAULT NULL COMMENT '身份证号码',
  `COOP_NAME` varchar(45) DEFAULT NULL COMMENT '公司名称',
  `COOP_ADDRESS` varchar(45) DEFAULT NULL COMMENT '公司经营地址',
  `BUSSINESS_LICENSE_CODE` varchar(45) DEFAULT NULL COMMENT '营业执照注册号',
  `ORG_CODE` varchar(45) DEFAULT NULL COMMENT '组织机构代码',
  `TAXPAYER` varchar(45) DEFAULT NULL COMMENT '纳税人识别码',
  `SOCIETY_CODE` varchar(45) DEFAULT NULL COMMENT '统一社会信用代码',
  `LEGAL_REPRESENTATIVE_CARD1` varchar(32) DEFAULT NULL COMMENT '法定代表人身份证正面照片',
  `LEGAL_REPRESENTATIVE_CARD2` varchar(32) DEFAULT NULL COMMENT '法定代表人身份证反面照片',
  `LEGAL_IDCARD_EFFITIVE` varchar(45) DEFAULT NULL COMMENT '法定代表人身份证有效期',
  `BUSSINESS_LICENSE_PIC` varchar(32) DEFAULT NULL COMMENT '营业执照',
  `LICENSE_FOR_OPENING_COUNT` varchar(32) DEFAULT NULL COMMENT '开户许可证',
  `QUANTITY_REPORT_ID` varchar(45) DEFAULT NULL COMMENT '质检报告',
  `CHECK_STATUS` int(11) DEFAULT NULL COMMENT '0表示未审核，1表示审核通过，2表示驳回',
  `USE_FEE` double DEFAULT '0' COMMENT '平台使用费',
  `PROMISE_FEE` double DEFAULT NULL COMMENT '平台保证金',
  `IS_PROMISE_FEE_PAYED` int(11) DEFAULT '0' COMMENT '商家保证金是否已经支付，0表示未支付，1表示已经支付',
  `ZHIFUBAO_ACCOUNT` varchar(45) DEFAULT NULL COMMENT '支付宝账户',
  `WECHAT_ACCOUNT` varchar(45) DEFAULT NULL COMMENT '微信账户',
  `SHARE_PERCENT` double DEFAULT '0' COMMENT '分成利率',
  `SHARE_ACCOUNT` double DEFAULT '0' COMMENT '分成数额',
  `LAVEL_ID` varchar(32) DEFAULT NULL COMMENT '进驻商等级ID',
  `PR_CATEGORY_ID` varchar(320) DEFAULT NULL COMMENT '商品种类ID，用户只能够选择一种商品分类进行销售，但是可以申请多个种类进行销售，期间用英文逗号","分割开',
  PRIMARY KEY (`ID`),
  KEY `SORTINDEX` (`SORT`),
  KEY `FK_tb_user_apply_to_tb_user_apply_lavel_idx` (`LAVEL_ID`)
) ENGINE=InnoDB DEFAULT CHARSET=utf8 COMMENT='用户申请入驻表，如果申请通过，那么把信息能够搬的给搬进tb_user表里面，同时要对该用进行授权调进商户组。';
/*!40101 SET character_set_client = @saved_cs_client */;

--
-- Dumping data for table `tb_user_apply`
--

LOCK TABLES `tb_user_apply` WRITE;
/*!40000 ALTER TABLE `tb_user_apply` DISABLE KEYS */;
/*!40000 ALTER TABLE `tb_user_apply` ENABLE KEYS */;
UNLOCK TABLES;

--
-- Table structure for table `tb_user_apply_lavel`
--

DROP TABLE IF EXISTS `tb_user_apply_lavel`;
/*!40101 SET @saved_cs_client     = @@character_set_client */;
/*!40101 SET character_set_client = utf8 */;
CREATE TABLE `tb_user_apply_lavel` (
  `ID` varchar(32) NOT NULL,
  `CREATE_DATE` timestamp NULL DEFAULT CURRENT_TIMESTAMP COMMENT '创建日期',
  `UPDATE_DATE` timestamp NULL DEFAULT NULL COMMENT '更新日期',
  `NAME` varchar(45) DEFAULT NULL COMMENT '名称',
  `DESCRIPTION` varchar(45) DEFAULT NULL COMMENT '等级描述',
  `SORT` int(11) NOT NULL AUTO_INCREMENT COMMENT '排序',
  PRIMARY KEY (`ID`),
  KEY `SORTINDEX` (`SORT`)
) ENGINE=MyISAM DEFAULT CHARSET=utf8 COMMENT='入驻商等级';
/*!40101 SET character_set_client = @saved_cs_client */;

--
-- Dumping data for table `tb_user_apply_lavel`
--

LOCK TABLES `tb_user_apply_lavel` WRITE;
/*!40000 ALTER TABLE `tb_user_apply_lavel` DISABLE KEYS */;
/*!40000 ALTER TABLE `tb_user_apply_lavel` ENABLE KEYS */;
UNLOCK TABLES;

--
-- Table structure for table `tb_user_assets`
--

DROP TABLE IF EXISTS `tb_user_assets`;
/*!40101 SET @saved_cs_client     = @@character_set_client */;
/*!40101 SET character_set_client = utf8 */;
CREATE TABLE `tb_user_assets` (
  `ID` varchar(32) NOT NULL COMMENT 'id标志符',
  `EN_NAME` varchar(120) DEFAULT NULL COMMENT '英文名称',
  `NAME` varchar(120) DEFAULT NULL COMMENT '名称',
  `ORG_ID` varchar(32) DEFAULT NULL COMMENT '组织结构表ID，该字段用于过滤数据，不做外键关联',
  `CREATE_DATE` timestamp NULL DEFAULT CURRENT_TIMESTAMP COMMENT '创建日期',
  `UPDATE_DATE` timestamp NULL DEFAULT NULL COMMENT '更新日期',
  `IS_DISABLE` tinyint(1) DEFAULT '1' COMMENT '是否可用',
  `CREATOR` varchar(120) DEFAULT NULL COMMENT '创建人',
  `UPDATER` varchar(120) DEFAULT NULL COMMENT '更新人',
  `PATH` varchar(1200) DEFAULT NULL COMMENT '路径',
  `ICON` varchar(120) DEFAULT NULL COMMENT '图标',
  `CODE` varchar(120) DEFAULT NULL COMMENT '代码',
  `KEYWORDS` varchar(120) DEFAULT NULL COMMENT '关键字',
  `DESCRIPTION` varchar(1200) DEFAULT NULL COMMENT '描述',
  `THUMBNAIL` varchar(1200) DEFAULT NULL COMMENT '缩略图',
  `SORT` int(11) NOT NULL AUTO_INCREMENT COMMENT '排序',
  `URL` varchar(1200) DEFAULT NULL COMMENT '地址',
  `IP` varchar(32) DEFAULT NULL COMMENT 'IP',
  `USER_ID` varchar(32) DEFAULT NULL COMMENT '用户ID',
  PRIMARY KEY (`ID`),
  KEY `SORTINDEX` (`SORT`),
  KEY `USER_IDINDEX` (`USER_ID`)
) ENGINE=InnoDB AUTO_INCREMENT=163 DEFAULT CHARSET=utf8 COMMENT='用户附件';
/*!40101 SET character_set_client = @saved_cs_client */;

--
-- Dumping data for table `tb_user_assets`
--

LOCK TABLES `tb_user_assets` WRITE;
/*!40000 ALTER TABLE `tb_user_assets` DISABLE KEYS */;
INSERT INTO `tb_user_assets` VALUES ('150192413505221',NULL,'1501924135045.png',NULL,'2017-08-05 09:08:56','2017-08-05 09:08:56',1,NULL,NULL,'D:\\zwoweb_workspace\\.metadata\\.plugins\\org.eclipse.wst.server.core\\tmp8\\wtpwebapps\\zhiwo-fileupload-web\\userAssets\\2017\\8\\5\\1501924135045.png',NULL,NULL,NULL,NULL,NULL,1,'userAssets/\\2017/8/5/1501924135045.png',NULL,NULL),('15019241368541',NULL,'1501924136847.jpg',NULL,'2017-08-05 09:08:56','2017-08-05 09:08:56',1,NULL,NULL,'D:\\zwoweb_workspace\\.metadata\\.plugins\\org.eclipse.wst.server.core\\tmp8\\wtpwebapps\\zhiwo-fileupload-web\\userAssets\\2017\\8\\5\\1501924136847.jpg',NULL,NULL,NULL,NULL,NULL,2,'userAssets/\\2017/8/5/1501924136847.jpg',NULL,NULL),('150192474307979',NULL,'1501924743023.jpg',NULL,'2017-08-05 09:19:03','2017-08-05 09:19:03',1,NULL,NULL,'D:\\zwoweb_workspace\\.metadata\\.plugins\\org.eclipse.wst.server.core\\tmp8\\wtpwebapps\\zhiwo-fileupload-web\\userAssets\\2017\\8\\5\\1501924743023.jpg',NULL,NULL,NULL,NULL,NULL,3,'userAssets/2017/8/5/1501924743023.jpg',NULL,NULL),('150192640000137',NULL,'1501926399980.jpg',NULL,'2017-08-05 09:46:40','2017-08-05 09:46:40',1,NULL,NULL,'D:\\zwoweb_workspace\\.metadata\\.plugins\\org.eclipse.wst.server.core\\tmp8\\wtpwebapps\\zhiwo-fileupload-web\\userAssets\\2017\\8\\5\\1501926399980.jpg',NULL,NULL,NULL,NULL,NULL,4,'uassets/2017/8/5/1501926399980.jpg',NULL,NULL),('150192640009937',NULL,'1501926400094.jpg',NULL,'2017-08-05 09:46:40','2017-08-05 09:46:40',1,NULL,NULL,'D:\\zwoweb_workspace\\.metadata\\.plugins\\org.eclipse.wst.server.core\\tmp8\\wtpwebapps\\zhiwo-fileupload-web\\userAssets\\2017\\8\\5\\1501926400094.jpg',NULL,NULL,NULL,NULL,NULL,5,'uassets/2017/8/5/1501926400094.jpg',NULL,NULL),('150192655170447',NULL,'1501926551673.jpg',NULL,'2017-08-05 09:49:11','2017-08-05 09:49:11',1,NULL,NULL,'D:\\zwoweb_workspace\\.metadata\\.plugins\\org.eclipse.wst.server.core\\tmp8\\wtpwebapps\\zhiwo-fileupload-web\\images\\uassets\\2017\\8\\5\\1501926551673.jpg',NULL,NULL,NULL,NULL,NULL,6,'images/uassets/2017/8/5/1501926551673.jpg',NULL,NULL),('150192655181124',NULL,'1501926551805.jpg',NULL,'2017-08-05 09:49:11','2017-08-05 09:49:11',1,NULL,NULL,'D:\\zwoweb_workspace\\.metadata\\.plugins\\org.eclipse.wst.server.core\\tmp8\\wtpwebapps\\zhiwo-fileupload-web\\images\\uassets\\2017\\8\\5\\1501926551805.jpg',NULL,NULL,NULL,NULL,NULL,7,'images/uassets/2017/8/5/1501926551805.jpg',NULL,NULL),('150193785152452',NULL,'1501937851507.jpg',NULL,'2017-08-05 12:57:34','2017-08-05 12:57:34',1,NULL,NULL,'D:\\zwoweb_workspace\\.metadata\\.plugins\\org.eclipse.wst.server.core\\tmp8\\wtpwebapps\\zhiwo-fileupload-web\\images\\uassets\\2017\\8\\5\\1501937851507.jpg',NULL,NULL,NULL,NULL,NULL,8,'images/uassets/2017/8/5/1501937851507.jpg',NULL,NULL),('150193794371878',NULL,'1501937943709.jpg',NULL,'2017-08-05 12:59:03','2017-08-05 12:59:03',1,NULL,NULL,'D:\\images\\uassets\\2017\\8\\5\\1501937943709.jpg',NULL,NULL,NULL,NULL,NULL,9,'images/uassets/2017/8/5/1501937943709.jpg',NULL,NULL),('150193798868715',NULL,'1501937988683.jpg',NULL,'2017-08-05 12:59:48','2017-08-05 12:59:48',1,NULL,NULL,'D:\\images\\uassets\\2017\\8\\5\\1501937988683.jpg',NULL,NULL,NULL,NULL,NULL,10,'images/uassets/2017/8/5/1501937988683.jpg',NULL,NULL),('150194046403243',NULL,'1501940464020.jpg',NULL,'2017-08-05 13:41:06','2017-08-05 13:41:06',1,NULL,NULL,'D:\\images\\uassets\\2017\\8\\5\\1501940464020.jpg',NULL,NULL,NULL,NULL,NULL,11,'images/uassets/2017/8/5/1501940464020.jpg',NULL,NULL),('150194051716486',NULL,'1501940517098.jpg',NULL,'2017-08-05 13:41:57','2017-08-05 13:41:57',1,NULL,NULL,'D:\\zwoweb_workspace\\.metadata\\.plugins\\org.eclipse.wst.server.core\\tmp8\\wtpwebapps\\zhiwo-fileupload-web\\images\\uassets\\2017\\8\\5\\1501940517098.jpg',NULL,NULL,NULL,NULL,NULL,12,'images/uassets/2017/8/5/1501940517098.jpg',NULL,NULL),('150194057301019',NULL,'1501940573002.jpg',NULL,'2017-08-05 13:42:53','2017-08-05 13:42:53',1,NULL,NULL,'D:\\zwoweb_workspace\\.metadata\\.plugins\\org.eclipse.wst.server.core\\tmp8\\wtpwebapps\\zhiwo-fileupload-web\\images\\uassets\\2017\\8\\5\\1501940573002.jpg',NULL,NULL,NULL,NULL,NULL,13,'images/uassets/2017/8/5/1501940573002.jpg',NULL,NULL),('150194061426168',NULL,'1501940614251.jpg',NULL,'2017-08-05 13:43:34','2017-08-05 13:43:34',1,NULL,NULL,'D:\\zwoweb_workspace\\.metadata\\.plugins\\org.eclipse.wst.server.core\\tmp8\\wtpwebapps\\zhiwo-fileupload-web\\images\\uassets\\2017\\8\\5\\1501940614251.jpg',NULL,NULL,NULL,NULL,NULL,14,'images/uassets/2017/8/5/1501940614251.jpg',NULL,NULL),('150223603894197',NULL,'1502236038922.jpg',NULL,'2017-08-08 23:47:22','2017-08-08 23:47:22',1,NULL,NULL,'D:\\images\\uassets\\2017\\8\\9\\1502236038922.jpg',NULL,NULL,NULL,NULL,NULL,15,'images/uassets/2017/8/9/1502236038922.jpg',NULL,NULL),('150223675330225',NULL,'1502236753286.jpg',NULL,'2017-08-08 23:59:13','2017-08-08 23:59:13',1,NULL,NULL,'D:\\zwoweb_workspace\\.metadata\\.plugins\\org.eclipse.wst.server.core\\tmp6\\wtpwebapps\\zhiwo-system-web\\images\\uassets\\2017\\8\\9\\1502236753286.jpg',NULL,NULL,NULL,NULL,NULL,16,'images/uassets/2017/8/9/1502236753286.jpg',NULL,NULL),('150223717785159',NULL,'1502237177847.jpg',NULL,'2017-08-09 00:06:17','2017-08-09 00:06:17',1,NULL,NULL,'D:\\zwoweb_workspace\\.metadata\\.plugins\\org.eclipse.wst.server.core\\tmp6\\wtpwebapps\\zhiwo-system-web\\images\\uassets\\2017\\8\\9\\1502237177847.jpg',NULL,NULL,NULL,NULL,NULL,17,'images/uassets/2017/8/9/1502237177847.jpg',NULL,NULL),('150224297174312',NULL,'1502242971734.jpg',NULL,'2017-08-09 01:42:54','2017-08-09 01:42:54',1,NULL,NULL,'D:\\zwoweb_workspace\\.metadata\\.plugins\\org.eclipse.wst.server.core\\tmp6\\wtpwebapps\\zhiwo-system-web\\images\\uassets\\2017\\8\\9\\1502242971734.jpg',NULL,NULL,NULL,NULL,NULL,18,'images/uassets/2017/8/9/1502242971734.jpg',NULL,NULL),('150224319740092',NULL,'1502243197394.jpg',NULL,'2017-08-09 01:46:37','2017-08-09 01:46:37',1,NULL,NULL,'D:\\zwoweb_workspace\\.metadata\\.plugins\\org.eclipse.wst.server.core\\tmp6\\wtpwebapps\\zhiwo-system-web\\images\\uassets\\2017\\8\\9\\1502243197394.jpg',NULL,NULL,NULL,NULL,NULL,19,'images/uassets/2017/8/9/1502243197394.jpg',NULL,NULL),('15022436102652',NULL,'1502243610260.ch5.cc.jpg',NULL,'2017-08-09 01:53:30','2017-08-09 01:53:30',1,NULL,NULL,'D:\\zwoweb_workspace\\.metadata\\.plugins\\org.eclipse.wst.server.core\\tmp6\\wtpwebapps\\zhiwo-system-web\\images\\uassets\\2017\\8\\9\\1502243610260.ch5.cc.jpg',NULL,NULL,NULL,NULL,NULL,20,'images/uassets/2017/8/9/1502243610260.ch5.cc.jpg',NULL,NULL),('150224408063250',NULL,'1502244080627.ch5.cc.jpg',NULL,'2017-08-09 02:01:20','2017-08-09 02:01:20',1,NULL,NULL,'D:\\zwoweb_workspace\\.metadata\\.plugins\\org.eclipse.wst.server.core\\tmp6\\wtpwebapps\\zhiwo-system-web\\images\\uassets\\2017\\8\\9\\1502244080627.ch5.cc.jpg',NULL,NULL,NULL,NULL,NULL,21,'images/uassets/2017/8/9/1502244080627.ch5.cc.jpg',NULL,NULL),('150224414529638',NULL,'1502244145290.COM.gif',NULL,'2017-08-09 02:02:25','2017-08-09 02:02:25',1,NULL,NULL,'D:\\zwoweb_workspace\\.metadata\\.plugins\\org.eclipse.wst.server.core\\tmp6\\wtpwebapps\\zhiwo-system-web\\images\\uassets\\2017\\8\\9\\1502244145290.COM.gif',NULL,NULL,NULL,NULL,NULL,22,'images/uassets/2017/8/9/1502244145290.COM.gif',NULL,NULL),('150224436832148',NULL,'1502244368314.COM.jpg',NULL,'2017-08-09 02:06:08','2017-08-09 02:06:08',1,NULL,NULL,'D:\\zwoweb_workspace\\.metadata\\.plugins\\org.eclipse.wst.server.core\\tmp6\\wtpwebapps\\zhiwo-system-web\\images\\uassets\\2017\\8\\9\\1502244368314.COM.jpg',NULL,NULL,NULL,NULL,NULL,23,'images/uassets/2017/8/9/1502244368314.COM.jpg',NULL,NULL),('15022444956228',NULL,'1502244495617.COM.jpg',NULL,'2017-08-09 02:08:15','2017-08-09 02:08:15',1,NULL,NULL,'D:\\zwoweb_workspace\\.metadata\\.plugins\\org.eclipse.wst.server.core\\tmp6\\wtpwebapps\\zhiwo-system-web\\images\\uassets\\2017\\8\\9\\1502244495617.COM.jpg',NULL,NULL,NULL,NULL,NULL,24,'images/uassets/2017/8/9/1502244495617.COM.jpg',NULL,NULL),('150224493257821',NULL,'1502244932572.COM.jpg',NULL,'2017-08-09 02:15:32','2017-08-09 02:15:32',1,NULL,NULL,'D:\\zwoweb_workspace\\.metadata\\.plugins\\org.eclipse.wst.server.core\\tmp6\\wtpwebapps\\zhiwo-system-web\\images\\uassets\\2017\\8\\9\\1502244932572.COM.jpg',NULL,NULL,NULL,NULL,NULL,25,'images/uassets/2017/8/9/1502244932572.COM.jpg',NULL,NULL),('150224497542966',NULL,'1502244975424.COM.jpg',NULL,'2017-08-09 02:16:15','2017-08-09 02:16:15',1,NULL,NULL,'D:\\zwoweb_workspace\\.metadata\\.plugins\\org.eclipse.wst.server.core\\tmp6\\wtpwebapps\\zhiwo-system-web\\images\\uassets\\2017\\8\\9\\1502244975424.COM.jpg',NULL,NULL,NULL,NULL,NULL,26,'images/uassets/2017/8/9/1502244975424.COM.jpg',NULL,NULL),('150224534737462',NULL,'1502245347364.COM.jpg',NULL,'2017-08-09 02:22:27','2017-08-09 02:22:27',1,NULL,NULL,'D:\\zwoweb_workspace\\.metadata\\.plugins\\org.eclipse.wst.server.core\\tmp6\\wtpwebapps\\zhiwo-system-web\\images\\uassets\\2017\\8\\9\\1502245347364.COM.jpg',NULL,NULL,NULL,NULL,NULL,27,'images/uassets/2017/8/9/1502245347364.COM.jpg',NULL,NULL),('150224542696440',NULL,'1502245426960.COM.jpg',NULL,'2017-08-09 02:23:46','2017-08-09 02:23:46',1,NULL,NULL,'D:\\zwoweb_workspace\\.metadata\\.plugins\\org.eclipse.wst.server.core\\tmp6\\wtpwebapps\\zhiwo-system-web\\images\\uassets\\2017\\8\\9\\1502245426960.COM.jpg',NULL,NULL,NULL,NULL,NULL,28,'images/uassets/2017/8/9/1502245426960.COM.jpg',NULL,NULL),('150224570263796',NULL,'1502245702631.COM.jpg',NULL,'2017-08-09 02:28:22','2017-08-09 02:28:22',1,NULL,NULL,'D:\\zwoweb_workspace\\.metadata\\.plugins\\org.eclipse.wst.server.core\\tmp6\\wtpwebapps\\zhiwo-system-web\\images\\uassets\\2017\\8\\9\\1502245702631.COM.jpg',NULL,NULL,NULL,NULL,NULL,29,'images/uassets/2017/8/9/1502245702631.COM.jpg',NULL,NULL),('150224580621076',NULL,'1502245806205.COM.jpg',NULL,'2017-08-09 02:30:06','2017-08-09 02:30:06',1,NULL,NULL,'D:\\zwoweb_workspace\\.metadata\\.plugins\\org.eclipse.wst.server.core\\tmp6\\wtpwebapps\\zhiwo-system-web\\images\\uassets\\2017\\8\\9\\1502245806205.COM.jpg',NULL,NULL,NULL,NULL,NULL,30,'images/uassets/2017/8/9/1502245806205.COM.jpg',NULL,NULL),('150224581469646',NULL,'1502245814690.ch5.cc.jpg',NULL,'2017-08-09 02:30:14','2017-08-09 02:30:14',1,NULL,NULL,'D:\\zwoweb_workspace\\.metadata\\.plugins\\org.eclipse.wst.server.core\\tmp6\\wtpwebapps\\zhiwo-system-web\\images\\uassets\\2017\\8\\9\\1502245814690.ch5.cc.jpg',NULL,NULL,NULL,NULL,NULL,31,'images/uassets/2017/8/9/1502245814690.ch5.cc.jpg',NULL,NULL),('150224601486773',NULL,'1502246014813.ch5.cc.jpg',NULL,'2017-08-09 02:33:34','2017-08-09 02:33:34',1,NULL,NULL,'D:\\zwoweb_workspace\\.metadata\\.plugins\\org.eclipse.wst.server.core\\tmp6\\wtpwebapps\\zhiwo-system-web\\images\\uassets\\2017\\8\\9\\1502246014813.ch5.cc.jpg',NULL,NULL,NULL,NULL,NULL,32,'images/uassets/2017/8/9/1502246014813.ch5.cc.jpg',NULL,NULL),('150224603783250',NULL,'1502246037828.png',NULL,'2017-08-09 02:33:57','2017-08-09 02:33:57',1,NULL,NULL,'D:\\zwoweb_workspace\\.metadata\\.plugins\\org.eclipse.wst.server.core\\tmp6\\wtpwebapps\\zhiwo-system-web\\images\\uassets\\2017\\8\\9\\1502246037828.png',NULL,NULL,NULL,NULL,NULL,33,'images/uassets/2017/8/9/1502246037828.png',NULL,NULL),('150224605331354',NULL,'1502246053309.png',NULL,'2017-08-09 02:34:13','2017-08-09 02:34:13',1,NULL,NULL,'D:\\zwoweb_workspace\\.metadata\\.plugins\\org.eclipse.wst.server.core\\tmp6\\wtpwebapps\\zhiwo-system-web\\images\\uassets\\2017\\8\\9\\1502246053309.png',NULL,NULL,NULL,NULL,NULL,34,'images/uassets/2017/8/9/1502246053309.png',NULL,NULL),('150224833424824',NULL,'1502248334244.com~自由な成人映画、最も速く&最新ポルノ映画サイト.jpg',NULL,'2017-08-09 03:12:14','2017-08-09 03:12:14',1,NULL,NULL,'D:\\zwoweb_workspace\\.metadata\\.plugins\\org.eclipse.wst.server.core\\tmp6\\wtpwebapps\\zhiwo-system-web\\images\\uassets\\2017\\8\\9\\1502248334244.com~自由な成人映画、最も速く&最新ポルノ映画サイト.jpg',NULL,NULL,NULL,NULL,NULL,35,'images/uassets/2017/8/9/1502248334244.com~自由な成人映画、最も速く&最新ポルノ映画サイト.jpg',NULL,NULL),('150224834418382',NULL,'1502248344179.COM.gif',NULL,'2017-08-09 03:12:24','2017-08-09 03:12:24',1,NULL,NULL,'D:\\zwoweb_workspace\\.metadata\\.plugins\\org.eclipse.wst.server.core\\tmp6\\wtpwebapps\\zhiwo-system-web\\images\\uassets\\2017\\8\\9\\1502248344179.COM.gif',NULL,NULL,NULL,NULL,NULL,36,'images/uassets/2017/8/9/1502248344179.COM.gif',NULL,NULL),('150224835817145',NULL,'1502248358167.COM.jpg',NULL,'2017-08-09 03:12:38','2017-08-09 03:12:38',1,NULL,NULL,'D:\\zwoweb_workspace\\.metadata\\.plugins\\org.eclipse.wst.server.core\\tmp6\\wtpwebapps\\zhiwo-system-web\\images\\uassets\\2017\\8\\9\\1502248358167.COM.jpg',NULL,NULL,NULL,NULL,NULL,37,'images/uassets/2017/8/9/1502248358167.COM.jpg',NULL,NULL),('150224879545698',NULL,'1502248795389.COM.jpg',NULL,'2017-08-09 03:19:55','2017-08-09 03:19:55',1,NULL,NULL,'D:\\zwoweb_workspace\\.metadata\\.plugins\\org.eclipse.wst.server.core\\tmp6\\wtpwebapps\\zhiwo-system-web\\images\\uassets\\2017\\8\\9\\1502248795389.COM.jpg',NULL,NULL,NULL,NULL,NULL,38,'images/uassets/2017/8/9/1502248795389.COM.jpg',NULL,NULL),('15022499902346',NULL,'1502249990210.COM.jpg',NULL,'2017-08-09 03:39:50','2017-08-09 03:39:50',1,NULL,NULL,'D:\\zwoweb_workspace\\.metadata\\.plugins\\org.eclipse.wst.server.core\\tmp6\\wtpwebapps\\zhiwo-system-web\\images\\uassets\\2017\\8\\9\\1502249990210.COM.jpg',NULL,NULL,NULL,NULL,NULL,39,'images/uassets/2017/8/9/1502249990210.COM.jpg',NULL,NULL),('150225144561859',NULL,'1502251445612.ch5.cc.jpg',NULL,'2017-08-09 04:04:08','2017-08-09 04:04:08',1,NULL,NULL,'D:\\zwoweb_workspace\\.metadata\\.plugins\\org.eclipse.wst.server.core\\tmp6\\wtpwebapps\\zhiwo-system-web\\images\\uassets\\2017\\8\\9\\1502251445612.ch5.cc.jpg',NULL,NULL,NULL,NULL,NULL,40,'images/uassets/2017/8/9/1502251445612.ch5.cc.jpg',NULL,NULL),('150225956087211',NULL,'1502259560865.COM.jpg',NULL,'2017-08-09 06:19:22','2017-08-09 06:19:22',1,NULL,NULL,'D:\\zwoweb_workspace\\.metadata\\.plugins\\org.eclipse.wst.server.core\\tmp6\\wtpwebapps\\zhiwo-system-web\\images\\uassets\\2017\\8\\9\\1502259560865.COM.jpg',NULL,NULL,NULL,NULL,NULL,41,'images/uassets/2017/8/9/1502259560865.COM.jpg',NULL,NULL),('150232955909379',NULL,'1502329559049.ch5.cc.jpg',NULL,'2017-08-10 01:45:59','2017-08-10 01:45:59',1,NULL,NULL,'D:\\zwoweb_workspace\\.metadata\\.plugins\\org.eclipse.wst.server.core\\tmp6\\wtpwebapps\\zhiwo-system-web\\images\\uassets\\2017\\8\\10\\1502329559049.ch5.cc.jpg',NULL,NULL,NULL,NULL,NULL,42,'images/uassets/2017/8/10/1502329559049.ch5.cc.jpg',NULL,NULL),('150233171072720',NULL,'1502331710721.COM.jpg',NULL,'2017-08-10 02:21:51','2017-08-10 02:21:51',1,NULL,NULL,'D:\\zwoweb_workspace\\.metadata\\.plugins\\org.eclipse.wst.server.core\\tmp6\\wtpwebapps\\zhiwo-system-web\\images\\uassets\\2017\\8\\10\\1502331710721.COM.jpg',NULL,NULL,NULL,NULL,NULL,43,'images/uassets/2017/8/10/1502331710721.COM.jpg',NULL,NULL),('150233187532978',NULL,'1502331875325.COM.jpg',NULL,'2017-08-10 02:24:35','2017-08-10 02:24:35',1,NULL,NULL,'D:\\zwoweb_workspace\\.metadata\\.plugins\\org.eclipse.wst.server.core\\tmp6\\wtpwebapps\\zhiwo-system-web\\images\\uassets\\2017\\8\\10\\1502331875325.COM.jpg',NULL,NULL,NULL,NULL,NULL,44,'images/uassets/2017/8/10/1502331875325.COM.jpg',NULL,NULL),('150233199304378',NULL,'1502331993039.COM.jpg',NULL,'2017-08-10 02:26:33','2017-08-10 02:26:33',1,NULL,NULL,'D:\\zwoweb_workspace\\.metadata\\.plugins\\org.eclipse.wst.server.core\\tmp6\\wtpwebapps\\zhiwo-system-web\\images\\uassets\\2017\\8\\10\\1502331993039.COM.jpg',NULL,NULL,NULL,NULL,NULL,45,'images/uassets/2017/8/10/1502331993039.COM.jpg',NULL,NULL),('150233228618160',NULL,'1502332286158.COM.jpg',NULL,'2017-08-10 02:31:26','2017-08-10 02:31:26',1,NULL,NULL,'D:\\zwoweb_workspace\\.metadata\\.plugins\\org.eclipse.wst.server.core\\tmp6\\wtpwebapps\\zhiwo-system-web\\images\\uassets\\2017\\8\\10\\1502332286158.COM.jpg',NULL,NULL,NULL,NULL,NULL,46,'images/uassets/2017/8/10/1502332286158.COM.jpg',NULL,NULL),('150233284529953',NULL,'1502332845274.COM.jpg',NULL,'2017-08-10 02:40:45','2017-08-10 02:40:45',1,NULL,NULL,'D:\\zwoweb_workspace\\.metadata\\.plugins\\org.eclipse.wst.server.core\\tmp6\\wtpwebapps\\zhiwo-system-web\\images\\uassets\\2017\\8\\10\\1502332845274.COM.jpg',NULL,NULL,NULL,NULL,NULL,47,'images/uassets/2017/8/10/1502332845274.COM.jpg',NULL,NULL),('150233323089450',NULL,'1502333230888.COM.jpg',NULL,'2017-08-10 02:47:10','2017-08-10 02:47:10',1,NULL,NULL,'D:\\zwoweb_workspace\\.metadata\\.plugins\\org.eclipse.wst.server.core\\tmp6\\wtpwebapps\\zhiwo-system-web\\images\\uassets\\2017\\8\\10\\1502333230888.COM.jpg',NULL,NULL,NULL,NULL,NULL,48,'images/uassets/2017/8/10/1502333230888.COM.jpg',NULL,NULL),('15023334681759',NULL,'1502333468169.COM.jpg',NULL,'2017-08-10 02:51:08','2017-08-10 02:51:08',1,NULL,NULL,'D:\\zwoweb_workspace\\.metadata\\.plugins\\org.eclipse.wst.server.core\\tmp6\\wtpwebapps\\zhiwo-system-web\\images\\uassets\\2017\\8\\10\\1502333468169.COM.jpg',NULL,NULL,NULL,NULL,NULL,49,'images/uassets/2017/8/10/1502333468169.COM.jpg',NULL,NULL),('150233354450478',NULL,'1502333544442.COM.jpg',NULL,'2017-08-10 02:52:24','2017-08-10 02:52:24',1,NULL,NULL,'D:\\zwoweb_workspace\\.metadata\\.plugins\\org.eclipse.wst.server.core\\tmp6\\wtpwebapps\\zhiwo-system-web\\images\\uassets\\2017\\8\\10\\1502333544442.COM.jpg',NULL,NULL,NULL,NULL,NULL,50,'images/uassets/2017/8/10/1502333544442.COM.jpg',NULL,NULL),('150233388845966',NULL,'1502333888455.COM.jpg',NULL,'2017-08-10 02:58:08','2017-08-10 02:58:08',1,NULL,NULL,'D:\\zwoweb_workspace\\.metadata\\.plugins\\org.eclipse.wst.server.core\\tmp6\\wtpwebapps\\zhiwo-system-web\\images\\uassets\\2017\\8\\10\\1502333888455.COM.jpg',NULL,NULL,NULL,NULL,NULL,51,'images/uassets/2017/8/10/1502333888455.COM.jpg',NULL,NULL),('150233457915951',NULL,'1502334579030.COM.jpg',NULL,'2017-08-10 03:09:39','2017-08-10 03:09:39',1,NULL,NULL,'D:\\zwoweb_workspace\\.metadata\\.plugins\\org.eclipse.wst.server.core\\tmp6\\wtpwebapps\\zhiwo-system-web\\images\\uassets\\2017\\8\\10\\1502334579030.COM.jpg',NULL,NULL,NULL,NULL,NULL,53,'images/uassets/2017/8/10/1502334579030.COM.jpg',NULL,NULL),('150233499465914',NULL,'1502334994652.COM.jpg',NULL,'2017-08-10 03:16:35','2017-08-10 03:16:35',1,NULL,NULL,'D:\\zwoweb_workspace\\.metadata\\.plugins\\org.eclipse.wst.server.core\\tmp6\\wtpwebapps\\zhiwo-system-web\\images\\uassets\\2017\\8\\10\\1502334994652.COM.jpg',NULL,NULL,NULL,NULL,NULL,54,'images/uassets/2017/8/10/1502334994652.COM.jpg',NULL,NULL),('150233512833591',NULL,'1502335128330.COM.jpg',NULL,'2017-08-10 03:18:48','2017-08-10 03:18:48',1,NULL,NULL,'D:\\zwoweb_workspace\\.metadata\\.plugins\\org.eclipse.wst.server.core\\tmp6\\wtpwebapps\\zhiwo-system-web\\images\\uassets\\2017\\8\\10\\1502335128330.COM.jpg',NULL,NULL,NULL,NULL,NULL,55,'images/uassets/2017/8/10/1502335128330.COM.jpg',NULL,NULL),('150233598271260',NULL,'1502335982656.COM.jpg',NULL,'2017-08-10 03:33:02','2017-08-10 03:33:02',1,NULL,NULL,'D:\\zwoweb_workspace\\.metadata\\.plugins\\org.eclipse.wst.server.core\\tmp6\\wtpwebapps\\zhiwo-system-web\\images\\uassets\\2017\\8\\10\\1502335982656.COM.jpg',NULL,NULL,NULL,NULL,NULL,56,'images/uassets/2017/8/10/1502335982656.COM.jpg',NULL,NULL),('150233761979843',NULL,'1502337619793.ch5.cc.jpg',NULL,'2017-08-10 04:00:19','2017-08-10 04:00:19',1,NULL,NULL,'D:\\zwoweb_workspace\\.metadata\\.plugins\\org.eclipse.wst.server.core\\tmp6\\wtpwebapps\\zhiwo-system-web\\images\\uassets\\2017\\8\\10\\1502337619793.ch5.cc.jpg',NULL,NULL,NULL,NULL,NULL,57,'images/uassets/2017/8/10/1502337619793.ch5.cc.jpg',NULL,NULL),('150233768403072',NULL,'1502337684024.COM.jpg',NULL,'2017-08-10 04:01:24','2017-08-10 04:01:24',1,NULL,NULL,'D:\\zwoweb_workspace\\.metadata\\.plugins\\org.eclipse.wst.server.core\\tmp6\\wtpwebapps\\zhiwo-system-web\\images\\uassets\\2017\\8\\10\\1502337684024.COM.jpg',NULL,NULL,NULL,NULL,NULL,58,'images/uassets/2017/8/10/1502337684024.COM.jpg',NULL,NULL),('150233782103077',NULL,'1502337821025.COM.gif',NULL,'2017-08-10 04:03:41','2017-08-10 04:03:41',1,NULL,NULL,'D:\\zwoweb_workspace\\.metadata\\.plugins\\org.eclipse.wst.server.core\\tmp6\\wtpwebapps\\zhiwo-system-web\\images\\uassets\\2017\\8\\10\\1502337821025.COM.gif',NULL,NULL,NULL,NULL,NULL,59,'images/uassets/2017/8/10/1502337821025.COM.gif',NULL,NULL),('150233793754245',NULL,'1502337937537.COM.gif',NULL,'2017-08-10 04:05:37','2017-08-10 04:05:37',1,NULL,NULL,'D:\\zwoweb_workspace\\.metadata\\.plugins\\org.eclipse.wst.server.core\\tmp6\\wtpwebapps\\zhiwo-system-web\\images\\uassets\\2017\\8\\10\\1502337937537.COM.gif',NULL,NULL,NULL,NULL,NULL,60,'images/uassets/2017/8/10/1502337937537.COM.gif',NULL,NULL),('150233838791728',NULL,'1502338387910.COM.jpg',NULL,'2017-08-10 04:13:10','2017-08-10 04:13:10',1,NULL,NULL,'D:\\zwoweb_workspace\\.metadata\\.plugins\\org.eclipse.wst.server.core\\tmp6\\wtpwebapps\\zhiwo-system-web\\images\\uassets\\2017\\8\\10\\1502338387910.COM.jpg',NULL,NULL,NULL,NULL,NULL,61,'images/uassets/2017/8/10/1502338387910.COM.jpg',NULL,NULL),('150233976693339',NULL,'1502339766912.COM.gif',NULL,'2017-08-10 04:36:07','2017-08-10 04:36:07',1,NULL,NULL,'E:\\软件\\wildfly-10.1.0.Final\\standalone\\deployments\\zhiwo-system-web.warimages\\uassets\\2017\\8\\10\\1502339766912.COM.gif',NULL,NULL,NULL,NULL,NULL,62,'images/uassets/2017/8/10/1502339766912.COM.gif',NULL,NULL),('150234702398617',NULL,'1502347023963.COM.gif',NULL,'2017-08-10 06:37:04','2017-08-10 06:37:04',1,NULL,NULL,'D:\\zwoweb_workspace\\.metadata\\.plugins\\org.eclipse.wst.server.core\\tmp6\\wtpwebapps\\zhiwo-system-web\\images\\uassets\\2017\\8\\10\\1502347023963.COM.gif',NULL,NULL,NULL,NULL,NULL,63,'images/uassets/2017/8/10/1502347023963.COM.gif',NULL,NULL),('150234710893628',NULL,'1502347108866.COM.gif',NULL,'2017-08-10 06:38:28','2017-08-10 06:38:28',1,NULL,NULL,'D:\\zwoweb_workspace\\.metadata\\.plugins\\org.eclipse.wst.server.core\\tmp6\\wtpwebapps\\zhiwo-system-web\\images\\uassets\\2017\\8\\10\\1502347108866.COM.gif',NULL,NULL,NULL,NULL,NULL,64,'images/uassets/2017/8/10/1502347108866.COM.gif',NULL,NULL),('150234716514832',NULL,'1502347165098.COM.gif',NULL,'2017-08-10 06:39:25','2017-08-10 06:39:25',1,NULL,NULL,'D:\\zwoweb_workspace\\.metadata\\.plugins\\org.eclipse.wst.server.core\\tmp6\\wtpwebapps\\zhiwo-system-web\\images\\uassets\\2017\\8\\10\\1502347165098.COM.gif',NULL,NULL,NULL,NULL,NULL,65,'images/uassets/2017/8/10/1502347165098.COM.gif',NULL,NULL),('150234731679131',NULL,'1502347316731.COM.gif',NULL,'2017-08-10 06:41:56','2017-08-10 06:41:56',1,NULL,NULL,'D:\\zwoweb_workspace\\.metadata\\.plugins\\org.eclipse.wst.server.core\\tmp6\\wtpwebapps\\zhiwo-system-web\\images\\uassets\\2017\\8\\10\\1502347316731.COM.gif',NULL,NULL,NULL,NULL,NULL,66,'images/uassets/2017/8/10/1502347316731.COM.gif',NULL,NULL),('150234756210021',NULL,'1502347562043.COM.gif',NULL,'2017-08-10 06:46:02','2017-08-10 06:46:02',1,NULL,NULL,'D:\\zwoweb_workspace\\.metadata\\.plugins\\org.eclipse.wst.server.core\\tmp6\\wtpwebapps\\zhiwo-system-web\\images\\uassets\\2017\\8\\10\\1502347562043.COM.gif',NULL,NULL,NULL,NULL,NULL,67,'images/uassets/2017/8/10/1502347562043.COM.gif',NULL,NULL),('150234851548797',NULL,'1502348515483.COM.gif',NULL,'2017-08-10 07:01:55','2017-08-10 07:01:55',1,NULL,NULL,'D:\\zwoweb_workspace\\.metadata\\.plugins\\org.eclipse.wst.server.core\\tmp6\\wtpwebapps\\zhiwo-system-web\\images\\uassets\\2017\\8\\10\\1502348515483.COM.gif',NULL,NULL,NULL,NULL,NULL,68,'images/uassets/2017/8/10/1502348515483.COM.gif',NULL,NULL),('150234883745072',NULL,'1502348837446.COM.gif',NULL,'2017-08-10 07:07:17','2017-08-10 07:07:17',1,NULL,NULL,'D:\\zwoweb_workspace\\.metadata\\.plugins\\org.eclipse.wst.server.core\\tmp6\\wtpwebapps\\zhiwo-system-web\\images\\uassets\\2017\\8\\10\\1502348837446.COM.gif',NULL,NULL,NULL,NULL,NULL,69,'images/uassets/2017/8/10/1502348837446.COM.gif',NULL,NULL),('150235149273954',NULL,'1502351492732.COM.jpg',NULL,'2017-08-10 07:51:33','2017-08-10 07:51:33',1,NULL,NULL,'D:\\zwoweb_workspace\\.metadata\\.plugins\\org.eclipse.wst.server.core\\tmp6\\wtpwebapps\\zhiwo-system-web\\images\\uassets\\2017\\8\\10\\1502351492732.COM.jpg',NULL,NULL,NULL,NULL,NULL,70,'images/uassets/2017/8/10/1502351492732.COM.jpg',NULL,NULL),('150235829247058',NULL,'1502358292463.JPG',NULL,'2017-08-10 09:44:52','2017-08-10 09:44:52',1,NULL,NULL,'D:\\zwoweb_workspace\\.metadata\\.plugins\\org.eclipse.wst.server.core\\tmp6\\wtpwebapps\\zhiwo-system-web\\images\\uassets\\2017\\8\\10\\1502358292463.JPG',NULL,NULL,NULL,NULL,NULL,71,'images/uassets/2017/8/10/1502358292463.JPG',NULL,NULL),('150235913561222',NULL,'1502359135606.jpg',NULL,'2017-08-10 09:58:55','2017-08-10 09:58:55',1,NULL,NULL,'D:\\zwoweb_workspace\\.metadata\\.plugins\\org.eclipse.wst.server.core\\tmp6\\wtpwebapps\\zhiwo-system-web\\images\\uassets\\2017\\8\\10\\1502359135606.jpg',NULL,NULL,NULL,NULL,NULL,72,'images/uassets/2017/8/10/1502359135606.jpg',NULL,NULL),('150236435862640',NULL,'1502364358603.jpg',NULL,'2017-08-10 11:25:58','2017-08-10 11:25:58',1,NULL,NULL,'D:\\zwoweb_workspace\\.metadata\\.plugins\\org.eclipse.wst.server.core\\tmp6\\wtpwebapps\\zhiwo-system-web\\images\\uassets\\2017\\8\\10\\1502364358603.jpg',NULL,NULL,NULL,NULL,NULL,73,'images/uassets/2017/8/10/1502364358603.jpg',NULL,NULL),('150241345781979',NULL,'1502413457729.jpg',NULL,'2017-08-11 01:04:18','2017-08-11 01:04:18',1,NULL,NULL,'D:\\zwoweb_workspace\\.metadata\\.plugins\\org.eclipse.wst.server.core\\tmp6\\wtpwebapps\\zhiwo-system-web\\images\\uassets\\2017\\8\\11\\1502413457729.jpg',NULL,NULL,NULL,NULL,NULL,74,'images/uassets/2017/8/11/1502413457729.jpg',NULL,NULL),('150241461191046',NULL,'1502414611871.jpg',NULL,'2017-08-11 01:23:31','2017-08-11 01:23:31',1,NULL,NULL,'D:\\zwoweb_workspace\\.metadata\\.plugins\\org.eclipse.wst.server.core\\tmp6\\wtpwebapps\\zhiwo-system-web\\images\\uassets\\2017\\8\\11\\1502414611871.jpg',NULL,NULL,NULL,NULL,NULL,75,'images/uassets/2017/8/11/1502414611871.jpg',NULL,NULL),('150241467326320',NULL,'1502414673207.jpg',NULL,'2017-08-11 01:24:33','2017-08-11 01:24:33',1,NULL,NULL,'D:\\zwoweb_workspace\\.metadata\\.plugins\\org.eclipse.wst.server.core\\tmp6\\wtpwebapps\\zhiwo-system-web\\images\\uassets\\2017\\8\\11\\1502414673207.jpg',NULL,NULL,NULL,NULL,NULL,76,'images/uassets/2017/8/11/1502414673207.jpg',NULL,NULL),('150241999867811',NULL,'1502419998673.jpg',NULL,'2017-08-11 02:53:19','2017-08-11 02:53:19',1,NULL,NULL,'D:\\zwoweb_workspace\\.metadata\\.plugins\\org.eclipse.wst.server.core\\tmp6\\wtpwebapps\\zhiwo-system-web\\images\\uassets\\2017\\8\\11\\1502419998673.jpg',NULL,NULL,NULL,NULL,NULL,77,'images/uassets/2017/8/11/1502419998673.jpg',NULL,NULL),('150242004220787',NULL,'1502420042192.jpeg',NULL,'2017-08-11 02:54:02','2017-08-11 02:54:02',1,NULL,NULL,'D:\\zwoweb_workspace\\.metadata\\.plugins\\org.eclipse.wst.server.core\\tmp6\\wtpwebapps\\zhiwo-system-web\\images\\uassets\\2017\\8\\11\\1502420042192.jpeg',NULL,NULL,NULL,NULL,NULL,78,'images/uassets/2017/8/11/1502420042192.jpeg',NULL,NULL),('150242513408087',NULL,'1502425134024.jpg',NULL,'2017-08-11 04:18:54','2017-08-11 04:18:54',1,NULL,NULL,'D:\\zwoweb_workspace\\.metadata\\.plugins\\org.eclipse.wst.server.core\\tmp8\\wtpwebapps\\zhiwo-system-web\\images\\uassets\\2017\\8\\11\\1502425134024.jpg',NULL,NULL,NULL,NULL,NULL,79,'images/uassets/2017/8/11/1502425134024.jpg',NULL,NULL),('150243367560912',NULL,'1502433675587.jpg',NULL,'2017-08-11 06:41:15','2017-08-11 06:41:15',1,NULL,NULL,'D:\\zwoweb_workspace\\.metadata\\.plugins\\org.eclipse.wst.server.core\\tmp8\\wtpwebapps\\zhiwo-system-web\\images\\uassets\\2017\\8\\11\\1502433675587.jpg',NULL,NULL,NULL,NULL,NULL,80,'images/uassets/2017/8/11/1502433675587.jpg',NULL,NULL),('150243519383316',NULL,'1502435193826.jpg',NULL,'2017-08-11 07:06:34','2017-08-11 07:06:34',1,NULL,NULL,'D:\\zwoweb_workspace\\.metadata\\.plugins\\org.eclipse.wst.server.core\\tmp8\\wtpwebapps\\zhiwo-system-web\\images\\uassets\\2017\\8\\11\\1502435193826.jpg',NULL,NULL,NULL,NULL,NULL,81,'images/uassets/2017/8/11/1502435193826.jpg',NULL,NULL),('150243744549536',NULL,'1502437445489.jpg',NULL,'2017-08-11 07:44:05','2017-08-11 07:44:05',1,NULL,NULL,'D:\\zwoweb_workspace\\.metadata\\.plugins\\org.eclipse.wst.server.core\\tmp8\\wtpwebapps\\zhiwo-system-web\\images\\uassets\\2017\\8\\11\\1502437445489.jpg',NULL,NULL,NULL,NULL,NULL,82,'images/uassets/2017/8/11/1502437445489.jpg',NULL,NULL),('150243750765533',NULL,'1502437507627.gif',NULL,'2017-08-11 07:45:07','2017-08-11 07:45:07',1,NULL,NULL,'D:\\zwoweb_workspace\\.metadata\\.plugins\\org.eclipse.wst.server.core\\tmp8\\wtpwebapps\\zhiwo-system-web\\images\\uassets\\2017\\8\\11\\1502437507627.gif',NULL,NULL,NULL,NULL,NULL,83,'images/uassets/2017/8/11/1502437507627.gif',NULL,NULL),('150244078702481',NULL,'1502440787019.jpg',NULL,'2017-08-11 08:39:47','2017-08-11 08:39:47',1,NULL,NULL,'D:\\zwoweb_workspace\\.metadata\\.plugins\\org.eclipse.wst.server.core\\tmp8\\wtpwebapps\\zhiwo-system-web\\images\\uassets\\2017\\8\\11\\1502440787019.jpg',NULL,NULL,NULL,NULL,NULL,84,'images/uassets/2017/8/11/1502440787019.jpg',NULL,NULL),('150244970655574',NULL,'1502449706546.jpg',NULL,'2017-08-11 11:08:26','2017-08-11 11:08:26',1,NULL,NULL,'D:\\zwoweb_workspace\\.metadata\\.plugins\\org.eclipse.wst.server.core\\tmp8\\wtpwebapps\\zhiwo-system-web\\images\\uassets\\2017\\8\\11\\1502449706546.jpg',NULL,NULL,NULL,NULL,NULL,85,'images/uassets/2017/8/11/1502449706546.jpg',NULL,NULL),('150244977893974',NULL,'1502449778933.jpg',NULL,'2017-08-11 11:09:38','2017-08-11 11:09:38',1,NULL,NULL,'D:\\zwoweb_workspace\\.metadata\\.plugins\\org.eclipse.wst.server.core\\tmp8\\wtpwebapps\\zhiwo-system-web\\images\\uassets\\2017\\8\\11\\1502449778933.jpg',NULL,NULL,NULL,NULL,NULL,86,'images/uassets/2017/8/11/1502449778933.jpg',NULL,NULL),('150244978689351',NULL,'1502449786887.jpg',NULL,'2017-08-11 11:09:46','2017-08-11 11:09:46',1,NULL,NULL,'D:\\zwoweb_workspace\\.metadata\\.plugins\\org.eclipse.wst.server.core\\tmp8\\wtpwebapps\\zhiwo-system-web\\images\\uassets\\2017\\8\\11\\1502449786887.jpg',NULL,NULL,NULL,NULL,NULL,87,'images/uassets/2017/8/11/1502449786887.jpg',NULL,NULL),('15025292039925',NULL,'1502529203958.jpg',NULL,'2017-08-12 09:13:24','2017-08-12 09:13:24',1,NULL,NULL,'D:\\zwoweb_workspace\\.metadata\\.plugins\\org.eclipse.wst.server.core\\tmp8\\wtpwebapps\\zhiwo-system-web\\images\\uassets\\2017\\8\\12\\1502529203958.jpg',NULL,NULL,NULL,NULL,NULL,88,'images/uassets/2017/8/12/1502529203958.jpg',NULL,NULL),('150252979084234',NULL,'1502529790774.jpg',NULL,'2017-08-12 09:23:11','2017-08-12 09:23:11',1,NULL,NULL,'D:\\zwoweb_workspace\\.metadata\\.plugins\\org.eclipse.wst.server.core\\tmp8\\wtpwebapps\\zhiwo-system-web\\images\\uassets\\2017\\8\\12\\1502529790774.jpg',NULL,NULL,NULL,NULL,NULL,89,'images/uassets/2017/8/12/1502529790774.jpg',NULL,NULL),('150253015351321',NULL,'1502530153474.jpg',NULL,'2017-08-12 09:29:13','2017-08-12 09:29:13',1,NULL,NULL,'D:\\zwoweb_workspace\\.metadata\\.plugins\\org.eclipse.wst.server.core\\tmp8\\wtpwebapps\\zhiwo-system-web\\images\\uassets\\2017\\8\\12\\1502530153474.jpg',NULL,NULL,NULL,NULL,NULL,90,'images/uassets/2017/8/12/1502530153474.jpg',NULL,NULL),('150253020598419',NULL,'1502530205924.jpg',NULL,'2017-08-12 09:30:06','2017-08-12 09:30:06',1,NULL,NULL,'D:\\zwoweb_workspace\\.metadata\\.plugins\\org.eclipse.wst.server.core\\tmp8\\wtpwebapps\\zhiwo-system-web\\images\\uassets\\2017\\8\\12\\1502530205924.jpg',NULL,NULL,NULL,NULL,NULL,91,'images/uassets/2017/8/12/1502530205924.jpg',NULL,NULL),('150253026642943',NULL,'1502530266424.jpg',NULL,'2017-08-12 09:31:06','2017-08-12 09:31:06',1,NULL,NULL,'D:\\zwoweb_workspace\\.metadata\\.plugins\\org.eclipse.wst.server.core\\tmp8\\wtpwebapps\\zhiwo-system-web\\images\\uassets\\2017\\8\\12\\1502530266424.jpg',NULL,NULL,NULL,NULL,NULL,92,'images/uassets/2017/8/12/1502530266424.jpg',NULL,NULL),('150253127544349',NULL,'1502531275385.jpg',NULL,'2017-08-12 09:47:55','2017-08-12 09:47:55',1,NULL,NULL,'D:\\zwoweb_workspace\\.metadata\\.plugins\\org.eclipse.wst.server.core\\tmp8\\wtpwebapps\\zhiwo-system-web\\images\\uassets\\2017\\8\\12\\1502531275385.jpg',NULL,NULL,NULL,NULL,NULL,93,'images/uassets/2017/8/12/1502531275385.jpg',NULL,NULL),('150253129814561',NULL,'1502531298140.jpg',NULL,'2017-08-12 09:48:18','2017-08-12 09:48:18',1,NULL,NULL,'D:\\zwoweb_workspace\\.metadata\\.plugins\\org.eclipse.wst.server.core\\tmp8\\wtpwebapps\\zhiwo-system-web\\images\\uassets\\2017\\8\\12\\1502531298140.jpg',NULL,NULL,NULL,NULL,NULL,94,'images/uassets/2017/8/12/1502531298140.jpg',NULL,NULL),('150253599038014',NULL,'1502535990354.jpg',NULL,'2017-08-12 11:06:30','2017-08-12 11:06:30',1,NULL,NULL,'D:\\zwoweb_workspace\\.metadata\\.plugins\\org.eclipse.wst.server.core\\tmp8\\wtpwebapps\\zhiwo-system-web\\images\\uassets\\2017\\8\\12\\1502535990354.jpg',NULL,NULL,NULL,NULL,NULL,95,'images/uassets/2017/8/12/1502535990354.jpg',NULL,NULL),('150253656671855',NULL,'1502536566713.jpg',NULL,'2017-08-12 11:16:07','2017-08-12 11:16:07',1,NULL,NULL,'D:\\zwoweb_workspace\\.metadata\\.plugins\\org.eclipse.wst.server.core\\tmp8\\wtpwebapps\\zhiwo-system-web\\images\\uassets\\2017\\8\\12\\1502536566713.jpg',NULL,NULL,NULL,NULL,NULL,96,'images/uassets/2017/8/12/1502536566713.jpg',NULL,NULL),('150254091663445',NULL,'1502540916163.jpg',NULL,'2017-08-12 12:28:36','2017-08-12 12:28:36',1,NULL,NULL,'D:\\zwoweb_workspace\\.metadata\\.plugins\\org.eclipse.wst.server.core\\tmp8\\wtpwebapps\\zhiwo-system-web\\images\\uassets\\2017\\8\\12\\1502540916163.jpg',NULL,NULL,NULL,NULL,NULL,97,'images/uassets/2017/8/12/1502540916163.jpg',NULL,NULL),('15025411459114',NULL,'1502541145906.jpg',NULL,'2017-08-12 12:32:25','2017-08-12 12:32:25',1,NULL,NULL,'D:\\zwoweb_workspace\\.metadata\\.plugins\\org.eclipse.wst.server.core\\tmp8\\wtpwebapps\\zhiwo-system-web\\images\\uassets\\2017\\8\\12\\1502541145906.jpg',NULL,NULL,NULL,NULL,NULL,98,'images/uassets/2017/8/12/1502541145906.jpg',NULL,NULL),('150254163378243',NULL,'1502541633776.jpg',NULL,'2017-08-12 12:40:33','2017-08-12 12:40:33',1,NULL,NULL,'D:\\zwoweb_workspace\\.metadata\\.plugins\\org.eclipse.wst.server.core\\tmp8\\wtpwebapps\\zhiwo-system-web\\images\\uassets\\2017\\8\\12\\1502541633776.jpg',NULL,NULL,NULL,NULL,NULL,99,'images/uassets/2017/8/12/1502541633776.jpg',NULL,NULL),('150254249406418',NULL,'1502542494009.jpg',NULL,'2017-08-12 12:54:54','2017-08-12 12:54:54',1,NULL,NULL,'D:\\zwoweb_workspace\\.metadata\\.plugins\\org.eclipse.wst.server.core\\tmp8\\wtpwebapps\\zhiwo-system-web\\images\\uassets\\2017\\8\\12\\1502542494009.jpg',NULL,NULL,NULL,NULL,NULL,100,'images/uassets/2017/8/12/1502542494009.jpg',NULL,NULL),('150254293183985',NULL,'1502542931834.jpg',NULL,'2017-08-12 13:02:11','2017-08-12 13:02:11',1,NULL,NULL,'D:\\zwoweb_workspace\\.metadata\\.plugins\\org.eclipse.wst.server.core\\tmp8\\wtpwebapps\\zhiwo-system-web\\images\\uassets\\2017\\8\\12\\1502542931834.jpg',NULL,NULL,NULL,NULL,NULL,101,'images/uassets/2017/8/12/1502542931834.jpg',NULL,NULL),('150254390099838',NULL,'1502543900991.jpg',NULL,'2017-08-12 13:18:21','2017-08-12 13:18:21',1,NULL,NULL,'D:\\zwoweb_workspace\\.metadata\\.plugins\\org.eclipse.wst.server.core\\tmp8\\wtpwebapps\\zhiwo-system-web\\images\\uassets\\2017\\8\\12\\1502543900991.jpg',NULL,NULL,NULL,NULL,NULL,102,'images/uassets/2017/8/12/1502543900991.jpg',NULL,NULL),('150268160216529',NULL,'1502681602155.jpg',NULL,'2017-08-14 03:33:22','2017-08-14 03:33:22',1,NULL,NULL,'D:\\zwoweb_workspace\\.metadata\\.plugins\\org.eclipse.wst.server.core\\tmp8\\wtpwebapps\\zhiwo-system-web\\images\\uassets\\2017\\8\\14\\1502681602155.jpg',NULL,NULL,NULL,NULL,NULL,103,'images/uassets/2017/8/14/1502681602155.jpg',NULL,NULL),('150268444857038',NULL,'1502684448564.jpg',NULL,'2017-08-14 04:20:48','2017-08-14 04:20:48',1,NULL,NULL,'D:\\zwoweb_workspace\\.metadata\\.plugins\\org.eclipse.wst.server.core\\tmp8\\wtpwebapps\\zhiwo-system-web\\images\\uassets\\2017\\8\\14\\1502684448564.jpg',NULL,NULL,NULL,NULL,NULL,104,'images/uassets/2017/8/14/1502684448564.jpg',NULL,NULL),('15027032203839',NULL,'1502703220376.jpg',NULL,'2017-08-14 09:33:40','2017-08-14 09:33:40',1,NULL,NULL,'D:\\zwoweb_workspace\\.metadata\\.plugins\\org.eclipse.wst.server.core\\tmp8\\wtpwebapps\\zhiwo-system-web\\images\\uassets\\2017\\8\\14\\1502703220376.jpg',NULL,NULL,NULL,NULL,NULL,105,'images/uassets/2017/8/14/1502703220376.jpg',NULL,NULL),('150310003164596',NULL,'1503100031577.jpg',NULL,'2017-08-18 23:47:12','2017-08-18 23:47:12',1,NULL,NULL,'D:\\zwoweb_workspace\\.metadata\\.plugins\\org.eclipse.wst.server.core\\tmp8\\wtpwebapps\\zhiwo-system-web\\images\\uassets\\2017\\8\\19\\1503100031577.jpg',NULL,NULL,NULL,NULL,NULL,106,'images/uassets/2017/8/19/1503100031577.jpg',NULL,NULL),('150310035591784',NULL,'1503100355911.jpg',NULL,'2017-08-18 23:52:35','2017-08-18 23:52:35',1,NULL,NULL,'D:\\zwoweb_workspace\\.metadata\\.plugins\\org.eclipse.wst.server.core\\tmp8\\wtpwebapps\\zhiwo-system-web\\images\\uassets\\2017\\8\\19\\1503100355911.jpg',NULL,NULL,NULL,NULL,NULL,107,'images/uassets/2017/8/19/1503100355911.jpg',NULL,NULL),('150310473362841',NULL,'1503104733603.jpg',NULL,'2017-08-19 01:05:33','2017-08-19 01:05:33',1,NULL,NULL,'D:\\zwoweb_workspace\\.metadata\\.plugins\\org.eclipse.wst.server.core\\tmp8\\wtpwebapps\\zhiwo-system-web\\images\\uassets\\2017\\8\\19\\1503104733603.jpg',NULL,NULL,NULL,NULL,NULL,108,'images/uassets/2017/8/19/1503104733603.jpg',NULL,NULL),('15032468671632',NULL,'1503246867136.jpg',NULL,'2017-08-20 16:34:27','2017-08-20 16:34:27',1,NULL,NULL,'D:\\zwoweb_workspace\\.metadata\\.plugins\\org.eclipse.wst.server.core\\tmp8\\wtpwebapps\\zhiwo-system-web\\images\\uassets\\2017\\8\\21\\1503246867136.jpg',NULL,NULL,NULL,NULL,NULL,109,'images/uassets/2017/8/21/1503246867136.jpg',NULL,NULL),('150327743398683',NULL,'1503277433981.jpg',NULL,'2017-08-21 01:03:54','2017-08-21 01:03:54',1,NULL,NULL,'D:\\zwoweb_workspace\\.metadata\\.plugins\\org.eclipse.wst.server.core\\tmp8\\wtpwebapps\\zhiwo-system-web\\images\\uassets\\2017\\8\\21\\1503277433981.jpg',NULL,NULL,NULL,NULL,NULL,110,'images/uassets/2017/8/21/1503277433981.jpg',NULL,NULL),('150366547266580',NULL,'1503665472644.jpg',NULL,'2017-08-25 12:51:13','2017-08-25 12:51:13',1,NULL,NULL,'D:\\zwoweb_workspace\\.metadata\\.plugins\\org.eclipse.wst.server.core\\tmp8\\wtpwebapps\\zhiwo-system-web\\images\\uassets\\2017\\8\\25\\1503665472644.jpg',NULL,NULL,NULL,NULL,NULL,111,'images/uassets/2017/8/25/1503665472644.jpg',NULL,NULL),('150375225313983',NULL,'1503752253115.jpg',NULL,'2017-08-26 12:57:33','2017-08-26 12:57:33',1,NULL,NULL,'D:\\images\\uassets\\2017\\8\\26\\1503752253115.jpg',NULL,NULL,NULL,NULL,NULL,112,'images/uassets/2017/8/26/1503752253115.jpg',NULL,NULL),('150376063239576',NULL,'1503760632386.jpg',NULL,'2017-08-26 15:17:12','2017-08-26 15:17:12',1,NULL,NULL,'D:\\uassets\\2017\\8\\26\\1503760632386.jpg',NULL,NULL,NULL,NULL,NULL,113,'uassets/2017/8/26/1503760632386.jpg',NULL,NULL),('150376081559413',NULL,'1503760815589.jpg',NULL,'2017-08-26 15:20:16','2017-08-26 15:20:16',1,NULL,NULL,'D:\\uassets\\2017\\8\\26\\1503760815589.jpg',NULL,NULL,NULL,NULL,NULL,114,'uassets/2017/8/26/1503760815589.jpg',NULL,NULL),('150376106167372',NULL,'1503761061663.jpg',NULL,'2017-08-26 15:24:21','2017-08-26 15:24:21',1,NULL,NULL,'D:\\images\\uassets\\2017\\8\\26\\1503761061663.jpg',NULL,NULL,NULL,NULL,NULL,115,'uassets/2017/8/26/1503761061663.jpg',NULL,NULL),('150376112665213',NULL,'1503761126647.jpg',NULL,'2017-08-26 15:25:26','2017-08-26 15:25:26',1,NULL,NULL,'D:\\images\\uassets\\2017\\8\\26\\1503761126647.jpg',NULL,NULL,NULL,NULL,NULL,116,'uassets/2017/8/26/1503761126647.jpg',NULL,NULL),('150376121124848',NULL,'1503761211244.jpg',NULL,'2017-08-26 15:26:51','2017-08-26 15:26:51',1,NULL,NULL,'D:\\images\\uassets\\2017\\8\\26\\1503761211244.jpg',NULL,NULL,NULL,NULL,NULL,117,'uassets/2017/8/26/1503761211244.jpg',NULL,NULL),('150380706222853',NULL,'1503807062182.jpg',NULL,'2017-08-27 04:11:02','2017-08-27 04:11:02',1,NULL,NULL,'D:\\images\\uassets\\2017\\8\\27\\1503807062182.jpg',NULL,NULL,NULL,NULL,NULL,118,'uassets/2017/8/27/1503807062182.jpg',NULL,NULL),('150408381442598',NULL,'1504083814398.webp',NULL,'2017-08-30 09:03:35','2017-08-30 09:03:35',1,NULL,NULL,'D:\\images\\uassets\\2017\\8\\30\\1504083814398.webp',NULL,NULL,NULL,NULL,NULL,119,'uassets/2017/8/30/1504083814398.webp',NULL,NULL),('150409073258486',NULL,'1504090707199.webp','1504085428827','2017-08-30 10:58:58','2017-08-30 10:58:58',1,NULL,NULL,'D:\\images\\uassets\\2017\\8\\30\\1504090707199.webp',NULL,NULL,NULL,NULL,NULL,120,'uassets/2017/8/30/1504090707199.webp',NULL,NULL),('150409090906036',NULL,'1504091064401.webp','149879109000689','2017-08-30 11:01:55','2017-08-30 11:01:55',1,NULL,NULL,'D:\\images\\uassets\\2017\\8\\30\\1504091064401.webp',NULL,NULL,NULL,NULL,NULL,121,'uassets/2017/8/30/1504091064401.webp',NULL,NULL),('150409137048038',NULL,'1504091315778.webp','1504091114549','2017-08-30 11:09:30','2017-08-30 11:09:30',1,NULL,NULL,'D:\\images\\uassets\\2017\\8\\30\\1504091315778.webp',NULL,NULL,NULL,NULL,NULL,122,'uassets/2017/8/30/1504091315778.webp',NULL,NULL),('150409144304828',NULL,'1504091443006.webp','1504091377795','2017-08-30 11:10:43','2017-08-30 11:10:43',1,NULL,NULL,'D:\\images\\uassets\\2017\\8\\30\\1504091443006.webp',NULL,NULL,NULL,NULL,NULL,123,'uassets/2017/8/30/1504091443006.webp',NULL,NULL),('150409147811246',NULL,'1504091478076.webp','1504091445504','2017-08-30 11:11:18','2017-08-30 11:11:18',1,NULL,NULL,'D:\\images\\uassets\\2017\\8\\30\\1504091478076.webp',NULL,NULL,NULL,NULL,NULL,124,'uassets/2017/8/30/1504091478076.webp',NULL,NULL),('150409152223672',NULL,'1504091522199.webp','1504091490955','2017-08-30 11:12:02','2017-08-30 11:12:02',1,NULL,NULL,'D:\\images\\uassets\\2017\\8\\30\\1504091522199.webp',NULL,NULL,NULL,NULL,NULL,125,'uassets/2017/8/30/1504091522199.webp',NULL,NULL),('150409155720735',NULL,'1504091557168.webp','1504091527135','2017-08-30 11:12:37','2017-08-30 11:12:37',1,NULL,NULL,'D:\\images\\uassets\\2017\\8\\30\\1504091557168.webp',NULL,NULL,NULL,NULL,NULL,126,'uassets/2017/8/30/1504091557168.webp',NULL,NULL),('15040917752688',NULL,'1504091775222.webp','1504091709763','2017-08-30 11:16:15','2017-08-30 11:16:15',1,NULL,NULL,'D:\\images\\uassets\\2017\\8\\30\\1504091775222.webp',NULL,NULL,NULL,NULL,NULL,127,'uassets/2017/8/30/1504091775222.webp',NULL,NULL),('150409197379638',NULL,'1504091973745.webp','1504091934763','2017-08-30 11:19:33','2017-08-30 11:19:33',1,NULL,NULL,'D:\\images\\uassets\\2017\\8\\30\\1504091973745.webp',NULL,NULL,NULL,NULL,NULL,128,'uassets/2017/8/30/1504091973745.webp',NULL,NULL),('150409249248618',NULL,'1504092492444.webp','1504092428839','2017-08-30 11:28:12','2017-08-30 11:28:12',1,NULL,NULL,'D:\\images\\uassets\\2017\\8\\30\\1504092492444.webp',NULL,NULL,NULL,NULL,NULL,129,'uassets/2017/8/30/1504092492444.webp',NULL,NULL),('150409264499917',NULL,'1504092644961.webp','1504092596212','2017-08-30 11:30:45','2017-08-30 11:30:45',1,NULL,NULL,'D:\\images\\uassets\\2017\\8\\30\\1504092644961.webp',NULL,NULL,NULL,NULL,NULL,130,'uassets/2017/8/30/1504092644961.webp',NULL,NULL),('150409283185526',NULL,'1504092831809.webp','1504092768188','2017-08-30 11:33:51','2017-08-30 11:33:51',1,NULL,NULL,'D:\\images\\uassets\\2017\\8\\30\\1504092831809.webp',NULL,NULL,NULL,NULL,NULL,131,'uassets/2017/8/30/1504092831809.webp',NULL,NULL),('150409288076716',NULL,'1504092880728.webp','1504092847772','2017-08-30 11:34:40','2017-08-30 11:34:40',1,NULL,NULL,'D:\\images\\uassets\\2017\\8\\30\\1504092880728.webp',NULL,NULL,NULL,NULL,NULL,132,'uassets/2017/8/30/1504092880728.webp',NULL,NULL),('150409293049692',NULL,'1504092930446.webp','1504092888385','2017-08-30 11:35:30','2017-08-30 11:35:30',1,NULL,NULL,'D:\\images\\uassets\\2017\\8\\30\\1504092930446.webp',NULL,NULL,NULL,NULL,NULL,133,'uassets/2017/8/30/1504092930446.webp',NULL,NULL),('150409296671218',NULL,'1504092966674.webp','1504092936041','2017-08-30 11:36:06','2017-08-30 11:36:06',1,NULL,NULL,'D:\\images\\uassets\\2017\\8\\30\\1504092966674.webp',NULL,NULL,NULL,NULL,NULL,134,'uassets/2017/8/30/1504092966674.webp',NULL,NULL),('150409311073849',NULL,'1504093110702.webp','1504093070005','2017-08-30 11:38:30','2017-08-30 11:38:30',1,NULL,NULL,'D:\\images\\uassets\\2017\\8\\30\\1504093110702.webp',NULL,NULL,NULL,NULL,NULL,135,'uassets/2017/8/30/1504093110702.webp',NULL,NULL),('150409316515364',NULL,'1504093165113.webp','1504093116278','2017-08-30 11:39:25','2017-08-30 11:39:25',1,NULL,NULL,'D:\\images\\uassets\\2017\\8\\30\\1504093165113.webp',NULL,NULL,NULL,NULL,NULL,136,'uassets/2017/8/30/1504093165113.webp',NULL,NULL),('150409324074034',NULL,'1504093240704.webp','1504093178176','2017-08-30 11:40:40','2017-08-30 11:40:40',1,NULL,NULL,'D:\\images\\uassets\\2017\\8\\30\\1504093240704.webp',NULL,NULL,NULL,NULL,NULL,137,'uassets/2017/8/30/1504093240704.webp',NULL,NULL),('15040932827064',NULL,'1504093282668.webp','1504093246711','2017-08-30 11:41:22','2017-08-30 11:41:22',1,NULL,NULL,'D:\\images\\uassets\\2017\\8\\30\\1504093282668.webp',NULL,NULL,NULL,NULL,NULL,138,'uassets/2017/8/30/1504093282668.webp',NULL,NULL),('15040935595072',NULL,'1504093559472.webp','1504093484290','2017-08-30 11:45:59','2017-08-30 11:45:59',1,NULL,NULL,'D:\\images\\uassets\\2017\\8\\30\\1504093559472.webp',NULL,NULL,NULL,NULL,NULL,139,'uassets/2017/8/30/1504093559472.webp',NULL,NULL),('150409358955095',NULL,'1504093589511.webp','1504093568256','2017-08-30 11:46:29','2017-08-30 11:46:29',1,NULL,NULL,'D:\\images\\uassets\\2017\\8\\30\\1504093589511.webp',NULL,NULL,NULL,NULL,NULL,140,'uassets/2017/8/30/1504093589511.webp',NULL,NULL),('150409361999567',NULL,'1504093619958.webp','1504093596477','2017-08-30 11:47:00','2017-08-30 11:47:00',1,NULL,NULL,'D:\\images\\uassets\\2017\\8\\30\\1504093619958.webp',NULL,NULL,NULL,NULL,NULL,141,'uassets/2017/8/30/1504093619958.webp',NULL,NULL),('150409365445589',NULL,'1504093654420.webp','1504093624461','2017-08-30 11:47:34','2017-08-30 11:47:34',1,NULL,NULL,'D:\\images\\uassets\\2017\\8\\30\\1504093654420.webp',NULL,NULL,NULL,NULL,NULL,142,'uassets/2017/8/30/1504093654420.webp',NULL,NULL),('150409374235787',NULL,'1504093742321.webp','1504093715778','2017-08-30 11:49:02','2017-08-30 11:49:02',1,NULL,NULL,'D:\\images\\uassets\\2017\\8\\30\\1504093742321.webp',NULL,NULL,NULL,NULL,NULL,143,'uassets/2017/8/30/1504093742321.webp',NULL,NULL),('15040937715253',NULL,'1504093771491.webp','1504093749733','2017-08-30 11:49:31','2017-08-30 11:49:31',1,NULL,NULL,'D:\\images\\uassets\\2017\\8\\30\\1504093771491.webp',NULL,NULL,NULL,NULL,NULL,144,'uassets/2017/8/30/1504093771491.webp',NULL,NULL),('150409379056456',NULL,'1504093790528.webp','1504093776997','2017-08-30 11:49:50','2017-08-30 11:49:50',1,NULL,NULL,'D:\\images\\uassets\\2017\\8\\30\\1504093790528.webp',NULL,NULL,NULL,NULL,NULL,145,'uassets/2017/8/30/1504093790528.webp',NULL,NULL),('150409382655651',NULL,'1504093826522.webp','1504093803955','2017-08-30 11:50:26','2017-08-30 11:50:26',1,NULL,NULL,'D:\\images\\uassets\\2017\\8\\30\\1504093826522.webp',NULL,NULL,NULL,NULL,NULL,146,'uassets/2017/8/30/1504093826522.webp',NULL,NULL),('150409392856457',NULL,'1504093928525.webp','1504093892650','2017-08-30 11:52:08','2017-08-30 11:52:08',1,NULL,NULL,'D:\\images\\uassets\\2017\\8\\30\\1504093928525.webp',NULL,NULL,NULL,NULL,NULL,147,'uassets/2017/8/30/1504093928525.webp',NULL,NULL),('150409395070995',NULL,'1504093950652.webp','1504093933686','2017-08-30 11:52:30','2017-08-30 11:52:30',1,NULL,NULL,'D:\\images\\uassets\\2017\\8\\30\\1504093950652.webp',NULL,NULL,NULL,NULL,NULL,148,'uassets/2017/8/30/1504093950652.webp',NULL,NULL),('150409416703972',NULL,'1504094167005.webp','1504094118365','2017-08-30 11:56:07','2017-08-30 11:56:07',1,NULL,NULL,'D:\\images\\uassets\\2017\\8\\30\\1504094167005.webp',NULL,NULL,NULL,NULL,NULL,149,'uassets/2017/8/30/1504094167005.webp',NULL,NULL),('15040942321685',NULL,'1504094232067.webp','1504094173900','2017-08-30 11:57:12','2017-08-30 11:57:12',1,NULL,NULL,'D:\\images\\uassets\\2017\\8\\30\\1504094232067.webp',NULL,NULL,NULL,NULL,NULL,150,'uassets/2017/8/30/1504094232067.webp',NULL,NULL),('150409427079164',NULL,'1504094270750.webp','1504094237825','2017-08-30 11:57:50','2017-08-30 11:57:50',1,NULL,NULL,'D:\\images\\uassets\\2017\\8\\30\\1504094270750.webp',NULL,NULL,NULL,NULL,NULL,151,'uassets/2017/8/30/1504094270750.webp',NULL,NULL),('150409430180614',NULL,'1504094301691.webp','1504094276144','2017-08-30 11:58:21','2017-08-30 11:58:21',1,NULL,NULL,'D:\\images\\uassets\\2017\\8\\30\\1504094301691.webp',NULL,NULL,NULL,NULL,NULL,152,'uassets/2017/8/30/1504094301691.webp',NULL,NULL),('150409755135332',NULL,'1504097551167.webp','1504094310402','2017-08-30 12:52:31','2017-08-30 12:52:31',1,NULL,NULL,'D:\\images\\uassets\\2017\\8\\30\\1504097551167.webp',NULL,NULL,NULL,NULL,NULL,153,'uassets/2017/8/30/1504097551167.webp',NULL,NULL),('150409803273478',NULL,'1504098032698.webp','1504097555422','2017-08-30 13:00:32','2017-08-30 13:00:32',1,NULL,NULL,'D:\\images\\uassets\\2017\\8\\30\\1504098032698.webp',NULL,NULL,NULL,NULL,NULL,154,'uassets/2017/8/30/1504098032698.webp',NULL,NULL),('150409806169972',NULL,'1504098061664.webp','1504098034126','2017-08-30 13:01:01','2017-08-30 13:01:01',1,NULL,NULL,'D:\\images\\uassets\\2017\\8\\30\\1504098061664.webp',NULL,NULL,NULL,NULL,NULL,155,'uassets/2017/8/30/1504098061664.webp',NULL,NULL),('150409864940128',NULL,'1504098649350.webp','1504098065074','2017-08-30 13:10:49','2017-08-30 13:10:49',1,NULL,NULL,'D:\\images\\uassets\\2017\\8\\30\\1504098649350.webp',NULL,NULL,NULL,NULL,NULL,156,'uassets/2017/8/30/1504098649350.webp',NULL,NULL),('150409890203567',NULL,'1504098901987.webp','1504098864613','2017-08-30 13:15:02','2017-08-30 13:15:02',1,NULL,NULL,'D:\\images\\uassets\\2017\\8\\30\\1504098901987.webp',NULL,NULL,NULL,NULL,NULL,157,'uassets/2017/8/30/1504098901987.webp',NULL,NULL),('150409894013195',NULL,'1504098940088.webp','1504098903180','2017-08-30 13:15:40','2017-08-30 13:15:40',1,NULL,NULL,'D:\\images\\uassets\\2017\\8\\30\\1504098940088.webp',NULL,NULL,NULL,NULL,NULL,158,'uassets/2017/8/30/1504098940088.webp',NULL,NULL),('15040995103249',NULL,'1504099510287.webp','1504099380925','2017-08-30 13:25:10','2017-08-30 13:25:10',1,NULL,NULL,'D:\\images\\uassets\\2017\\8\\30\\1504099510287.webp',NULL,NULL,NULL,NULL,NULL,159,'uassets/2017/8/30/1504099510287.webp',NULL,NULL),('15040995420061',NULL,'1504099541970.webp','1504099516589','2017-08-30 13:25:42','2017-08-30 13:25:42',1,NULL,NULL,'D:\\images\\uassets\\2017\\8\\30\\1504099541970.webp',NULL,NULL,NULL,NULL,NULL,160,'uassets/2017/8/30/1504099541970.webp',NULL,NULL),('150409965180363',NULL,'1504099651766.webp','1504099546107','2017-08-30 13:27:31','2017-08-30 13:27:31',1,NULL,NULL,'D:\\images\\uassets\\2017\\8\\30\\1504099651766.webp',NULL,NULL,NULL,NULL,NULL,161,'uassets/2017/8/30/1504099651766.webp',NULL,NULL),('150409969087144',NULL,'1504099690777.webp','1504099657133','2017-08-30 13:28:10','2017-08-30 13:28:10',1,NULL,NULL,'D:\\images\\uassets\\2017\\8\\30\\1504099690777.webp',NULL,NULL,NULL,NULL,NULL,162,'uassets/2017/8/30/1504099690777.webp',NULL,NULL);
/*!40000 ALTER TABLE `tb_user_assets` ENABLE KEYS */;
UNLOCK TABLES;

--
-- Table structure for table `tb_user_group`
--

DROP TABLE IF EXISTS `tb_user_group`;
/*!40101 SET @saved_cs_client     = @@character_set_client */;
/*!40101 SET character_set_client = utf8 */;
CREATE TABLE `tb_user_group` (
  `ID` varchar(32) NOT NULL,
  `NAME` varchar(32) DEFAULT NULL COMMENT '角色名称',
  `CREATE_DATE` timestamp NULL DEFAULT CURRENT_TIMESTAMP COMMENT '创建日期',
  `UPDATE_DATE` timestamp NULL DEFAULT NULL COMMENT '更新日期',
  `DISABLED` tinyint(1) DEFAULT '0' COMMENT '是否禁用,0否，1是',
  `CREATOR` varchar(120) DEFAULT NULL COMMENT '创建人',
  `UPDATER` varchar(120) DEFAULT NULL COMMENT '更新人',
  `SORT` int(11) NOT NULL AUTO_INCREMENT COMMENT '排序',
  `ORG_ID` varchar(32) DEFAULT NULL COMMENT '组织结构表ID，该字段用于过滤数据，不做外键关联',
  `CODE` varchar(45) DEFAULT NULL COMMENT '代码，比如管理员角色，可填写为admin_role',
  PRIMARY KEY (`ID`),
  KEY `SORTINDEX` (`SORT`)
) ENGINE=InnoDB AUTO_INCREMENT=10 DEFAULT CHARSET=utf8 COMMENT='用户组';
/*!40101 SET character_set_client = @saved_cs_client */;

--
-- Dumping data for table `tb_user_group`
--

LOCK TABLES `tb_user_group` WRITE;
/*!40000 ALTER TABLE `tb_user_group` DISABLE KEYS */;
INSERT INTO `tb_user_group` VALUES ('150183679493710','超级管理员组','2017-08-04 08:53:15','2017-08-08 04:03:58',0,NULL,NULL,1,NULL,'adminGroup'),('150236982949469','weew','2017-08-10 12:57:09','2017-08-10 12:57:09',0,NULL,NULL,4,NULL,'ewew'),('150250019597417','test','2017-08-12 01:09:56','2017-08-12 01:20:37',0,NULL,NULL,9,NULL,'test');
/*!40000 ALTER TABLE `tb_user_group` ENABLE KEYS */;
UNLOCK TABLES;

--
-- Table structure for table `tb_user_group_role`
--

DROP TABLE IF EXISTS `tb_user_group_role`;
/*!40101 SET @saved_cs_client     = @@character_set_client */;
/*!40101 SET character_set_client = utf8 */;
CREATE TABLE `tb_user_group_role` (
  `ID` varchar(32) NOT NULL,
  `USERGROUP_ID` varchar(32) DEFAULT NULL,
  `ROLE_ID` varchar(32) DEFAULT NULL,
  PRIMARY KEY (`ID`),
  KEY `FK_USERGROUP_idx` (`USERGROUP_ID`),
  KEY `FK_USERGROUP_ROLE_idx` (`ROLE_ID`),
  CONSTRAINT `FK_USERGROUP_ROLE` FOREIGN KEY (`ROLE_ID`) REFERENCES `tb_role` (`ID`) ON DELETE CASCADE ON UPDATE CASCADE,
  CONSTRAINT `FK_USERGROUP_USER` FOREIGN KEY (`USERGROUP_ID`) REFERENCES `tb_user_group` (`ID`) ON DELETE CASCADE ON UPDATE CASCADE
) ENGINE=InnoDB DEFAULT CHARSET=utf8 COMMENT='用户组——角色中间表';
/*!40101 SET character_set_client = @saved_cs_client */;

--
-- Dumping data for table `tb_user_group_role`
--

LOCK TABLES `tb_user_group_role` WRITE;
/*!40000 ALTER TABLE `tb_user_group_role` DISABLE KEYS */;
INSERT INTO `tb_user_group_role` VALUES ('150183758332847','150183679493710','150183669467347'),('150250083811733','150250019597417','150183669467347'),('15025008381185454','150250019597417','150236810620045');
/*!40000 ALTER TABLE `tb_user_group_role` ENABLE KEYS */;
UNLOCK TABLES;

--
-- Table structure for table `tb_user_quantity_report`
--

DROP TABLE IF EXISTS `tb_user_quantity_report`;
/*!40101 SET @saved_cs_client     = @@character_set_client */;
/*!40101 SET character_set_client = utf8 */;
CREATE TABLE `tb_user_quantity_report` (
  `ID` varchar(32) NOT NULL,
  `USER_ASSET_ID` varchar(120) DEFAULT NULL COMMENT '用户名',
  `USER_ID` varchar(120) DEFAULT NULL COMMENT '密码',
  PRIMARY KEY (`ID`)
) ENGINE=InnoDB DEFAULT CHARSET=utf8 COMMENT='质检报告中间表';
/*!40101 SET character_set_client = @saved_cs_client */;

--
-- Dumping data for table `tb_user_quantity_report`
--

LOCK TABLES `tb_user_quantity_report` WRITE;
/*!40000 ALTER TABLE `tb_user_quantity_report` DISABLE KEYS */;
/*!40000 ALTER TABLE `tb_user_quantity_report` ENABLE KEYS */;
UNLOCK TABLES;

--
-- Table structure for table `tb_user_trade_marke`
--

DROP TABLE IF EXISTS `tb_user_trade_marke`;
/*!40101 SET @saved_cs_client     = @@character_set_client */;
/*!40101 SET character_set_client = utf8 */;
CREATE TABLE `tb_user_trade_marke` (
  `ID` varchar(32) NOT NULL,
  `MARK_CODE` varchar(120) DEFAULT NULL COMMENT '商标注册号',
  `MARK_CODE_AUTH` varchar(120) DEFAULT NULL COMMENT '商标注册证明',
  `BRAND_AUTH` varchar(45) DEFAULT NULL COMMENT '品牌授权证明',
  `BRAND_AUTH_INEFFITIVE` varchar(45) DEFAULT NULL COMMENT '品牌授权有效期',
  `CREATE_DATE` timestamp NULL DEFAULT CURRENT_TIMESTAMP COMMENT '创建日期',
  `UPDATE_DATE` timestamp NULL DEFAULT NULL COMMENT '更新日期',
  `USER_ID` varchar(32) DEFAULT NULL,
  PRIMARY KEY (`ID`)
) ENGINE=InnoDB DEFAULT CHARSET=utf8 COMMENT='用户商标';
/*!40101 SET character_set_client = @saved_cs_client */;

--
-- Dumping data for table `tb_user_trade_marke`
--

LOCK TABLES `tb_user_trade_marke` WRITE;
/*!40000 ALTER TABLE `tb_user_trade_marke` DISABLE KEYS */;
/*!40000 ALTER TABLE `tb_user_trade_marke` ENABLE KEYS */;
UNLOCK TABLES;

--
-- Table structure for table `web_shop_config`
--

DROP TABLE IF EXISTS `web_shop_config`;
/*!40101 SET @saved_cs_client     = @@character_set_client */;
/*!40101 SET character_set_client = utf8 */;
CREATE TABLE `web_shop_config` (
  `ID` varchar(32) NOT NULL,
  `NAME` varchar(45) DEFAULT '智惠多商城' COMMENT '商店名称',
  `TITLE` varchar(45) DEFAULT '智慧多商城-正品低价、品质保障、配送及时、轻松购物！' COMMENT '商店标题',
  `KEY_WORLDS` varchar(45) DEFAULT NULL COMMENT '商店关键字',
  `DESCRIPTION` varchar(45) DEFAULT NULL COMMENT '商店描述',
  `TELEPHONE` varchar(45) DEFAULT NULL COMMENT '客服电话',
  `STATISTICS_CODE` varchar(200) DEFAULT NULL,
  `NUMBER_COMMEMT` int(11) DEFAULT '2' COMMENT '显示在商品详情页的每页用户评论数量,默认5',
  `INDEX_PAGESIZE` int(11) DEFAULT '10' COMMENT '商品首页列表分页的数量',
  `CATEGORY_PAGESIZE` int(11) DEFAULT NULL COMMENT '商品分类页列表的数量',
  `PRO_IMAGE_PATH` varchar(100) DEFAULT NULL COMMENT '设置微信端读取商品图片的路径,例如：http://您的域名',
  PRIMARY KEY (`ID`)
) ENGINE=MyISAM DEFAULT CHARSET=utf8 COMMENT='前台商店设置';
/*!40101 SET character_set_client = @saved_cs_client */;

--
-- Dumping data for table `web_shop_config`
--

LOCK TABLES `web_shop_config` WRITE;
/*!40000 ALTER TABLE `web_shop_config` DISABLE KEYS */;
/*!40000 ALTER TABLE `web_shop_config` ENABLE KEYS */;
UNLOCK TABLES;

--
-- Table structure for table `web_shop_menu`
--

DROP TABLE IF EXISTS `web_shop_menu`;
/*!40101 SET @saved_cs_client     = @@character_set_client */;
/*!40101 SET character_set_client = utf8 */;
CREATE TABLE `web_shop_menu` (
  `ID` varchar(32) NOT NULL,
  `NAME` varchar(45) DEFAULT NULL COMMENT '名称',
  `ICON` varchar(120) DEFAULT NULL COMMENT '图标',
  `LINK` varchar(100) DEFAULT NULL COMMENT '链接地址',
  `SORT` int(11) DEFAULT NULL COMMENT '排序',
  `DESCRIPTION` varchar(45) DEFAULT NULL COMMENT '描述',
  PRIMARY KEY (`ID`),
  KEY `SORTINDEX` (`SORT`)
) ENGINE=InnoDB DEFAULT CHARSET=utf8 COMMENT='自定义菜单';
/*!40101 SET character_set_client = @saved_cs_client */;

--
-- Dumping data for table `web_shop_menu`
--

LOCK TABLES `web_shop_menu` WRITE;
/*!40000 ALTER TABLE `web_shop_menu` DISABLE KEYS */;
/*!40000 ALTER TABLE `web_shop_menu` ENABLE KEYS */;
UNLOCK TABLES;

--
-- Table structure for table `wechat_config`
--

DROP TABLE IF EXISTS `wechat_config`;
/*!40101 SET @saved_cs_client     = @@character_set_client */;
/*!40101 SET character_set_client = utf8 */;
CREATE TABLE `wechat_config` (
  `ID` varchar(32) NOT NULL,
  `DESCRIPTION` varchar(45) DEFAULT NULL COMMENT '商店描述',
  `NAME` varchar(45) DEFAULT NULL COMMENT '名称',
  `TOKEN` varchar(32) DEFAULT NULL COMMENT '此处“Token”内容与对接的微信公众号中的Token值一致。',
  `APPID` varchar(32) DEFAULT NULL COMMENT '微信分配的公众账号ID ',
  `APPSECRET` varchar(45) DEFAULT NULL COMMENT '微信密钥',
  `MCH_ID` varchar(32) DEFAULT NULL COMMENT '微信支付分配的商户号',
  `REFRESH_TIME` int(11) DEFAULT NULL COMMENT '后台access_token刷新时间，单位为秒',
  `ATTENDTION_REPLY` varchar(80) DEFAULT NULL COMMENT '关注回复内容',
  `BINDING_REPLY` varchar(45) DEFAULT NULL COMMENT '绑定后回复内容回复内容',
  `AUTO_REPLY` varchar(45) DEFAULT NULL COMMENT '自动回复',
  PRIMARY KEY (`ID`)
) ENGINE=MyISAM DEFAULT CHARSET=utf8 COMMENT='微信基础配置';
/*!40101 SET character_set_client = @saved_cs_client */;

--
-- Dumping data for table `wechat_config`
--

LOCK TABLES `wechat_config` WRITE;
/*!40000 ALTER TABLE `wechat_config` DISABLE KEYS */;
/*!40000 ALTER TABLE `wechat_config` ENABLE KEYS */;
UNLOCK TABLES;

--
-- Table structure for table `wechat_push`
--

DROP TABLE IF EXISTS `wechat_push`;
/*!40101 SET @saved_cs_client     = @@character_set_client */;
/*!40101 SET character_set_client = utf8 */;
CREATE TABLE `wechat_push` (
  `ID` varchar(32) NOT NULL,
  `DESCRIPTION` varchar(45) DEFAULT NULL COMMENT '描述',
  `CONTENT` varchar(120) DEFAULT NULL COMMENT '内容',
  PRIMARY KEY (`ID`)
) ENGINE=InnoDB DEFAULT CHARSET=utf8 COMMENT='微信消息推送';
/*!40101 SET character_set_client = @saved_cs_client */;

--
-- Dumping data for table `wechat_push`
--

LOCK TABLES `wechat_push` WRITE;
/*!40000 ALTER TABLE `wechat_push` DISABLE KEYS */;
/*!40000 ALTER TABLE `wechat_push` ENABLE KEYS */;
UNLOCK TABLES;

--
-- Table structure for table `wechat_remind`
--

DROP TABLE IF EXISTS `wechat_remind`;
/*!40101 SET @saved_cs_client     = @@character_set_client */;
/*!40101 SET character_set_client = utf8 */;
CREATE TABLE `wechat_remind` (
  `ID` varchar(32) NOT NULL,
  `IF_REMIND_ON_ORDER` int(11) DEFAULT '1' COMMENT '下单微信提醒,1是，0否',
  `REMIND_CONTENT` varchar(80) DEFAULT NULL COMMENT '下单微信内容,例如恭喜你参团成功！',
  `IF_REMIND_ON_SEND` int(11) DEFAULT '1' COMMENT '发货微信提醒,1是，0否',
  `REMIND_CONTENT_SEND` varchar(80) DEFAULT NULL COMMENT '发货微信内容,例如您购买的商品（订单号：$order_sn）已经发货请注意查收！快递号：$shoping_code',
  `IF_REMIND_ON_CANCEL` int(11) DEFAULT '1' COMMENT '订单取消微信提醒,1是，0否',
  `REMIND_CONTENT_CANCEL` varchar(80) DEFAULT NULL COMMENT '订单取消，微信内容,例如您购买的商品（订单号：$order_sn）已经发货请注意查收！快递号：$shoping_code',
  PRIMARY KEY (`ID`)
) ENGINE=InnoDB DEFAULT CHARSET=utf8 COMMENT='微信提醒';
/*!40101 SET character_set_client = @saved_cs_client */;

--
-- Dumping data for table `wechat_remind`
--

LOCK TABLES `wechat_remind` WRITE;
/*!40000 ALTER TABLE `wechat_remind` DISABLE KEYS */;
/*!40000 ALTER TABLE `wechat_remind` ENABLE KEYS */;
UNLOCK TABLES;
